contract_id,contract_version,source_sha256,year,city,cluster,wetland,value,scale,method
coastal-wetland-evidence-contract,1.0.0,a4cf9efdecf6735f87d398acc56604e66df26e62f1a2f1e96fafd7791aa3bcc6,2001,Beihai,BBG,Mangrove,6.40135069898897,spatial_unit,observed raw wetland area from authoritative panel
coastal-wetland-evidence-contract,1.0.0,a4cf9efdecf6735f87d398acc56604e66df26e62f1a2f1e96fafd7791aa3bcc6,2002,Beihai,BBG,Mangrove,6.22346910106082,spatial_unit,observed raw wetland area from authoritative panel
coastal-wetland-evidence-contract,1.0.0,a4cf9efdecf6735f87d398acc56604e66df26e62f1a2f1e96fafd7791aa3bcc6,2003,Beihai,BBG,Mangrove,6.61252021375612,spatial_unit,observed raw wetland area from authoritative panel
coastal-wetland-evidence-contract,1.0.0,a4cf9efdecf6735f87d398acc56604e66df26e62f1a2f1e96fafd7791aa3bcc6,2004,Beihai,BBG,Mangrove,7.40772871416207,spatial_unit,observed raw wetland area from authoritative panel
coastal-wetland-evidence-contract,1.0.0,a4cf9efdecf6735f87d398acc56604e66df26e62f1a2f1e96fafd7791aa3bcc6,2005,Beihai,BBG,Mangrove,7.71583435032935,spatial_unit,observed raw wetland area from authoritative panel
coastal-wetland-evidence-contract,1.0.0,a4cf9efdecf6735f87d398acc56604e66df26e62f1a2f1e96fafd7791aa3bcc6,2006,Beihai,BBG,Mangrove,8.12139042558976,spatial_unit,observed raw wetland area from authoritative panel
coastal-wetland-evidence-contract,1.0.0,a4cf9efdecf6735f87d398acc56604e66df26e62f1a2f1e96fafd7791aa3bcc6,2007,Beihai,BBG,Mangrove,8.40068959542738,spatial_unit,observed raw wetland area from authoritative panel
coastal-wetland-evidence-contract,1.0.0,a4cf9efdecf6735f87d398acc56604e66df26e62f1a2f1e96fafd7791aa3bcc6,2008,Beihai,BBG,Mangrove,8.11549476511948,spatial_unit,observed raw wetland area from authoritative panel
coastal-wetland-evidence-contract,1.0.0,a4cf9efdecf6735f87d398acc56604e66df26e62f1a2f1e96fafd7791aa3bcc6,2009,Beihai,BBG,Mangrove,8.24552218487668,spatial_unit,observed raw wetland area from authoritative panel
coastal-wetland-evidence-contract,1.0.0,a4cf9efdecf6735f87d398acc56604e66df26e62f1a2f1e96fafd7791aa3bcc6,2010,Beihai,BBG,Mangrove,8.56069788736595,spatial_unit,observed raw wetland area from authoritative panel
coastal-wetland-evidence-contract,1.0.0,a4cf9efdecf6735f87d398acc56604e66df26e62f1a2f1e96fafd7791aa3bcc6,2011,Beihai,BBG,Mangrove,7.95583640656402,spatial_unit,observed raw wetland area from authoritative panel
coastal-wetland-evidence-contract,1.0.0,a4cf9efdecf6735f87d398acc56604e66df26e62f1a2f1e96fafd7791aa3bcc6,2012,Beihai,BBG,Mangrove,8.57930173473881,spatial_unit,observed raw wetland area from authoritative panel
coastal-wetland-evidence-contract,1.0.0,a4cf9efdecf6735f87d398acc56604e66df26e62f1a2f1e96fafd7791aa3bcc6,2013,Beihai,BBG,Mangrove,8.14283245609298,spatial_unit,observed raw wetland area from authoritative panel
coastal-wetland-evidence-contract,1.0.0,a4cf9efdecf6735f87d398acc56604e66df26e62f1a2f1e96fafd7791aa3bcc6,2014,Beihai,BBG,Mangrove,7.74478825413219,spatial_unit,observed raw wetland area from authoritative panel
coastal-wetland-evidence-contract,1.0.0,a4cf9efdecf6735f87d398acc56604e66df26e62f1a2f1e96fafd7791aa3bcc6,2015,Beihai,BBG,Mangrove,7.95267073360523,spatial_unit,observed raw wetland area from authoritative panel
coastal-wetland-evidence-contract,1.0.0,a4cf9efdecf6735f87d398acc56604e66df26e62f1a2f1e96fafd7791aa3bcc6,2016,Beihai,BBG,Mangrove,8.09830219173942,spatial_unit,observed raw wetland area from authoritative panel
coastal-wetland-evidence-contract,1.0.0,a4cf9efdecf6735f87d398acc56604e66df26e62f1a2f1e96fafd7791aa3bcc6,2017,Beihai,BBG,Mangrove,8.02163039892003,spatial_unit,observed raw wetland area from authoritative panel
coastal-wetland-evidence-contract,1.0.0,a4cf9efdecf6735f87d398acc56604e66df26e62f1a2f1e96fafd7791aa3bcc6,2018,Beihai,BBG,Mangrove,8.28788956844362,spatial_unit,observed raw wetland area from authoritative panel
coastal-wetland-evidence-contract,1.0.0,a4cf9efdecf6735f87d398acc56604e66df26e62f1a2f1e96fafd7791aa3bcc6,2019,Beihai,BBG,Mangrove,7.93063024063648,spatial_unit,observed raw wetland area from authoritative panel
coastal-wetland-evidence-contract,1.0.0,a4cf9efdecf6735f87d398acc56604e66df26e62f1a2f1e96fafd7791aa3bcc6,2020,Beihai,BBG,Mangrove,7.85059867021292,spatial_unit,observed raw wetland area from authoritative panel
coastal-wetland-evidence-contract,1.0.0,a4cf9efdecf6735f87d398acc56604e66df26e62f1a2f1e96fafd7791aa3bcc6,2021,Beihai,BBG,Mangrove,7.75619179224111,spatial_unit,observed raw wetland area from authoritative panel
coastal-wetland-evidence-contract,1.0.0,a4cf9efdecf6735f87d398acc56604e66df26e62f1a2f1e96fafd7791aa3bcc6,2022,Beihai,BBG,Mangrove,8.34520526822916,spatial_unit,observed raw wetland area from authoritative panel
coastal-wetland-evidence-contract,1.0.0,a4cf9efdecf6735f87d398acc56604e66df26e62f1a2f1e96fafd7791aa3bcc6,2001,Fangchenggang,BBG,Mangrove,8.70754180670954,spatial_unit,observed raw wetland area from authoritative panel
coastal-wetland-evidence-contract,1.0.0,a4cf9efdecf6735f87d398acc56604e66df26e62f1a2f1e96fafd7791aa3bcc6,2002,Fangchenggang,BBG,Mangrove,8.70925629375764,spatial_unit,observed raw wetland area from authoritative panel
coastal-wetland-evidence-contract,1.0.0,a4cf9efdecf6735f87d398acc56604e66df26e62f1a2f1e96fafd7791aa3bcc6,2003,Fangchenggang,BBG,Mangrove,9.68445887923175,spatial_unit,observed raw wetland area from authoritative panel
coastal-wetland-evidence-contract,1.0.0,a4cf9efdecf6735f87d398acc56604e66df26e62f1a2f1e96fafd7791aa3bcc6,2004,Fangchenggang,BBG,Mangrove,10.7780415245826,spatial_unit,observed raw wetland area from authoritative panel
coastal-wetland-evidence-contract,1.0.0,a4cf9efdecf6735f87d398acc56604e66df26e62f1a2f1e96fafd7791aa3bcc6,2005,Fangchenggang,BBG,Mangrove,11.1184892507583,spatial_unit,observed raw wetland area from authoritative panel
coastal-wetland-evidence-contract,1.0.0,a4cf9efdecf6735f87d398acc56604e66df26e62f1a2f1e96fafd7791aa3bcc6,2006,Fangchenggang,BBG,Mangrove,10.9435546599495,spatial_unit,observed raw wetland area from authoritative panel
coastal-wetland-evidence-contract,1.0.0,a4cf9efdecf6735f87d398acc56604e66df26e62f1a2f1e96fafd7791aa3bcc6,2007,Fangchenggang,BBG,Mangrove,11.3185615438304,spatial_unit,observed raw wetland area from authoritative panel
coastal-wetland-evidence-contract,1.0.0,a4cf9efdecf6735f87d398acc56604e66df26e62f1a2f1e96fafd7791aa3bcc6,2008,Fangchenggang,BBG,Mangrove,11.417059268099,spatial_unit,observed raw wetland area from authoritative panel
coastal-wetland-evidence-contract,1.0.0,a4cf9efdecf6735f87d398acc56604e66df26e62f1a2f1e96fafd7791aa3bcc6,2009,Fangchenggang,BBG,Mangrove,11.6418203483073,spatial_unit,observed raw wetland area from authoritative panel
coastal-wetland-evidence-contract,1.0.0,a4cf9efdecf6735f87d398acc56604e66df26e62f1a2f1e96fafd7791aa3bcc6,2010,Fangchenggang,BBG,Mangrove,11.6197988899816,spatial_unit,observed raw wetland area from authoritative panel
coastal-wetland-evidence-contract,1.0.0,a4cf9efdecf6735f87d398acc56604e66df26e62f1a2f1e96fafd7791aa3bcc6,2011,Fangchenggang,BBG,Mangrove,11.3191128977597,spatial_unit,observed raw wetland area from authoritative panel
coastal-wetland-evidence-contract,1.0.0,a4cf9efdecf6735f87d398acc56604e66df26e62f1a2f1e96fafd7791aa3bcc6,2012,Fangchenggang,BBG,Mangrove,11.1383586803271,spatial_unit,observed raw wetland area from authoritative panel
coastal-wetland-evidence-contract,1.0.0,a4cf9efdecf6735f87d398acc56604e66df26e62f1a2f1e96fafd7791aa3bcc6,2013,Fangchenggang,BBG,Mangrove,11.1136732980124,spatial_unit,observed raw wetland area from authoritative panel
coastal-wetland-evidence-contract,1.0.0,a4cf9efdecf6735f87d398acc56604e66df26e62f1a2f1e96fafd7791aa3bcc6,2014,Fangchenggang,BBG,Mangrove,11.0133503688304,spatial_unit,observed raw wetland area from authoritative panel
coastal-wetland-evidence-contract,1.0.0,a4cf9efdecf6735f87d398acc56604e66df26e62f1a2f1e96fafd7791aa3bcc6,2015,Fangchenggang,BBG,Mangrove,11.3547867332874,spatial_unit,observed raw wetland area from authoritative panel
coastal-wetland-evidence-contract,1.0.0,a4cf9efdecf6735f87d398acc56604e66df26e62f1a2f1e96fafd7791aa3bcc6,2016,Fangchenggang,BBG,Mangrove,11.3111610664714,spatial_unit,observed raw wetland area from authoritative panel
coastal-wetland-evidence-contract,1.0.0,a4cf9efdecf6735f87d398acc56604e66df26e62f1a2f1e96fafd7791aa3bcc6,2017,Fangchenggang,BBG,Mangrove,11.4119145817785,spatial_unit,observed raw wetland area from authoritative panel
coastal-wetland-evidence-contract,1.0.0,a4cf9efdecf6735f87d398acc56604e66df26e62f1a2f1e96fafd7791aa3bcc6,2018,Fangchenggang,BBG,Mangrove,11.5490736872358,spatial_unit,observed raw wetland area from authoritative panel
coastal-wetland-evidence-contract,1.0.0,a4cf9efdecf6735f87d398acc56604e66df26e62f1a2f1e96fafd7791aa3bcc6,2019,Fangchenggang,BBG,Mangrove,11.6221824811658,spatial_unit,observed raw wetland area from authoritative panel
coastal-wetland-evidence-contract,1.0.0,a4cf9efdecf6735f87d398acc56604e66df26e62f1a2f1e96fafd7791aa3bcc6,2020,Fangchenggang,BBG,Mangrove,11.8383282489928,spatial_unit,observed raw wetland area from authoritative panel
coastal-wetland-evidence-contract,1.0.0,a4cf9efdecf6735f87d398acc56604e66df26e62f1a2f1e96fafd7791aa3bcc6,2021,Fangchenggang,BBG,Mangrove,11.9644083035961,spatial_unit,observed raw wetland area from authoritative panel
coastal-wetland-evidence-contract,1.0.0,a4cf9efdecf6735f87d398acc56604e66df26e62f1a2f1e96fafd7791aa3bcc6,2022,Fangchenggang,BBG,Mangrove,12.9324367515817,spatial_unit,observed raw wetland area from authoritative panel
coastal-wetland-evidence-contract,1.0.0,a4cf9efdecf6735f87d398acc56604e66df26e62f1a2f1e96fafd7791aa3bcc6,2001,Hainan_Sheng,BBG,Mangrove,35.3288400806333,spatial_unit,observed raw wetland area from authoritative panel
coastal-wetland-evidence-contract,1.0.0,a4cf9efdecf6735f87d398acc56604e66df26e62f1a2f1e96fafd7791aa3bcc6,2002,Hainan_Sheng,BBG,Mangrove,35.8320939019453,spatial_unit,observed raw wetland area from authoritative panel
coastal-wetland-evidence-contract,1.0.0,a4cf9efdecf6735f87d398acc56604e66df26e62f1a2f1e96fafd7791aa3bcc6,2003,Hainan_Sheng,BBG,Mangrove,35.7998861000879,spatial_unit,observed raw wetland area from authoritative panel
coastal-wetland-evidence-contract,1.0.0,a4cf9efdecf6735f87d398acc56604e66df26e62f1a2f1e96fafd7791aa3bcc6,2004,Hainan_Sheng,BBG,Mangrove,35.3463434932329,spatial_unit,observed raw wetland area from authoritative panel
coastal-wetland-evidence-contract,1.0.0,a4cf9efdecf6735f87d398acc56604e66df26e62f1a2f1e96fafd7791aa3bcc6,2005,Hainan_Sheng,BBG,Mangrove,34.4637858716719,spatial_unit,observed raw wetland area from authoritative panel
coastal-wetland-evidence-contract,1.0.0,a4cf9efdecf6735f87d398acc56604e66df26e62f1a2f1e96fafd7791aa3bcc6,2006,Hainan_Sheng,BBG,Mangrove,34.7586763610561,spatial_unit,observed raw wetland area from authoritative panel
coastal-wetland-evidence-contract,1.0.0,a4cf9efdecf6735f87d398acc56604e66df26e62f1a2f1e96fafd7791aa3bcc6,2007,Hainan_Sheng,BBG,Mangrove,34.5510205489888,spatial_unit,observed raw wetland area from authoritative panel
coastal-wetland-evidence-contract,1.0.0,a4cf9efdecf6735f87d398acc56604e66df26e62f1a2f1e96fafd7791aa3bcc6,2008,Hainan_Sheng,BBG,Mangrove,34.2909168209136,spatial_unit,observed raw wetland area from authoritative panel
coastal-wetland-evidence-contract,1.0.0,a4cf9efdecf6735f87d398acc56604e66df26e62f1a2f1e96fafd7791aa3bcc6,2009,Hainan_Sheng,BBG,Mangrove,34.8319233239007,spatial_unit,observed raw wetland area from authoritative panel
coastal-wetland-evidence-contract,1.0.0,a4cf9efdecf6735f87d398acc56604e66df26e62f1a2f1e96fafd7791aa3bcc6,2010,Hainan_Sheng,BBG,Mangrove,34.5743780048329,spatial_unit,observed raw wetland area from authoritative panel
coastal-wetland-evidence-contract,1.0.0,a4cf9efdecf6735f87d398acc56604e66df26e62f1a2f1e96fafd7791aa3bcc6,2011,Hainan_Sheng,BBG,Mangrove,34.9481716316251,spatial_unit,observed raw wetland area from authoritative panel
coastal-wetland-evidence-contract,1.0.0,a4cf9efdecf6735f87d398acc56604e66df26e62f1a2f1e96fafd7791aa3bcc6,2012,Hainan_Sheng,BBG,Mangrove,35.3762035027073,spatial_unit,observed raw wetland area from authoritative panel
coastal-wetland-evidence-contract,1.0.0,a4cf9efdecf6735f87d398acc56604e66df26e62f1a2f1e96fafd7791aa3bcc6,2013,Hainan_Sheng,BBG,Mangrove,35.3833603508845,spatial_unit,observed raw wetland area from authoritative panel
coastal-wetland-evidence-contract,1.0.0,a4cf9efdecf6735f87d398acc56604e66df26e62f1a2f1e96fafd7791aa3bcc6,2014,Hainan_Sheng,BBG,Mangrove,35.2344380917776,spatial_unit,observed raw wetland area from authoritative panel
coastal-wetland-evidence-contract,1.0.0,a4cf9efdecf6735f87d398acc56604e66df26e62f1a2f1e96fafd7791aa3bcc6,2015,Hainan_Sheng,BBG,Mangrove,35.3703013149623,spatial_unit,observed raw wetland area from authoritative panel
coastal-wetland-evidence-contract,1.0.0,a4cf9efdecf6735f87d398acc56604e66df26e62f1a2f1e96fafd7791aa3bcc6,2016,Hainan_Sheng,BBG,Mangrove,35.6946285755015,spatial_unit,observed raw wetland area from authoritative panel
coastal-wetland-evidence-contract,1.0.0,a4cf9efdecf6735f87d398acc56604e66df26e62f1a2f1e96fafd7791aa3bcc6,2017,Hainan_Sheng,BBG,Mangrove,36.0098700589343,spatial_unit,observed raw wetland area from authoritative panel
coastal-wetland-evidence-contract,1.0.0,a4cf9efdecf6735f87d398acc56604e66df26e62f1a2f1e96fafd7791aa3bcc6,2018,Hainan_Sheng,BBG,Mangrove,36.9906129318778,spatial_unit,observed raw wetland area from authoritative panel
coastal-wetland-evidence-contract,1.0.0,a4cf9efdecf6735f87d398acc56604e66df26e62f1a2f1e96fafd7791aa3bcc6,2019,Hainan_Sheng,BBG,Mangrove,36.0031002434549,spatial_unit,observed raw wetland area from authoritative panel
coastal-wetland-evidence-contract,1.0.0,a4cf9efdecf6735f87d398acc56604e66df26e62f1a2f1e96fafd7791aa3bcc6,2020,Hainan_Sheng,BBG,Mangrove,35.3205176867722,spatial_unit,observed raw wetland area from authoritative panel
coastal-wetland-evidence-contract,1.0.0,a4cf9efdecf6735f87d398acc56604e66df26e62f1a2f1e96fafd7791aa3bcc6,2021,Hainan_Sheng,BBG,Mangrove,35.7319734044422,spatial_unit,observed raw wetland area from authoritative panel
coastal-wetland-evidence-contract,1.0.0,a4cf9efdecf6735f87d398acc56604e66df26e62f1a2f1e96fafd7791aa3bcc6,2022,Hainan_Sheng,BBG,Mangrove,36.0768131744904,spatial_unit,observed raw wetland area from authoritative panel
coastal-wetland-evidence-contract,1.0.0,a4cf9efdecf6735f87d398acc56604e66df26e62f1a2f1e96fafd7791aa3bcc6,2001,Maoming,BBG,Mangrove,0.192847119466146,spatial_unit,observed raw wetland area from authoritative panel
coastal-wetland-evidence-contract,1.0.0,a4cf9efdecf6735f87d398acc56604e66df26e62f1a2f1e96fafd7791aa3bcc6,2002,Maoming,BBG,Mangrove,0.16673613404182,spatial_unit,observed raw wetland area from authoritative panel
coastal-wetland-evidence-contract,1.0.0,a4cf9efdecf6735f87d398acc56604e66df26e62f1a2f1e96fafd7791aa3bcc6,2003,Maoming,BBG,Mangrove,0.163210416241575,spatial_unit,observed raw wetland area from authoritative panel
coastal-wetland-evidence-contract,1.0.0,a4cf9efdecf6735f87d398acc56604e66df26e62f1a2f1e96fafd7791aa3bcc6,2004,Maoming,BBG,Mangrove,0.14219056573606,spatial_unit,observed raw wetland area from authoritative panel
coastal-wetland-evidence-contract,1.0.0,a4cf9efdecf6735f87d398acc56604e66df26e62f1a2f1e96fafd7791aa3bcc6,2005,Maoming,BBG,Mangrove,0.172286665820313,spatial_unit,observed raw wetland area from authoritative panel
coastal-wetland-evidence-contract,1.0.0,a4cf9efdecf6735f87d398acc56604e66df26e62f1a2f1e96fafd7791aa3bcc6,2006,Maoming,BBG,Mangrove,0.118507390310968,spatial_unit,observed raw wetland area from authoritative panel
coastal-wetland-evidence-contract,1.0.0,a4cf9efdecf6735f87d398acc56604e66df26e62f1a2f1e96fafd7791aa3bcc6,2007,Maoming,BBG,Mangrove,0.121562782869945,spatial_unit,observed raw wetland area from authoritative panel
coastal-wetland-evidence-contract,1.0.0,a4cf9efdecf6735f87d398acc56604e66df26e62f1a2f1e96fafd7791aa3bcc6,2008,Maoming,BBG,Mangrove,0.0836222566214767,spatial_unit,observed raw wetland area from authoritative panel
coastal-wetland-evidence-contract,1.0.0,a4cf9efdecf6735f87d398acc56604e66df26e62f1a2f1e96fafd7791aa3bcc6,2009,Maoming,BBG,Mangrove,0.116146603630515,spatial_unit,observed raw wetland area from authoritative panel
coastal-wetland-evidence-contract,1.0.0,a4cf9efdecf6735f87d398acc56604e66df26e62f1a2f1e96fafd7791aa3bcc6,2010,Maoming,BBG,Mangrove,0.126787043941483,spatial_unit,observed raw wetland area from authoritative panel
coastal-wetland-evidence-contract,1.0.0,a4cf9efdecf6735f87d398acc56604e66df26e62f1a2f1e96fafd7791aa3bcc6,2011,Maoming,BBG,Mangrove,0.118000521480545,spatial_unit,observed raw wetland area from authoritative panel
coastal-wetland-evidence-contract,1.0.0,a4cf9efdecf6735f87d398acc56604e66df26e62f1a2f1e96fafd7791aa3bcc6,2012,Maoming,BBG,Mangrove,0.112957898590686,spatial_unit,observed raw wetland area from authoritative panel
coastal-wetland-evidence-contract,1.0.0,a4cf9efdecf6735f87d398acc56604e66df26e62f1a2f1e96fafd7791aa3bcc6,2013,Maoming,BBG,Mangrove,0.191336405013021,spatial_unit,observed raw wetland area from authoritative panel
coastal-wetland-evidence-contract,1.0.0,a4cf9efdecf6735f87d398acc56604e66df26e62f1a2f1e96fafd7791aa3bcc6,2014,Maoming,BBG,Mangrove,0.139755971078431,spatial_unit,observed raw wetland area from authoritative panel
coastal-wetland-evidence-contract,1.0.0,a4cf9efdecf6735f87d398acc56604e66df26e62f1a2f1e96fafd7791aa3bcc6,2015,Maoming,BBG,Mangrove,0.140040600007659,spatial_unit,observed raw wetland area from authoritative panel
coastal-wetland-evidence-contract,1.0.0,a4cf9efdecf6735f87d398acc56604e66df26e62f1a2f1e96fafd7791aa3bcc6,2016,Maoming,BBG,Mangrove,0.146428322863051,spatial_unit,observed raw wetland area from authoritative panel
coastal-wetland-evidence-contract,1.0.0,a4cf9efdecf6735f87d398acc56604e66df26e62f1a2f1e96fafd7791aa3bcc6,2017,Maoming,BBG,Mangrove,0.12468119943704,spatial_unit,observed raw wetland area from authoritative panel
coastal-wetland-evidence-contract,1.0.0,a4cf9efdecf6735f87d398acc56604e66df26e62f1a2f1e96fafd7791aa3bcc6,2018,Maoming,BBG,Mangrove,0.139858812787224,spatial_unit,observed raw wetland area from authoritative panel
coastal-wetland-evidence-contract,1.0.0,a4cf9efdecf6735f87d398acc56604e66df26e62f1a2f1e96fafd7791aa3bcc6,2019,Maoming,BBG,Mangrove,0.138006517984069,spatial_unit,observed raw wetland area from authoritative panel
coastal-wetland-evidence-contract,1.0.0,a4cf9efdecf6735f87d398acc56604e66df26e62f1a2f1e96fafd7791aa3bcc6,2020,Maoming,BBG,Mangrove,0.112079666302849,spatial_unit,observed raw wetland area from authoritative panel
coastal-wetland-evidence-contract,1.0.0,a4cf9efdecf6735f87d398acc56604e66df26e62f1a2f1e96fafd7791aa3bcc6,2021,Maoming,BBG,Mangrove,0.115896513890165,spatial_unit,observed raw wetland area from authoritative panel
coastal-wetland-evidence-contract,1.0.0,a4cf9efdecf6735f87d398acc56604e66df26e62f1a2f1e96fafd7791aa3bcc6,2022,Maoming,BBG,Mangrove,0.11763820167739,spatial_unit,observed raw wetland area from authoritative panel
coastal-wetland-evidence-contract,1.0.0,a4cf9efdecf6735f87d398acc56604e66df26e62f1a2f1e96fafd7791aa3bcc6,2001,Qinzhou,BBG,Mangrove,7.57313423558134,spatial_unit,observed raw wetland area from authoritative panel
coastal-wetland-evidence-contract,1.0.0,a4cf9efdecf6735f87d398acc56604e66df26e62f1a2f1e96fafd7791aa3bcc6,2002,Qinzhou,BBG,Mangrove,7.30025632786075,spatial_unit,observed raw wetland area from authoritative panel
coastal-wetland-evidence-contract,1.0.0,a4cf9efdecf6735f87d398acc56604e66df26e62f1a2f1e96fafd7791aa3bcc6,2003,Qinzhou,BBG,Mangrove,8.20260432522977,spatial_unit,observed raw wetland area from authoritative panel
coastal-wetland-evidence-contract,1.0.0,a4cf9efdecf6735f87d398acc56604e66df26e62f1a2f1e96fafd7791aa3bcc6,2004,Qinzhou,BBG,Mangrove,9.7752351978554,spatial_unit,observed raw wetland area from authoritative panel
coastal-wetland-evidence-contract,1.0.0,a4cf9efdecf6735f87d398acc56604e66df26e62f1a2f1e96fafd7791aa3bcc6,2005,Qinzhou,BBG,Mangrove,9.65413802361366,spatial_unit,observed raw wetland area from authoritative panel
coastal-wetland-evidence-contract,1.0.0,a4cf9efdecf6735f87d398acc56604e66df26e62f1a2f1e96fafd7791aa3bcc6,2006,Qinzhou,BBG,Mangrove,9.579973494447,spatial_unit,observed raw wetland area from authoritative panel
coastal-wetland-evidence-contract,1.0.0,a4cf9efdecf6735f87d398acc56604e66df26e62f1a2f1e96fafd7791aa3bcc6,2007,Qinzhou,BBG,Mangrove,10.2070543218788,spatial_unit,observed raw wetland area from authoritative panel
coastal-wetland-evidence-contract,1.0.0,a4cf9efdecf6735f87d398acc56604e66df26e62f1a2f1e96fafd7791aa3bcc6,2008,Qinzhou,BBG,Mangrove,11.0560358076823,spatial_unit,observed raw wetland area from authoritative panel
coastal-wetland-evidence-contract,1.0.0,a4cf9efdecf6735f87d398acc56604e66df26e62f1a2f1e96fafd7791aa3bcc6,2009,Qinzhou,BBG,Mangrove,11.9037018911152,spatial_unit,observed raw wetland area from authoritative panel
coastal-wetland-evidence-contract,1.0.0,a4cf9efdecf6735f87d398acc56604e66df26e62f1a2f1e96fafd7791aa3bcc6,2010,Qinzhou,BBG,Mangrove,12.2313256538527,spatial_unit,observed raw wetland area from authoritative panel
coastal-wetland-evidence-contract,1.0.0,a4cf9efdecf6735f87d398acc56604e66df26e62f1a2f1e96fafd7791aa3bcc6,2011,Qinzhou,BBG,Mangrove,11.3964894431602,spatial_unit,observed raw wetland area from authoritative panel
coastal-wetland-evidence-contract,1.0.0,a4cf9efdecf6735f87d398acc56604e66df26e62f1a2f1e96fafd7791aa3bcc6,2012,Qinzhou,BBG,Mangrove,11.9857795173713,spatial_unit,observed raw wetland area from authoritative panel
coastal-wetland-evidence-contract,1.0.0,a4cf9efdecf6735f87d398acc56604e66df26e62f1a2f1e96fafd7791aa3bcc6,2013,Qinzhou,BBG,Mangrove,13.2487168645067,spatial_unit,observed raw wetland area from authoritative panel
coastal-wetland-evidence-contract,1.0.0,a4cf9efdecf6735f87d398acc56604e66df26e62f1a2f1e96fafd7791aa3bcc6,2014,Qinzhou,BBG,Mangrove,13.4863111304802,spatial_unit,observed raw wetland area from authoritative panel
coastal-wetland-evidence-contract,1.0.0,a4cf9efdecf6735f87d398acc56604e66df26e62f1a2f1e96fafd7791aa3bcc6,2015,Qinzhou,BBG,Mangrove,14.9814337342754,spatial_unit,observed raw wetland area from authoritative panel
coastal-wetland-evidence-contract,1.0.0,a4cf9efdecf6735f87d398acc56604e66df26e62f1a2f1e96fafd7791aa3bcc6,2016,Qinzhou,BBG,Mangrove,15.6975811081955,spatial_unit,observed raw wetland area from authoritative panel
coastal-wetland-evidence-contract,1.0.0,a4cf9efdecf6735f87d398acc56604e66df26e62f1a2f1e96fafd7791aa3bcc6,2017,Qinzhou,BBG,Mangrove,15.6375521851601,spatial_unit,observed raw wetland area from authoritative panel
coastal-wetland-evidence-contract,1.0.0,a4cf9efdecf6735f87d398acc56604e66df26e62f1a2f1e96fafd7791aa3bcc6,2018,Qinzhou,BBG,Mangrove,16.7416949087469,spatial_unit,observed raw wetland area from authoritative panel
coastal-wetland-evidence-contract,1.0.0,a4cf9efdecf6735f87d398acc56604e66df26e62f1a2f1e96fafd7791aa3bcc6,2019,Qinzhou,BBG,Mangrove,17.6440190809206,spatial_unit,observed raw wetland area from authoritative panel
coastal-wetland-evidence-contract,1.0.0,a4cf9efdecf6735f87d398acc56604e66df26e62f1a2f1e96fafd7791aa3bcc6,2020,Qinzhou,BBG,Mangrove,18.2567266470703,spatial_unit,observed raw wetland area from authoritative panel
coastal-wetland-evidence-contract,1.0.0,a4cf9efdecf6735f87d398acc56604e66df26e62f1a2f1e96fafd7791aa3bcc6,2021,Qinzhou,BBG,Mangrove,18.2893152468635,spatial_unit,observed raw wetland area from authoritative panel
coastal-wetland-evidence-contract,1.0.0,a4cf9efdecf6735f87d398acc56604e66df26e62f1a2f1e96fafd7791aa3bcc6,2022,Qinzhou,BBG,Mangrove,18.6333216329427,spatial_unit,observed raw wetland area from authoritative panel
coastal-wetland-evidence-contract,1.0.0,a4cf9efdecf6735f87d398acc56604e66df26e62f1a2f1e96fafd7791aa3bcc6,2001,Yangjiang,BBG,Mangrove,8.70418819839152,spatial_unit,observed raw wetland area from authoritative panel
coastal-wetland-evidence-contract,1.0.0,a4cf9efdecf6735f87d398acc56604e66df26e62f1a2f1e96fafd7791aa3bcc6,2002,Yangjiang,BBG,Mangrove,8.28176029860598,spatial_unit,observed raw wetland area from authoritative panel
coastal-wetland-evidence-contract,1.0.0,a4cf9efdecf6735f87d398acc56604e66df26e62f1a2f1e96fafd7791aa3bcc6,2003,Yangjiang,BBG,Mangrove,8.47957347212392,spatial_unit,observed raw wetland area from authoritative panel
coastal-wetland-evidence-contract,1.0.0,a4cf9efdecf6735f87d398acc56604e66df26e62f1a2f1e96fafd7791aa3bcc6,2004,Yangjiang,BBG,Mangrove,7.77024971642155,spatial_unit,observed raw wetland area from authoritative panel
coastal-wetland-evidence-contract,1.0.0,a4cf9efdecf6735f87d398acc56604e66df26e62f1a2f1e96fafd7791aa3bcc6,2005,Yangjiang,BBG,Mangrove,8.48414145737974,spatial_unit,observed raw wetland area from authoritative panel
coastal-wetland-evidence-contract,1.0.0,a4cf9efdecf6735f87d398acc56604e66df26e62f1a2f1e96fafd7791aa3bcc6,2006,Yangjiang,BBG,Mangrove,8.64100579134498,spatial_unit,observed raw wetland area from authoritative panel
coastal-wetland-evidence-contract,1.0.0,a4cf9efdecf6735f87d398acc56604e66df26e62f1a2f1e96fafd7791aa3bcc6,2007,Yangjiang,BBG,Mangrove,8.09378186723343,spatial_unit,observed raw wetland area from authoritative panel
coastal-wetland-evidence-contract,1.0.0,a4cf9efdecf6735f87d398acc56604e66df26e62f1a2f1e96fafd7791aa3bcc6,2008,Yangjiang,BBG,Mangrove,7.88238858204655,spatial_unit,observed raw wetland area from authoritative panel
coastal-wetland-evidence-contract,1.0.0,a4cf9efdecf6735f87d398acc56604e66df26e62f1a2f1e96fafd7791aa3bcc6,2009,Yangjiang,BBG,Mangrove,7.71751158475029,spatial_unit,observed raw wetland area from authoritative panel
coastal-wetland-evidence-contract,1.0.0,a4cf9efdecf6735f87d398acc56604e66df26e62f1a2f1e96fafd7791aa3bcc6,2010,Yangjiang,BBG,Mangrove,7.76831676067707,spatial_unit,observed raw wetland area from authoritative panel
coastal-wetland-evidence-contract,1.0.0,a4cf9efdecf6735f87d398acc56604e66df26e62f1a2f1e96fafd7791aa3bcc6,2011,Yangjiang,BBG,Mangrove,7.8451062970971,spatial_unit,observed raw wetland area from authoritative panel
coastal-wetland-evidence-contract,1.0.0,a4cf9efdecf6735f87d398acc56604e66df26e62f1a2f1e96fafd7791aa3bcc6,2012,Yangjiang,BBG,Mangrove,8.39298670028337,spatial_unit,observed raw wetland area from authoritative panel
coastal-wetland-evidence-contract,1.0.0,a4cf9efdecf6735f87d398acc56604e66df26e62f1a2f1e96fafd7791aa3bcc6,2013,Yangjiang,BBG,Mangrove,8.80571650166207,spatial_unit,observed raw wetland area from authoritative panel
coastal-wetland-evidence-contract,1.0.0,a4cf9efdecf6735f87d398acc56604e66df26e62f1a2f1e96fafd7791aa3bcc6,2014,Yangjiang,BBG,Mangrove,8.50506356376378,spatial_unit,observed raw wetland area from authoritative panel
coastal-wetland-evidence-contract,1.0.0,a4cf9efdecf6735f87d398acc56604e66df26e62f1a2f1e96fafd7791aa3bcc6,2015,Yangjiang,BBG,Mangrove,8.50107376951975,spatial_unit,observed raw wetland area from authoritative panel
coastal-wetland-evidence-contract,1.0.0,a4cf9efdecf6735f87d398acc56604e66df26e62f1a2f1e96fafd7791aa3bcc6,2016,Yangjiang,BBG,Mangrove,8.64196269384573,spatial_unit,observed raw wetland area from authoritative panel
coastal-wetland-evidence-contract,1.0.0,a4cf9efdecf6735f87d398acc56604e66df26e62f1a2f1e96fafd7791aa3bcc6,2017,Yangjiang,BBG,Mangrove,8.4770696361711,spatial_unit,observed raw wetland area from authoritative panel
coastal-wetland-evidence-contract,1.0.0,a4cf9efdecf6735f87d398acc56604e66df26e62f1a2f1e96fafd7791aa3bcc6,2018,Yangjiang,BBG,Mangrove,9.08649803258655,spatial_unit,observed raw wetland area from authoritative panel
coastal-wetland-evidence-contract,1.0.0,a4cf9efdecf6735f87d398acc56604e66df26e62f1a2f1e96fafd7791aa3bcc6,2019,Yangjiang,BBG,Mangrove,9.07273752407705,spatial_unit,observed raw wetland area from authoritative panel
coastal-wetland-evidence-contract,1.0.0,a4cf9efdecf6735f87d398acc56604e66df26e62f1a2f1e96fafd7791aa3bcc6,2020,Yangjiang,BBG,Mangrove,8.90489784239815,spatial_unit,observed raw wetland area from authoritative panel
coastal-wetland-evidence-contract,1.0.0,a4cf9efdecf6735f87d398acc56604e66df26e62f1a2f1e96fafd7791aa3bcc6,2021,Yangjiang,BBG,Mangrove,8.46320914226025,spatial_unit,observed raw wetland area from authoritative panel
coastal-wetland-evidence-contract,1.0.0,a4cf9efdecf6735f87d398acc56604e66df26e62f1a2f1e96fafd7791aa3bcc6,2022,Yangjiang,BBG,Mangrove,8.98104534415595,spatial_unit,observed raw wetland area from authoritative panel
coastal-wetland-evidence-contract,1.0.0,a4cf9efdecf6735f87d398acc56604e66df26e62f1a2f1e96fafd7791aa3bcc6,2001,Zhanjiang,BBG,Mangrove,41.2005175529335,spatial_unit,observed raw wetland area from authoritative panel
coastal-wetland-evidence-contract,1.0.0,a4cf9efdecf6735f87d398acc56604e66df26e62f1a2f1e96fafd7791aa3bcc6,2002,Zhanjiang,BBG,Mangrove,39.2625595047182,spatial_unit,observed raw wetland area from authoritative panel
coastal-wetland-evidence-contract,1.0.0,a4cf9efdecf6735f87d398acc56604e66df26e62f1a2f1e96fafd7791aa3bcc6,2003,Zhanjiang,BBG,Mangrove,39.7765764959407,spatial_unit,observed raw wetland area from authoritative panel
coastal-wetland-evidence-contract,1.0.0,a4cf9efdecf6735f87d398acc56604e66df26e62f1a2f1e96fafd7791aa3bcc6,2004,Zhanjiang,BBG,Mangrove,40.3934608947994,spatial_unit,observed raw wetland area from authoritative panel
coastal-wetland-evidence-contract,1.0.0,a4cf9efdecf6735f87d398acc56604e66df26e62f1a2f1e96fafd7791aa3bcc6,2005,Zhanjiang,BBG,Mangrove,39.2895348590841,spatial_unit,observed raw wetland area from authoritative panel
coastal-wetland-evidence-contract,1.0.0,a4cf9efdecf6735f87d398acc56604e66df26e62f1a2f1e96fafd7791aa3bcc6,2006,Zhanjiang,BBG,Mangrove,38.8615763088428,spatial_unit,observed raw wetland area from authoritative panel
coastal-wetland-evidence-contract,1.0.0,a4cf9efdecf6735f87d398acc56604e66df26e62f1a2f1e96fafd7791aa3bcc6,2007,Zhanjiang,BBG,Mangrove,39.0416411082492,spatial_unit,observed raw wetland area from authoritative panel
coastal-wetland-evidence-contract,1.0.0,a4cf9efdecf6735f87d398acc56604e66df26e62f1a2f1e96fafd7791aa3bcc6,2008,Zhanjiang,BBG,Mangrove,36.8740399197994,spatial_unit,observed raw wetland area from authoritative panel
coastal-wetland-evidence-contract,1.0.0,a4cf9efdecf6735f87d398acc56604e66df26e62f1a2f1e96fafd7791aa3bcc6,2009,Zhanjiang,BBG,Mangrove,37.9866191237899,spatial_unit,observed raw wetland area from authoritative panel
coastal-wetland-evidence-contract,1.0.0,a4cf9efdecf6735f87d398acc56604e66df26e62f1a2f1e96fafd7791aa3bcc6,2010,Zhanjiang,BBG,Mangrove,38.4530479137983,spatial_unit,observed raw wetland area from authoritative panel
coastal-wetland-evidence-contract,1.0.0,a4cf9efdecf6735f87d398acc56604e66df26e62f1a2f1e96fafd7791aa3bcc6,2011,Zhanjiang,BBG,Mangrove,38.4506247309169,spatial_unit,observed raw wetland area from authoritative panel
coastal-wetland-evidence-contract,1.0.0,a4cf9efdecf6735f87d398acc56604e66df26e62f1a2f1e96fafd7791aa3bcc6,2012,Zhanjiang,BBG,Mangrove,39.9112227953011,spatial_unit,observed raw wetland area from authoritative panel
coastal-wetland-evidence-contract,1.0.0,a4cf9efdecf6735f87d398acc56604e66df26e62f1a2f1e96fafd7791aa3bcc6,2013,Zhanjiang,BBG,Mangrove,40.9880961594899,spatial_unit,observed raw wetland area from authoritative panel
coastal-wetland-evidence-contract,1.0.0,a4cf9efdecf6735f87d398acc56604e66df26e62f1a2f1e96fafd7791aa3bcc6,2014,Zhanjiang,BBG,Mangrove,40.3624098101946,spatial_unit,observed raw wetland area from authoritative panel
coastal-wetland-evidence-contract,1.0.0,a4cf9efdecf6735f87d398acc56604e66df26e62f1a2f1e96fafd7791aa3bcc6,2015,Zhanjiang,BBG,Mangrove,38.7835822733188,spatial_unit,observed raw wetland area from authoritative panel
coastal-wetland-evidence-contract,1.0.0,a4cf9efdecf6735f87d398acc56604e66df26e62f1a2f1e96fafd7791aa3bcc6,2016,Zhanjiang,BBG,Mangrove,38.6393515019799,spatial_unit,observed raw wetland area from authoritative panel
coastal-wetland-evidence-contract,1.0.0,a4cf9efdecf6735f87d398acc56604e66df26e62f1a2f1e96fafd7791aa3bcc6,2017,Zhanjiang,BBG,Mangrove,39.0938207655408,spatial_unit,observed raw wetland area from authoritative panel
coastal-wetland-evidence-contract,1.0.0,a4cf9efdecf6735f87d398acc56604e66df26e62f1a2f1e96fafd7791aa3bcc6,2018,Zhanjiang,BBG,Mangrove,40.2069669110179,spatial_unit,observed raw wetland area from authoritative panel
coastal-wetland-evidence-contract,1.0.0,a4cf9efdecf6735f87d398acc56604e66df26e62f1a2f1e96fafd7791aa3bcc6,2019,Zhanjiang,BBG,Mangrove,40.6524286765548,spatial_unit,observed raw wetland area from authoritative panel
coastal-wetland-evidence-contract,1.0.0,a4cf9efdecf6735f87d398acc56604e66df26e62f1a2f1e96fafd7791aa3bcc6,2020,Zhanjiang,BBG,Mangrove,40.3773055663871,spatial_unit,observed raw wetland area from authoritative panel
coastal-wetland-evidence-contract,1.0.0,a4cf9efdecf6735f87d398acc56604e66df26e62f1a2f1e96fafd7791aa3bcc6,2021,Zhanjiang,BBG,Mangrove,40.4766167956649,spatial_unit,observed raw wetland area from authoritative panel
coastal-wetland-evidence-contract,1.0.0,a4cf9efdecf6735f87d398acc56604e66df26e62f1a2f1e96fafd7791aa3bcc6,2022,Zhanjiang,BBG,Mangrove,41.936932796067,spatial_unit,observed raw wetland area from authoritative panel
coastal-wetland-evidence-contract,1.0.0,a4cf9efdecf6735f87d398acc56604e66df26e62f1a2f1e96fafd7791aa3bcc6,2001,Binzhou,BYS,Mangrove,0.0,spatial_unit,observed raw wetland area from authoritative panel
coastal-wetland-evidence-contract,1.0.0,a4cf9efdecf6735f87d398acc56604e66df26e62f1a2f1e96fafd7791aa3bcc6,2002,Binzhou,BYS,Mangrove,0.0,spatial_unit,observed raw wetland area from authoritative panel
coastal-wetland-evidence-contract,1.0.0,a4cf9efdecf6735f87d398acc56604e66df26e62f1a2f1e96fafd7791aa3bcc6,2003,Binzhou,BYS,Mangrove,0.0,spatial_unit,observed raw wetland area from authoritative panel
coastal-wetland-evidence-contract,1.0.0,a4cf9efdecf6735f87d398acc56604e66df26e62f1a2f1e96fafd7791aa3bcc6,2004,Binzhou,BYS,Mangrove,0.0,spatial_unit,observed raw wetland area from authoritative panel
coastal-wetland-evidence-contract,1.0.0,a4cf9efdecf6735f87d398acc56604e66df26e62f1a2f1e96fafd7791aa3bcc6,2005,Binzhou,BYS,Mangrove,0.0,spatial_unit,observed raw wetland area from authoritative panel
coastal-wetland-evidence-contract,1.0.0,a4cf9efdecf6735f87d398acc56604e66df26e62f1a2f1e96fafd7791aa3bcc6,2006,Binzhou,BYS,Mangrove,0.0,spatial_unit,observed raw wetland area from authoritative panel
coastal-wetland-evidence-contract,1.0.0,a4cf9efdecf6735f87d398acc56604e66df26e62f1a2f1e96fafd7791aa3bcc6,2007,Binzhou,BYS,Mangrove,0.0,spatial_unit,observed raw wetland area from authoritative panel
coastal-wetland-evidence-contract,1.0.0,a4cf9efdecf6735f87d398acc56604e66df26e62f1a2f1e96fafd7791aa3bcc6,2008,Binzhou,BYS,Mangrove,0.0,spatial_unit,observed raw wetland area from authoritative panel
coastal-wetland-evidence-contract,1.0.0,a4cf9efdecf6735f87d398acc56604e66df26e62f1a2f1e96fafd7791aa3bcc6,2009,Binzhou,BYS,Mangrove,0.0,spatial_unit,observed raw wetland area from authoritative panel
coastal-wetland-evidence-contract,1.0.0,a4cf9efdecf6735f87d398acc56604e66df26e62f1a2f1e96fafd7791aa3bcc6,2010,Binzhou,BYS,Mangrove,0.0,spatial_unit,observed raw wetland area from authoritative panel
coastal-wetland-evidence-contract,1.0.0,a4cf9efdecf6735f87d398acc56604e66df26e62f1a2f1e96fafd7791aa3bcc6,2011,Binzhou,BYS,Mangrove,0.0,spatial_unit,observed raw wetland area from authoritative panel
coastal-wetland-evidence-contract,1.0.0,a4cf9efdecf6735f87d398acc56604e66df26e62f1a2f1e96fafd7791aa3bcc6,2012,Binzhou,BYS,Mangrove,0.0,spatial_unit,observed raw wetland area from authoritative panel
coastal-wetland-evidence-contract,1.0.0,a4cf9efdecf6735f87d398acc56604e66df26e62f1a2f1e96fafd7791aa3bcc6,2013,Binzhou,BYS,Mangrove,0.0,spatial_unit,observed raw wetland area from authoritative panel
coastal-wetland-evidence-contract,1.0.0,a4cf9efdecf6735f87d398acc56604e66df26e62f1a2f1e96fafd7791aa3bcc6,2014,Binzhou,BYS,Mangrove,0.0,spatial_unit,observed raw wetland area from authoritative panel
coastal-wetland-evidence-contract,1.0.0,a4cf9efdecf6735f87d398acc56604e66df26e62f1a2f1e96fafd7791aa3bcc6,2015,Binzhou,BYS,Mangrove,0.0,spatial_unit,observed raw wetland area from authoritative panel
coastal-wetland-evidence-contract,1.0.0,a4cf9efdecf6735f87d398acc56604e66df26e62f1a2f1e96fafd7791aa3bcc6,2016,Binzhou,BYS,Mangrove,0.0,spatial_unit,observed raw wetland area from authoritative panel
coastal-wetland-evidence-contract,1.0.0,a4cf9efdecf6735f87d398acc56604e66df26e62f1a2f1e96fafd7791aa3bcc6,2017,Binzhou,BYS,Mangrove,0.0,spatial_unit,observed raw wetland area from authoritative panel
coastal-wetland-evidence-contract,1.0.0,a4cf9efdecf6735f87d398acc56604e66df26e62f1a2f1e96fafd7791aa3bcc6,2018,Binzhou,BYS,Mangrove,0.0,spatial_unit,observed raw wetland area from authoritative panel
coastal-wetland-evidence-contract,1.0.0,a4cf9efdecf6735f87d398acc56604e66df26e62f1a2f1e96fafd7791aa3bcc6,2019,Binzhou,BYS,Mangrove,0.0,spatial_unit,observed raw wetland area from authoritative panel
coastal-wetland-evidence-contract,1.0.0,a4cf9efdecf6735f87d398acc56604e66df26e62f1a2f1e96fafd7791aa3bcc6,2020,Binzhou,BYS,Mangrove,0.0,spatial_unit,observed raw wetland area from authoritative panel
coastal-wetland-evidence-contract,1.0.0,a4cf9efdecf6735f87d398acc56604e66df26e62f1a2f1e96fafd7791aa3bcc6,2021,Binzhou,BYS,Mangrove,0.0,spatial_unit,observed raw wetland area from authoritative panel
coastal-wetland-evidence-contract,1.0.0,a4cf9efdecf6735f87d398acc56604e66df26e62f1a2f1e96fafd7791aa3bcc6,2022,Binzhou,BYS,Mangrove,0.0,spatial_unit,observed raw wetland area from authoritative panel
coastal-wetland-evidence-contract,1.0.0,a4cf9efdecf6735f87d398acc56604e66df26e62f1a2f1e96fafd7791aa3bcc6,2001,Cangzhou,BYS,Mangrove,0.0,spatial_unit,observed raw wetland area from authoritative panel
coastal-wetland-evidence-contract,1.0.0,a4cf9efdecf6735f87d398acc56604e66df26e62f1a2f1e96fafd7791aa3bcc6,2002,Cangzhou,BYS,Mangrove,0.0,spatial_unit,observed raw wetland area from authoritative panel
coastal-wetland-evidence-contract,1.0.0,a4cf9efdecf6735f87d398acc56604e66df26e62f1a2f1e96fafd7791aa3bcc6,2003,Cangzhou,BYS,Mangrove,0.0,spatial_unit,observed raw wetland area from authoritative panel
coastal-wetland-evidence-contract,1.0.0,a4cf9efdecf6735f87d398acc56604e66df26e62f1a2f1e96fafd7791aa3bcc6,2004,Cangzhou,BYS,Mangrove,0.0,spatial_unit,observed raw wetland area from authoritative panel
coastal-wetland-evidence-contract,1.0.0,a4cf9efdecf6735f87d398acc56604e66df26e62f1a2f1e96fafd7791aa3bcc6,2005,Cangzhou,BYS,Mangrove,0.0,spatial_unit,observed raw wetland area from authoritative panel
coastal-wetland-evidence-contract,1.0.0,a4cf9efdecf6735f87d398acc56604e66df26e62f1a2f1e96fafd7791aa3bcc6,2006,Cangzhou,BYS,Mangrove,0.0,spatial_unit,observed raw wetland area from authoritative panel
coastal-wetland-evidence-contract,1.0.0,a4cf9efdecf6735f87d398acc56604e66df26e62f1a2f1e96fafd7791aa3bcc6,2007,Cangzhou,BYS,Mangrove,0.0,spatial_unit,observed raw wetland area from authoritative panel
coastal-wetland-evidence-contract,1.0.0,a4cf9efdecf6735f87d398acc56604e66df26e62f1a2f1e96fafd7791aa3bcc6,2008,Cangzhou,BYS,Mangrove,0.0,spatial_unit,observed raw wetland area from authoritative panel
coastal-wetland-evidence-contract,1.0.0,a4cf9efdecf6735f87d398acc56604e66df26e62f1a2f1e96fafd7791aa3bcc6,2009,Cangzhou,BYS,Mangrove,0.0,spatial_unit,observed raw wetland area from authoritative panel
coastal-wetland-evidence-contract,1.0.0,a4cf9efdecf6735f87d398acc56604e66df26e62f1a2f1e96fafd7791aa3bcc6,2010,Cangzhou,BYS,Mangrove,0.0,spatial_unit,observed raw wetland area from authoritative panel
coastal-wetland-evidence-contract,1.0.0,a4cf9efdecf6735f87d398acc56604e66df26e62f1a2f1e96fafd7791aa3bcc6,2011,Cangzhou,BYS,Mangrove,0.0,spatial_unit,observed raw wetland area from authoritative panel
coastal-wetland-evidence-contract,1.0.0,a4cf9efdecf6735f87d398acc56604e66df26e62f1a2f1e96fafd7791aa3bcc6,2012,Cangzhou,BYS,Mangrove,0.0,spatial_unit,observed raw wetland area from authoritative panel
coastal-wetland-evidence-contract,1.0.0,a4cf9efdecf6735f87d398acc56604e66df26e62f1a2f1e96fafd7791aa3bcc6,2013,Cangzhou,BYS,Mangrove,0.0,spatial_unit,observed raw wetland area from authoritative panel
coastal-wetland-evidence-contract,1.0.0,a4cf9efdecf6735f87d398acc56604e66df26e62f1a2f1e96fafd7791aa3bcc6,2014,Cangzhou,BYS,Mangrove,0.0,spatial_unit,observed raw wetland area from authoritative panel
coastal-wetland-evidence-contract,1.0.0,a4cf9efdecf6735f87d398acc56604e66df26e62f1a2f1e96fafd7791aa3bcc6,2015,Cangzhou,BYS,Mangrove,0.0,spatial_unit,observed raw wetland area from authoritative panel
coastal-wetland-evidence-contract,1.0.0,a4cf9efdecf6735f87d398acc56604e66df26e62f1a2f1e96fafd7791aa3bcc6,2016,Cangzhou,BYS,Mangrove,0.0,spatial_unit,observed raw wetland area from authoritative panel
coastal-wetland-evidence-contract,1.0.0,a4cf9efdecf6735f87d398acc56604e66df26e62f1a2f1e96fafd7791aa3bcc6,2017,Cangzhou,BYS,Mangrove,0.0,spatial_unit,observed raw wetland area from authoritative panel
coastal-wetland-evidence-contract,1.0.0,a4cf9efdecf6735f87d398acc56604e66df26e62f1a2f1e96fafd7791aa3bcc6,2018,Cangzhou,BYS,Mangrove,0.0,spatial_unit,observed raw wetland area from authoritative panel
coastal-wetland-evidence-contract,1.0.0,a4cf9efdecf6735f87d398acc56604e66df26e62f1a2f1e96fafd7791aa3bcc6,2019,Cangzhou,BYS,Mangrove,0.0,spatial_unit,observed raw wetland area from authoritative panel
coastal-wetland-evidence-contract,1.0.0,a4cf9efdecf6735f87d398acc56604e66df26e62f1a2f1e96fafd7791aa3bcc6,2020,Cangzhou,BYS,Mangrove,0.0,spatial_unit,observed raw wetland area from authoritative panel
coastal-wetland-evidence-contract,1.0.0,a4cf9efdecf6735f87d398acc56604e66df26e62f1a2f1e96fafd7791aa3bcc6,2021,Cangzhou,BYS,Mangrove,0.0,spatial_unit,observed raw wetland area from authoritative panel
coastal-wetland-evidence-contract,1.0.0,a4cf9efdecf6735f87d398acc56604e66df26e62f1a2f1e96fafd7791aa3bcc6,2022,Cangzhou,BYS,Mangrove,0.0,spatial_unit,observed raw wetland area from authoritative panel
coastal-wetland-evidence-contract,1.0.0,a4cf9efdecf6735f87d398acc56604e66df26e62f1a2f1e96fafd7791aa3bcc6,2001,Dalian,BYS,Mangrove,0.0,spatial_unit,observed raw wetland area from authoritative panel
coastal-wetland-evidence-contract,1.0.0,a4cf9efdecf6735f87d398acc56604e66df26e62f1a2f1e96fafd7791aa3bcc6,2002,Dalian,BYS,Mangrove,0.0,spatial_unit,observed raw wetland area from authoritative panel
coastal-wetland-evidence-contract,1.0.0,a4cf9efdecf6735f87d398acc56604e66df26e62f1a2f1e96fafd7791aa3bcc6,2003,Dalian,BYS,Mangrove,0.0,spatial_unit,observed raw wetland area from authoritative panel
coastal-wetland-evidence-contract,1.0.0,a4cf9efdecf6735f87d398acc56604e66df26e62f1a2f1e96fafd7791aa3bcc6,2004,Dalian,BYS,Mangrove,0.0,spatial_unit,observed raw wetland area from authoritative panel
coastal-wetland-evidence-contract,1.0.0,a4cf9efdecf6735f87d398acc56604e66df26e62f1a2f1e96fafd7791aa3bcc6,2005,Dalian,BYS,Mangrove,0.0,spatial_unit,observed raw wetland area from authoritative panel
coastal-wetland-evidence-contract,1.0.0,a4cf9efdecf6735f87d398acc56604e66df26e62f1a2f1e96fafd7791aa3bcc6,2006,Dalian,BYS,Mangrove,0.0,spatial_unit,observed raw wetland area from authoritative panel
coastal-wetland-evidence-contract,1.0.0,a4cf9efdecf6735f87d398acc56604e66df26e62f1a2f1e96fafd7791aa3bcc6,2007,Dalian,BYS,Mangrove,0.0,spatial_unit,observed raw wetland area from authoritative panel
coastal-wetland-evidence-contract,1.0.0,a4cf9efdecf6735f87d398acc56604e66df26e62f1a2f1e96fafd7791aa3bcc6,2008,Dalian,BYS,Mangrove,0.0,spatial_unit,observed raw wetland area from authoritative panel
coastal-wetland-evidence-contract,1.0.0,a4cf9efdecf6735f87d398acc56604e66df26e62f1a2f1e96fafd7791aa3bcc6,2009,Dalian,BYS,Mangrove,0.0,spatial_unit,observed raw wetland area from authoritative panel
coastal-wetland-evidence-contract,1.0.0,a4cf9efdecf6735f87d398acc56604e66df26e62f1a2f1e96fafd7791aa3bcc6,2010,Dalian,BYS,Mangrove,0.0,spatial_unit,observed raw wetland area from authoritative panel
coastal-wetland-evidence-contract,1.0.0,a4cf9efdecf6735f87d398acc56604e66df26e62f1a2f1e96fafd7791aa3bcc6,2011,Dalian,BYS,Mangrove,0.0,spatial_unit,observed raw wetland area from authoritative panel
coastal-wetland-evidence-contract,1.0.0,a4cf9efdecf6735f87d398acc56604e66df26e62f1a2f1e96fafd7791aa3bcc6,2012,Dalian,BYS,Mangrove,0.0,spatial_unit,observed raw wetland area from authoritative panel
coastal-wetland-evidence-contract,1.0.0,a4cf9efdecf6735f87d398acc56604e66df26e62f1a2f1e96fafd7791aa3bcc6,2013,Dalian,BYS,Mangrove,0.0,spatial_unit,observed raw wetland area from authoritative panel
coastal-wetland-evidence-contract,1.0.0,a4cf9efdecf6735f87d398acc56604e66df26e62f1a2f1e96fafd7791aa3bcc6,2014,Dalian,BYS,Mangrove,0.0,spatial_unit,observed raw wetland area from authoritative panel
coastal-wetland-evidence-contract,1.0.0,a4cf9efdecf6735f87d398acc56604e66df26e62f1a2f1e96fafd7791aa3bcc6,2015,Dalian,BYS,Mangrove,0.0,spatial_unit,observed raw wetland area from authoritative panel
coastal-wetland-evidence-contract,1.0.0,a4cf9efdecf6735f87d398acc56604e66df26e62f1a2f1e96fafd7791aa3bcc6,2016,Dalian,BYS,Mangrove,0.0,spatial_unit,observed raw wetland area from authoritative panel
coastal-wetland-evidence-contract,1.0.0,a4cf9efdecf6735f87d398acc56604e66df26e62f1a2f1e96fafd7791aa3bcc6,2017,Dalian,BYS,Mangrove,0.0,spatial_unit,observed raw wetland area from authoritative panel
coastal-wetland-evidence-contract,1.0.0,a4cf9efdecf6735f87d398acc56604e66df26e62f1a2f1e96fafd7791aa3bcc6,2018,Dalian,BYS,Mangrove,0.0,spatial_unit,observed raw wetland area from authoritative panel
coastal-wetland-evidence-contract,1.0.0,a4cf9efdecf6735f87d398acc56604e66df26e62f1a2f1e96fafd7791aa3bcc6,2019,Dalian,BYS,Mangrove,0.0,spatial_unit,observed raw wetland area from authoritative panel
coastal-wetland-evidence-contract,1.0.0,a4cf9efdecf6735f87d398acc56604e66df26e62f1a2f1e96fafd7791aa3bcc6,2020,Dalian,BYS,Mangrove,0.0,spatial_unit,observed raw wetland area from authoritative panel
coastal-wetland-evidence-contract,1.0.0,a4cf9efdecf6735f87d398acc56604e66df26e62f1a2f1e96fafd7791aa3bcc6,2021,Dalian,BYS,Mangrove,0.0,spatial_unit,observed raw wetland area from authoritative panel
coastal-wetland-evidence-contract,1.0.0,a4cf9efdecf6735f87d398acc56604e66df26e62f1a2f1e96fafd7791aa3bcc6,2022,Dalian,BYS,Mangrove,0.0,spatial_unit,observed raw wetland area from authoritative panel
coastal-wetland-evidence-contract,1.0.0,a4cf9efdecf6735f87d398acc56604e66df26e62f1a2f1e96fafd7791aa3bcc6,2001,Dandong,BYS,Mangrove,0.0,spatial_unit,observed raw wetland area from authoritative panel
coastal-wetland-evidence-contract,1.0.0,a4cf9efdecf6735f87d398acc56604e66df26e62f1a2f1e96fafd7791aa3bcc6,2002,Dandong,BYS,Mangrove,0.0,spatial_unit,observed raw wetland area from authoritative panel
coastal-wetland-evidence-contract,1.0.0,a4cf9efdecf6735f87d398acc56604e66df26e62f1a2f1e96fafd7791aa3bcc6,2003,Dandong,BYS,Mangrove,0.0,spatial_unit,observed raw wetland area from authoritative panel
coastal-wetland-evidence-contract,1.0.0,a4cf9efdecf6735f87d398acc56604e66df26e62f1a2f1e96fafd7791aa3bcc6,2004,Dandong,BYS,Mangrove,0.0,spatial_unit,observed raw wetland area from authoritative panel
coastal-wetland-evidence-contract,1.0.0,a4cf9efdecf6735f87d398acc56604e66df26e62f1a2f1e96fafd7791aa3bcc6,2005,Dandong,BYS,Mangrove,0.0,spatial_unit,observed raw wetland area from authoritative panel
coastal-wetland-evidence-contract,1.0.0,a4cf9efdecf6735f87d398acc56604e66df26e62f1a2f1e96fafd7791aa3bcc6,2006,Dandong,BYS,Mangrove,0.0,spatial_unit,observed raw wetland area from authoritative panel
coastal-wetland-evidence-contract,1.0.0,a4cf9efdecf6735f87d398acc56604e66df26e62f1a2f1e96fafd7791aa3bcc6,2007,Dandong,BYS,Mangrove,0.0,spatial_unit,observed raw wetland area from authoritative panel
coastal-wetland-evidence-contract,1.0.0,a4cf9efdecf6735f87d398acc56604e66df26e62f1a2f1e96fafd7791aa3bcc6,2008,Dandong,BYS,Mangrove,0.0,spatial_unit,observed raw wetland area from authoritative panel
coastal-wetland-evidence-contract,1.0.0,a4cf9efdecf6735f87d398acc56604e66df26e62f1a2f1e96fafd7791aa3bcc6,2009,Dandong,BYS,Mangrove,0.0,spatial_unit,observed raw wetland area from authoritative panel
coastal-wetland-evidence-contract,1.0.0,a4cf9efdecf6735f87d398acc56604e66df26e62f1a2f1e96fafd7791aa3bcc6,2010,Dandong,BYS,Mangrove,0.0,spatial_unit,observed raw wetland area from authoritative panel
coastal-wetland-evidence-contract,1.0.0,a4cf9efdecf6735f87d398acc56604e66df26e62f1a2f1e96fafd7791aa3bcc6,2011,Dandong,BYS,Mangrove,0.0,spatial_unit,observed raw wetland area from authoritative panel
coastal-wetland-evidence-contract,1.0.0,a4cf9efdecf6735f87d398acc56604e66df26e62f1a2f1e96fafd7791aa3bcc6,2012,Dandong,BYS,Mangrove,0.0,spatial_unit,observed raw wetland area from authoritative panel
coastal-wetland-evidence-contract,1.0.0,a4cf9efdecf6735f87d398acc56604e66df26e62f1a2f1e96fafd7791aa3bcc6,2013,Dandong,BYS,Mangrove,0.0,spatial_unit,observed raw wetland area from authoritative panel
coastal-wetland-evidence-contract,1.0.0,a4cf9efdecf6735f87d398acc56604e66df26e62f1a2f1e96fafd7791aa3bcc6,2014,Dandong,BYS,Mangrove,0.0,spatial_unit,observed raw wetland area from authoritative panel
coastal-wetland-evidence-contract,1.0.0,a4cf9efdecf6735f87d398acc56604e66df26e62f1a2f1e96fafd7791aa3bcc6,2015,Dandong,BYS,Mangrove,0.0,spatial_unit,observed raw wetland area from authoritative panel
coastal-wetland-evidence-contract,1.0.0,a4cf9efdecf6735f87d398acc56604e66df26e62f1a2f1e96fafd7791aa3bcc6,2016,Dandong,BYS,Mangrove,0.0,spatial_unit,observed raw wetland area from authoritative panel
coastal-wetland-evidence-contract,1.0.0,a4cf9efdecf6735f87d398acc56604e66df26e62f1a2f1e96fafd7791aa3bcc6,2017,Dandong,BYS,Mangrove,0.0,spatial_unit,observed raw wetland area from authoritative panel
coastal-wetland-evidence-contract,1.0.0,a4cf9efdecf6735f87d398acc56604e66df26e62f1a2f1e96fafd7791aa3bcc6,2018,Dandong,BYS,Mangrove,0.0,spatial_unit,observed raw wetland area from authoritative panel
coastal-wetland-evidence-contract,1.0.0,a4cf9efdecf6735f87d398acc56604e66df26e62f1a2f1e96fafd7791aa3bcc6,2019,Dandong,BYS,Mangrove,0.0,spatial_unit,observed raw wetland area from authoritative panel
coastal-wetland-evidence-contract,1.0.0,a4cf9efdecf6735f87d398acc56604e66df26e62f1a2f1e96fafd7791aa3bcc6,2020,Dandong,BYS,Mangrove,0.0,spatial_unit,observed raw wetland area from authoritative panel
coastal-wetland-evidence-contract,1.0.0,a4cf9efdecf6735f87d398acc56604e66df26e62f1a2f1e96fafd7791aa3bcc6,2021,Dandong,BYS,Mangrove,0.0,spatial_unit,observed raw wetland area from authoritative panel
coastal-wetland-evidence-contract,1.0.0,a4cf9efdecf6735f87d398acc56604e66df26e62f1a2f1e96fafd7791aa3bcc6,2022,Dandong,BYS,Mangrove,0.0,spatial_unit,observed raw wetland area from authoritative panel
coastal-wetland-evidence-contract,1.0.0,a4cf9efdecf6735f87d398acc56604e66df26e62f1a2f1e96fafd7791aa3bcc6,2001,Dongying,BYS,Mangrove,0.0,spatial_unit,observed raw wetland area from authoritative panel
coastal-wetland-evidence-contract,1.0.0,a4cf9efdecf6735f87d398acc56604e66df26e62f1a2f1e96fafd7791aa3bcc6,2002,Dongying,BYS,Mangrove,0.0,spatial_unit,observed raw wetland area from authoritative panel
coastal-wetland-evidence-contract,1.0.0,a4cf9efdecf6735f87d398acc56604e66df26e62f1a2f1e96fafd7791aa3bcc6,2003,Dongying,BYS,Mangrove,0.0,spatial_unit,observed raw wetland area from authoritative panel
coastal-wetland-evidence-contract,1.0.0,a4cf9efdecf6735f87d398acc56604e66df26e62f1a2f1e96fafd7791aa3bcc6,2004,Dongying,BYS,Mangrove,0.0,spatial_unit,observed raw wetland area from authoritative panel
coastal-wetland-evidence-contract,1.0.0,a4cf9efdecf6735f87d398acc56604e66df26e62f1a2f1e96fafd7791aa3bcc6,2005,Dongying,BYS,Mangrove,0.0,spatial_unit,observed raw wetland area from authoritative panel
coastal-wetland-evidence-contract,1.0.0,a4cf9efdecf6735f87d398acc56604e66df26e62f1a2f1e96fafd7791aa3bcc6,2006,Dongying,BYS,Mangrove,0.0,spatial_unit,observed raw wetland area from authoritative panel
coastal-wetland-evidence-contract,1.0.0,a4cf9efdecf6735f87d398acc56604e66df26e62f1a2f1e96fafd7791aa3bcc6,2007,Dongying,BYS,Mangrove,0.0,spatial_unit,observed raw wetland area from authoritative panel
coastal-wetland-evidence-contract,1.0.0,a4cf9efdecf6735f87d398acc56604e66df26e62f1a2f1e96fafd7791aa3bcc6,2008,Dongying,BYS,Mangrove,0.0,spatial_unit,observed raw wetland area from authoritative panel
coastal-wetland-evidence-contract,1.0.0,a4cf9efdecf6735f87d398acc56604e66df26e62f1a2f1e96fafd7791aa3bcc6,2009,Dongying,BYS,Mangrove,0.0,spatial_unit,observed raw wetland area from authoritative panel
coastal-wetland-evidence-contract,1.0.0,a4cf9efdecf6735f87d398acc56604e66df26e62f1a2f1e96fafd7791aa3bcc6,2010,Dongying,BYS,Mangrove,0.0,spatial_unit,observed raw wetland area from authoritative panel
coastal-wetland-evidence-contract,1.0.0,a4cf9efdecf6735f87d398acc56604e66df26e62f1a2f1e96fafd7791aa3bcc6,2011,Dongying,BYS,Mangrove,0.0,spatial_unit,observed raw wetland area from authoritative panel
coastal-wetland-evidence-contract,1.0.0,a4cf9efdecf6735f87d398acc56604e66df26e62f1a2f1e96fafd7791aa3bcc6,2012,Dongying,BYS,Mangrove,0.0,spatial_unit,observed raw wetland area from authoritative panel
coastal-wetland-evidence-contract,1.0.0,a4cf9efdecf6735f87d398acc56604e66df26e62f1a2f1e96fafd7791aa3bcc6,2013,Dongying,BYS,Mangrove,0.0,spatial_unit,observed raw wetland area from authoritative panel
coastal-wetland-evidence-contract,1.0.0,a4cf9efdecf6735f87d398acc56604e66df26e62f1a2f1e96fafd7791aa3bcc6,2014,Dongying,BYS,Mangrove,0.0,spatial_unit,observed raw wetland area from authoritative panel
coastal-wetland-evidence-contract,1.0.0,a4cf9efdecf6735f87d398acc56604e66df26e62f1a2f1e96fafd7791aa3bcc6,2015,Dongying,BYS,Mangrove,0.0,spatial_unit,observed raw wetland area from authoritative panel
coastal-wetland-evidence-contract,1.0.0,a4cf9efdecf6735f87d398acc56604e66df26e62f1a2f1e96fafd7791aa3bcc6,2016,Dongying,BYS,Mangrove,0.0,spatial_unit,observed raw wetland area from authoritative panel
coastal-wetland-evidence-contract,1.0.0,a4cf9efdecf6735f87d398acc56604e66df26e62f1a2f1e96fafd7791aa3bcc6,2017,Dongying,BYS,Mangrove,0.0,spatial_unit,observed raw wetland area from authoritative panel
coastal-wetland-evidence-contract,1.0.0,a4cf9efdecf6735f87d398acc56604e66df26e62f1a2f1e96fafd7791aa3bcc6,2018,Dongying,BYS,Mangrove,0.0,spatial_unit,observed raw wetland area from authoritative panel
coastal-wetland-evidence-contract,1.0.0,a4cf9efdecf6735f87d398acc56604e66df26e62f1a2f1e96fafd7791aa3bcc6,2019,Dongying,BYS,Mangrove,0.0,spatial_unit,observed raw wetland area from authoritative panel
coastal-wetland-evidence-contract,1.0.0,a4cf9efdecf6735f87d398acc56604e66df26e62f1a2f1e96fafd7791aa3bcc6,2020,Dongying,BYS,Mangrove,0.0,spatial_unit,observed raw wetland area from authoritative panel
coastal-wetland-evidence-contract,1.0.0,a4cf9efdecf6735f87d398acc56604e66df26e62f1a2f1e96fafd7791aa3bcc6,2021,Dongying,BYS,Mangrove,0.0,spatial_unit,observed raw wetland area from authoritative panel
coastal-wetland-evidence-contract,1.0.0,a4cf9efdecf6735f87d398acc56604e66df26e62f1a2f1e96fafd7791aa3bcc6,2022,Dongying,BYS,Mangrove,0.0,spatial_unit,observed raw wetland area from authoritative panel
coastal-wetland-evidence-contract,1.0.0,a4cf9efdecf6735f87d398acc56604e66df26e62f1a2f1e96fafd7791aa3bcc6,2001,Huludao,BYS,Mangrove,0.0,spatial_unit,observed raw wetland area from authoritative panel
coastal-wetland-evidence-contract,1.0.0,a4cf9efdecf6735f87d398acc56604e66df26e62f1a2f1e96fafd7791aa3bcc6,2002,Huludao,BYS,Mangrove,0.0,spatial_unit,observed raw wetland area from authoritative panel
coastal-wetland-evidence-contract,1.0.0,a4cf9efdecf6735f87d398acc56604e66df26e62f1a2f1e96fafd7791aa3bcc6,2003,Huludao,BYS,Mangrove,0.0,spatial_unit,observed raw wetland area from authoritative panel
coastal-wetland-evidence-contract,1.0.0,a4cf9efdecf6735f87d398acc56604e66df26e62f1a2f1e96fafd7791aa3bcc6,2004,Huludao,BYS,Mangrove,0.0,spatial_unit,observed raw wetland area from authoritative panel
coastal-wetland-evidence-contract,1.0.0,a4cf9efdecf6735f87d398acc56604e66df26e62f1a2f1e96fafd7791aa3bcc6,2005,Huludao,BYS,Mangrove,0.0,spatial_unit,observed raw wetland area from authoritative panel
coastal-wetland-evidence-contract,1.0.0,a4cf9efdecf6735f87d398acc56604e66df26e62f1a2f1e96fafd7791aa3bcc6,2006,Huludao,BYS,Mangrove,0.0,spatial_unit,observed raw wetland area from authoritative panel
coastal-wetland-evidence-contract,1.0.0,a4cf9efdecf6735f87d398acc56604e66df26e62f1a2f1e96fafd7791aa3bcc6,2007,Huludao,BYS,Mangrove,0.0,spatial_unit,observed raw wetland area from authoritative panel
coastal-wetland-evidence-contract,1.0.0,a4cf9efdecf6735f87d398acc56604e66df26e62f1a2f1e96fafd7791aa3bcc6,2008,Huludao,BYS,Mangrove,0.0,spatial_unit,observed raw wetland area from authoritative panel
coastal-wetland-evidence-contract,1.0.0,a4cf9efdecf6735f87d398acc56604e66df26e62f1a2f1e96fafd7791aa3bcc6,2009,Huludao,BYS,Mangrove,0.0,spatial_unit,observed raw wetland area from authoritative panel
coastal-wetland-evidence-contract,1.0.0,a4cf9efdecf6735f87d398acc56604e66df26e62f1a2f1e96fafd7791aa3bcc6,2010,Huludao,BYS,Mangrove,0.0,spatial_unit,observed raw wetland area from authoritative panel
coastal-wetland-evidence-contract,1.0.0,a4cf9efdecf6735f87d398acc56604e66df26e62f1a2f1e96fafd7791aa3bcc6,2011,Huludao,BYS,Mangrove,0.0,spatial_unit,observed raw wetland area from authoritative panel
coastal-wetland-evidence-contract,1.0.0,a4cf9efdecf6735f87d398acc56604e66df26e62f1a2f1e96fafd7791aa3bcc6,2012,Huludao,BYS,Mangrove,0.0,spatial_unit,observed raw wetland area from authoritative panel
coastal-wetland-evidence-contract,1.0.0,a4cf9efdecf6735f87d398acc56604e66df26e62f1a2f1e96fafd7791aa3bcc6,2013,Huludao,BYS,Mangrove,0.0,spatial_unit,observed raw wetland area from authoritative panel
coastal-wetland-evidence-contract,1.0.0,a4cf9efdecf6735f87d398acc56604e66df26e62f1a2f1e96fafd7791aa3bcc6,2014,Huludao,BYS,Mangrove,0.0,spatial_unit,observed raw wetland area from authoritative panel
coastal-wetland-evidence-contract,1.0.0,a4cf9efdecf6735f87d398acc56604e66df26e62f1a2f1e96fafd7791aa3bcc6,2015,Huludao,BYS,Mangrove,0.0,spatial_unit,observed raw wetland area from authoritative panel
coastal-wetland-evidence-contract,1.0.0,a4cf9efdecf6735f87d398acc56604e66df26e62f1a2f1e96fafd7791aa3bcc6,2016,Huludao,BYS,Mangrove,0.0,spatial_unit,observed raw wetland area from authoritative panel
coastal-wetland-evidence-contract,1.0.0,a4cf9efdecf6735f87d398acc56604e66df26e62f1a2f1e96fafd7791aa3bcc6,2017,Huludao,BYS,Mangrove,0.0,spatial_unit,observed raw wetland area from authoritative panel
coastal-wetland-evidence-contract,1.0.0,a4cf9efdecf6735f87d398acc56604e66df26e62f1a2f1e96fafd7791aa3bcc6,2018,Huludao,BYS,Mangrove,0.0,spatial_unit,observed raw wetland area from authoritative panel
coastal-wetland-evidence-contract,1.0.0,a4cf9efdecf6735f87d398acc56604e66df26e62f1a2f1e96fafd7791aa3bcc6,2019,Huludao,BYS,Mangrove,0.0,spatial_unit,observed raw wetland area from authoritative panel
coastal-wetland-evidence-contract,1.0.0,a4cf9efdecf6735f87d398acc56604e66df26e62f1a2f1e96fafd7791aa3bcc6,2020,Huludao,BYS,Mangrove,0.0,spatial_unit,observed raw wetland area from authoritative panel
coastal-wetland-evidence-contract,1.0.0,a4cf9efdecf6735f87d398acc56604e66df26e62f1a2f1e96fafd7791aa3bcc6,2021,Huludao,BYS,Mangrove,0.0,spatial_unit,observed raw wetland area from authoritative panel
coastal-wetland-evidence-contract,1.0.0,a4cf9efdecf6735f87d398acc56604e66df26e62f1a2f1e96fafd7791aa3bcc6,2022,Huludao,BYS,Mangrove,0.0,spatial_unit,observed raw wetland area from authoritative panel
coastal-wetland-evidence-contract,1.0.0,a4cf9efdecf6735f87d398acc56604e66df26e62f1a2f1e96fafd7791aa3bcc6,2001,Jinzhou,BYS,Mangrove,0.0,spatial_unit,observed raw wetland area from authoritative panel
coastal-wetland-evidence-contract,1.0.0,a4cf9efdecf6735f87d398acc56604e66df26e62f1a2f1e96fafd7791aa3bcc6,2002,Jinzhou,BYS,Mangrove,0.0,spatial_unit,observed raw wetland area from authoritative panel
coastal-wetland-evidence-contract,1.0.0,a4cf9efdecf6735f87d398acc56604e66df26e62f1a2f1e96fafd7791aa3bcc6,2003,Jinzhou,BYS,Mangrove,0.0,spatial_unit,observed raw wetland area from authoritative panel
coastal-wetland-evidence-contract,1.0.0,a4cf9efdecf6735f87d398acc56604e66df26e62f1a2f1e96fafd7791aa3bcc6,2004,Jinzhou,BYS,Mangrove,0.0,spatial_unit,observed raw wetland area from authoritative panel
coastal-wetland-evidence-contract,1.0.0,a4cf9efdecf6735f87d398acc56604e66df26e62f1a2f1e96fafd7791aa3bcc6,2005,Jinzhou,BYS,Mangrove,0.0,spatial_unit,observed raw wetland area from authoritative panel
coastal-wetland-evidence-contract,1.0.0,a4cf9efdecf6735f87d398acc56604e66df26e62f1a2f1e96fafd7791aa3bcc6,2006,Jinzhou,BYS,Mangrove,0.0,spatial_unit,observed raw wetland area from authoritative panel
coastal-wetland-evidence-contract,1.0.0,a4cf9efdecf6735f87d398acc56604e66df26e62f1a2f1e96fafd7791aa3bcc6,2007,Jinzhou,BYS,Mangrove,0.0,spatial_unit,observed raw wetland area from authoritative panel
coastal-wetland-evidence-contract,1.0.0,a4cf9efdecf6735f87d398acc56604e66df26e62f1a2f1e96fafd7791aa3bcc6,2008,Jinzhou,BYS,Mangrove,0.0,spatial_unit,observed raw wetland area from authoritative panel
coastal-wetland-evidence-contract,1.0.0,a4cf9efdecf6735f87d398acc56604e66df26e62f1a2f1e96fafd7791aa3bcc6,2009,Jinzhou,BYS,Mangrove,0.0,spatial_unit,observed raw wetland area from authoritative panel
coastal-wetland-evidence-contract,1.0.0,a4cf9efdecf6735f87d398acc56604e66df26e62f1a2f1e96fafd7791aa3bcc6,2010,Jinzhou,BYS,Mangrove,0.0,spatial_unit,observed raw wetland area from authoritative panel
coastal-wetland-evidence-contract,1.0.0,a4cf9efdecf6735f87d398acc56604e66df26e62f1a2f1e96fafd7791aa3bcc6,2011,Jinzhou,BYS,Mangrove,0.0,spatial_unit,observed raw wetland area from authoritative panel
coastal-wetland-evidence-contract,1.0.0,a4cf9efdecf6735f87d398acc56604e66df26e62f1a2f1e96fafd7791aa3bcc6,2012,Jinzhou,BYS,Mangrove,0.0,spatial_unit,observed raw wetland area from authoritative panel
coastal-wetland-evidence-contract,1.0.0,a4cf9efdecf6735f87d398acc56604e66df26e62f1a2f1e96fafd7791aa3bcc6,2013,Jinzhou,BYS,Mangrove,0.0,spatial_unit,observed raw wetland area from authoritative panel
coastal-wetland-evidence-contract,1.0.0,a4cf9efdecf6735f87d398acc56604e66df26e62f1a2f1e96fafd7791aa3bcc6,2014,Jinzhou,BYS,Mangrove,0.0,spatial_unit,observed raw wetland area from authoritative panel
coastal-wetland-evidence-contract,1.0.0,a4cf9efdecf6735f87d398acc56604e66df26e62f1a2f1e96fafd7791aa3bcc6,2015,Jinzhou,BYS,Mangrove,0.0,spatial_unit,observed raw wetland area from authoritative panel
coastal-wetland-evidence-contract,1.0.0,a4cf9efdecf6735f87d398acc56604e66df26e62f1a2f1e96fafd7791aa3bcc6,2016,Jinzhou,BYS,Mangrove,0.0,spatial_unit,observed raw wetland area from authoritative panel
coastal-wetland-evidence-contract,1.0.0,a4cf9efdecf6735f87d398acc56604e66df26e62f1a2f1e96fafd7791aa3bcc6,2017,Jinzhou,BYS,Mangrove,0.0,spatial_unit,observed raw wetland area from authoritative panel
coastal-wetland-evidence-contract,1.0.0,a4cf9efdecf6735f87d398acc56604e66df26e62f1a2f1e96fafd7791aa3bcc6,2018,Jinzhou,BYS,Mangrove,0.0,spatial_unit,observed raw wetland area from authoritative panel
coastal-wetland-evidence-contract,1.0.0,a4cf9efdecf6735f87d398acc56604e66df26e62f1a2f1e96fafd7791aa3bcc6,2019,Jinzhou,BYS,Mangrove,0.0,spatial_unit,observed raw wetland area from authoritative panel
coastal-wetland-evidence-contract,1.0.0,a4cf9efdecf6735f87d398acc56604e66df26e62f1a2f1e96fafd7791aa3bcc6,2020,Jinzhou,BYS,Mangrove,0.0,spatial_unit,observed raw wetland area from authoritative panel
coastal-wetland-evidence-contract,1.0.0,a4cf9efdecf6735f87d398acc56604e66df26e62f1a2f1e96fafd7791aa3bcc6,2021,Jinzhou,BYS,Mangrove,0.0,spatial_unit,observed raw wetland area from authoritative panel
coastal-wetland-evidence-contract,1.0.0,a4cf9efdecf6735f87d398acc56604e66df26e62f1a2f1e96fafd7791aa3bcc6,2022,Jinzhou,BYS,Mangrove,0.0,spatial_unit,observed raw wetland area from authoritative panel
coastal-wetland-evidence-contract,1.0.0,a4cf9efdecf6735f87d398acc56604e66df26e62f1a2f1e96fafd7791aa3bcc6,2001,Panjin,BYS,Mangrove,0.0,spatial_unit,observed raw wetland area from authoritative panel
coastal-wetland-evidence-contract,1.0.0,a4cf9efdecf6735f87d398acc56604e66df26e62f1a2f1e96fafd7791aa3bcc6,2002,Panjin,BYS,Mangrove,0.0,spatial_unit,observed raw wetland area from authoritative panel
coastal-wetland-evidence-contract,1.0.0,a4cf9efdecf6735f87d398acc56604e66df26e62f1a2f1e96fafd7791aa3bcc6,2003,Panjin,BYS,Mangrove,0.0,spatial_unit,observed raw wetland area from authoritative panel
coastal-wetland-evidence-contract,1.0.0,a4cf9efdecf6735f87d398acc56604e66df26e62f1a2f1e96fafd7791aa3bcc6,2004,Panjin,BYS,Mangrove,0.0,spatial_unit,observed raw wetland area from authoritative panel
coastal-wetland-evidence-contract,1.0.0,a4cf9efdecf6735f87d398acc56604e66df26e62f1a2f1e96fafd7791aa3bcc6,2005,Panjin,BYS,Mangrove,0.0,spatial_unit,observed raw wetland area from authoritative panel
coastal-wetland-evidence-contract,1.0.0,a4cf9efdecf6735f87d398acc56604e66df26e62f1a2f1e96fafd7791aa3bcc6,2006,Panjin,BYS,Mangrove,0.0,spatial_unit,observed raw wetland area from authoritative panel
coastal-wetland-evidence-contract,1.0.0,a4cf9efdecf6735f87d398acc56604e66df26e62f1a2f1e96fafd7791aa3bcc6,2007,Panjin,BYS,Mangrove,0.0,spatial_unit,observed raw wetland area from authoritative panel
coastal-wetland-evidence-contract,1.0.0,a4cf9efdecf6735f87d398acc56604e66df26e62f1a2f1e96fafd7791aa3bcc6,2008,Panjin,BYS,Mangrove,0.0,spatial_unit,observed raw wetland area from authoritative panel
coastal-wetland-evidence-contract,1.0.0,a4cf9efdecf6735f87d398acc56604e66df26e62f1a2f1e96fafd7791aa3bcc6,2009,Panjin,BYS,Mangrove,0.0,spatial_unit,observed raw wetland area from authoritative panel
coastal-wetland-evidence-contract,1.0.0,a4cf9efdecf6735f87d398acc56604e66df26e62f1a2f1e96fafd7791aa3bcc6,2010,Panjin,BYS,Mangrove,0.0,spatial_unit,observed raw wetland area from authoritative panel
coastal-wetland-evidence-contract,1.0.0,a4cf9efdecf6735f87d398acc56604e66df26e62f1a2f1e96fafd7791aa3bcc6,2011,Panjin,BYS,Mangrove,0.0,spatial_unit,observed raw wetland area from authoritative panel
coastal-wetland-evidence-contract,1.0.0,a4cf9efdecf6735f87d398acc56604e66df26e62f1a2f1e96fafd7791aa3bcc6,2012,Panjin,BYS,Mangrove,0.0,spatial_unit,observed raw wetland area from authoritative panel
coastal-wetland-evidence-contract,1.0.0,a4cf9efdecf6735f87d398acc56604e66df26e62f1a2f1e96fafd7791aa3bcc6,2013,Panjin,BYS,Mangrove,0.0,spatial_unit,observed raw wetland area from authoritative panel
coastal-wetland-evidence-contract,1.0.0,a4cf9efdecf6735f87d398acc56604e66df26e62f1a2f1e96fafd7791aa3bcc6,2014,Panjin,BYS,Mangrove,0.0,spatial_unit,observed raw wetland area from authoritative panel
coastal-wetland-evidence-contract,1.0.0,a4cf9efdecf6735f87d398acc56604e66df26e62f1a2f1e96fafd7791aa3bcc6,2015,Panjin,BYS,Mangrove,0.0,spatial_unit,observed raw wetland area from authoritative panel
coastal-wetland-evidence-contract,1.0.0,a4cf9efdecf6735f87d398acc56604e66df26e62f1a2f1e96fafd7791aa3bcc6,2016,Panjin,BYS,Mangrove,0.0,spatial_unit,observed raw wetland area from authoritative panel
coastal-wetland-evidence-contract,1.0.0,a4cf9efdecf6735f87d398acc56604e66df26e62f1a2f1e96fafd7791aa3bcc6,2017,Panjin,BYS,Mangrove,0.0,spatial_unit,observed raw wetland area from authoritative panel
coastal-wetland-evidence-contract,1.0.0,a4cf9efdecf6735f87d398acc56604e66df26e62f1a2f1e96fafd7791aa3bcc6,2018,Panjin,BYS,Mangrove,0.0,spatial_unit,observed raw wetland area from authoritative panel
coastal-wetland-evidence-contract,1.0.0,a4cf9efdecf6735f87d398acc56604e66df26e62f1a2f1e96fafd7791aa3bcc6,2019,Panjin,BYS,Mangrove,0.0,spatial_unit,observed raw wetland area from authoritative panel
coastal-wetland-evidence-contract,1.0.0,a4cf9efdecf6735f87d398acc56604e66df26e62f1a2f1e96fafd7791aa3bcc6,2020,Panjin,BYS,Mangrove,0.0,spatial_unit,observed raw wetland area from authoritative panel
coastal-wetland-evidence-contract,1.0.0,a4cf9efdecf6735f87d398acc56604e66df26e62f1a2f1e96fafd7791aa3bcc6,2021,Panjin,BYS,Mangrove,0.0,spatial_unit,observed raw wetland area from authoritative panel
coastal-wetland-evidence-contract,1.0.0,a4cf9efdecf6735f87d398acc56604e66df26e62f1a2f1e96fafd7791aa3bcc6,2022,Panjin,BYS,Mangrove,0.0,spatial_unit,observed raw wetland area from authoritative panel
coastal-wetland-evidence-contract,1.0.0,a4cf9efdecf6735f87d398acc56604e66df26e62f1a2f1e96fafd7791aa3bcc6,2001,Qingdao,BYS,Mangrove,0.0,spatial_unit,observed raw wetland area from authoritative panel
coastal-wetland-evidence-contract,1.0.0,a4cf9efdecf6735f87d398acc56604e66df26e62f1a2f1e96fafd7791aa3bcc6,2002,Qingdao,BYS,Mangrove,0.0,spatial_unit,observed raw wetland area from authoritative panel
coastal-wetland-evidence-contract,1.0.0,a4cf9efdecf6735f87d398acc56604e66df26e62f1a2f1e96fafd7791aa3bcc6,2003,Qingdao,BYS,Mangrove,0.0,spatial_unit,observed raw wetland area from authoritative panel
coastal-wetland-evidence-contract,1.0.0,a4cf9efdecf6735f87d398acc56604e66df26e62f1a2f1e96fafd7791aa3bcc6,2004,Qingdao,BYS,Mangrove,0.0,spatial_unit,observed raw wetland area from authoritative panel
coastal-wetland-evidence-contract,1.0.0,a4cf9efdecf6735f87d398acc56604e66df26e62f1a2f1e96fafd7791aa3bcc6,2005,Qingdao,BYS,Mangrove,0.0,spatial_unit,observed raw wetland area from authoritative panel
coastal-wetland-evidence-contract,1.0.0,a4cf9efdecf6735f87d398acc56604e66df26e62f1a2f1e96fafd7791aa3bcc6,2006,Qingdao,BYS,Mangrove,0.0,spatial_unit,observed raw wetland area from authoritative panel
coastal-wetland-evidence-contract,1.0.0,a4cf9efdecf6735f87d398acc56604e66df26e62f1a2f1e96fafd7791aa3bcc6,2007,Qingdao,BYS,Mangrove,0.0,spatial_unit,observed raw wetland area from authoritative panel
coastal-wetland-evidence-contract,1.0.0,a4cf9efdecf6735f87d398acc56604e66df26e62f1a2f1e96fafd7791aa3bcc6,2008,Qingdao,BYS,Mangrove,0.0,spatial_unit,observed raw wetland area from authoritative panel
coastal-wetland-evidence-contract,1.0.0,a4cf9efdecf6735f87d398acc56604e66df26e62f1a2f1e96fafd7791aa3bcc6,2009,Qingdao,BYS,Mangrove,0.0,spatial_unit,observed raw wetland area from authoritative panel
coastal-wetland-evidence-contract,1.0.0,a4cf9efdecf6735f87d398acc56604e66df26e62f1a2f1e96fafd7791aa3bcc6,2010,Qingdao,BYS,Mangrove,0.0,spatial_unit,observed raw wetland area from authoritative panel
coastal-wetland-evidence-contract,1.0.0,a4cf9efdecf6735f87d398acc56604e66df26e62f1a2f1e96fafd7791aa3bcc6,2011,Qingdao,BYS,Mangrove,0.0,spatial_unit,observed raw wetland area from authoritative panel
coastal-wetland-evidence-contract,1.0.0,a4cf9efdecf6735f87d398acc56604e66df26e62f1a2f1e96fafd7791aa3bcc6,2012,Qingdao,BYS,Mangrove,0.0,spatial_unit,observed raw wetland area from authoritative panel
coastal-wetland-evidence-contract,1.0.0,a4cf9efdecf6735f87d398acc56604e66df26e62f1a2f1e96fafd7791aa3bcc6,2013,Qingdao,BYS,Mangrove,0.0,spatial_unit,observed raw wetland area from authoritative panel
coastal-wetland-evidence-contract,1.0.0,a4cf9efdecf6735f87d398acc56604e66df26e62f1a2f1e96fafd7791aa3bcc6,2014,Qingdao,BYS,Mangrove,0.0,spatial_unit,observed raw wetland area from authoritative panel
coastal-wetland-evidence-contract,1.0.0,a4cf9efdecf6735f87d398acc56604e66df26e62f1a2f1e96fafd7791aa3bcc6,2015,Qingdao,BYS,Mangrove,0.0,spatial_unit,observed raw wetland area from authoritative panel
coastal-wetland-evidence-contract,1.0.0,a4cf9efdecf6735f87d398acc56604e66df26e62f1a2f1e96fafd7791aa3bcc6,2016,Qingdao,BYS,Mangrove,0.0,spatial_unit,observed raw wetland area from authoritative panel
coastal-wetland-evidence-contract,1.0.0,a4cf9efdecf6735f87d398acc56604e66df26e62f1a2f1e96fafd7791aa3bcc6,2017,Qingdao,BYS,Mangrove,0.0,spatial_unit,observed raw wetland area from authoritative panel
coastal-wetland-evidence-contract,1.0.0,a4cf9efdecf6735f87d398acc56604e66df26e62f1a2f1e96fafd7791aa3bcc6,2018,Qingdao,BYS,Mangrove,0.0,spatial_unit,observed raw wetland area from authoritative panel
coastal-wetland-evidence-contract,1.0.0,a4cf9efdecf6735f87d398acc56604e66df26e62f1a2f1e96fafd7791aa3bcc6,2019,Qingdao,BYS,Mangrove,0.0,spatial_unit,observed raw wetland area from authoritative panel
coastal-wetland-evidence-contract,1.0.0,a4cf9efdecf6735f87d398acc56604e66df26e62f1a2f1e96fafd7791aa3bcc6,2020,Qingdao,BYS,Mangrove,0.0,spatial_unit,observed raw wetland area from authoritative panel
coastal-wetland-evidence-contract,1.0.0,a4cf9efdecf6735f87d398acc56604e66df26e62f1a2f1e96fafd7791aa3bcc6,2021,Qingdao,BYS,Mangrove,0.0,spatial_unit,observed raw wetland area from authoritative panel
coastal-wetland-evidence-contract,1.0.0,a4cf9efdecf6735f87d398acc56604e66df26e62f1a2f1e96fafd7791aa3bcc6,2022,Qingdao,BYS,Mangrove,0.0,spatial_unit,observed raw wetland area from authoritative panel
coastal-wetland-evidence-contract,1.0.0,a4cf9efdecf6735f87d398acc56604e66df26e62f1a2f1e96fafd7791aa3bcc6,2001,Qinhuangdao,BYS,Mangrove,0.0,spatial_unit,observed raw wetland area from authoritative panel
coastal-wetland-evidence-contract,1.0.0,a4cf9efdecf6735f87d398acc56604e66df26e62f1a2f1e96fafd7791aa3bcc6,2002,Qinhuangdao,BYS,Mangrove,0.0,spatial_unit,observed raw wetland area from authoritative panel
coastal-wetland-evidence-contract,1.0.0,a4cf9efdecf6735f87d398acc56604e66df26e62f1a2f1e96fafd7791aa3bcc6,2003,Qinhuangdao,BYS,Mangrove,0.0,spatial_unit,observed raw wetland area from authoritative panel
coastal-wetland-evidence-contract,1.0.0,a4cf9efdecf6735f87d398acc56604e66df26e62f1a2f1e96fafd7791aa3bcc6,2004,Qinhuangdao,BYS,Mangrove,0.0,spatial_unit,observed raw wetland area from authoritative panel
coastal-wetland-evidence-contract,1.0.0,a4cf9efdecf6735f87d398acc56604e66df26e62f1a2f1e96fafd7791aa3bcc6,2005,Qinhuangdao,BYS,Mangrove,0.0,spatial_unit,observed raw wetland area from authoritative panel
coastal-wetland-evidence-contract,1.0.0,a4cf9efdecf6735f87d398acc56604e66df26e62f1a2f1e96fafd7791aa3bcc6,2006,Qinhuangdao,BYS,Mangrove,0.0,spatial_unit,observed raw wetland area from authoritative panel
coastal-wetland-evidence-contract,1.0.0,a4cf9efdecf6735f87d398acc56604e66df26e62f1a2f1e96fafd7791aa3bcc6,2007,Qinhuangdao,BYS,Mangrove,0.0,spatial_unit,observed raw wetland area from authoritative panel
coastal-wetland-evidence-contract,1.0.0,a4cf9efdecf6735f87d398acc56604e66df26e62f1a2f1e96fafd7791aa3bcc6,2008,Qinhuangdao,BYS,Mangrove,0.0,spatial_unit,observed raw wetland area from authoritative panel
coastal-wetland-evidence-contract,1.0.0,a4cf9efdecf6735f87d398acc56604e66df26e62f1a2f1e96fafd7791aa3bcc6,2009,Qinhuangdao,BYS,Mangrove,0.0,spatial_unit,observed raw wetland area from authoritative panel
coastal-wetland-evidence-contract,1.0.0,a4cf9efdecf6735f87d398acc56604e66df26e62f1a2f1e96fafd7791aa3bcc6,2010,Qinhuangdao,BYS,Mangrove,0.0,spatial_unit,observed raw wetland area from authoritative panel
coastal-wetland-evidence-contract,1.0.0,a4cf9efdecf6735f87d398acc56604e66df26e62f1a2f1e96fafd7791aa3bcc6,2011,Qinhuangdao,BYS,Mangrove,0.0,spatial_unit,observed raw wetland area from authoritative panel
coastal-wetland-evidence-contract,1.0.0,a4cf9efdecf6735f87d398acc56604e66df26e62f1a2f1e96fafd7791aa3bcc6,2012,Qinhuangdao,BYS,Mangrove,0.0,spatial_unit,observed raw wetland area from authoritative panel
coastal-wetland-evidence-contract,1.0.0,a4cf9efdecf6735f87d398acc56604e66df26e62f1a2f1e96fafd7791aa3bcc6,2013,Qinhuangdao,BYS,Mangrove,0.0,spatial_unit,observed raw wetland area from authoritative panel
coastal-wetland-evidence-contract,1.0.0,a4cf9efdecf6735f87d398acc56604e66df26e62f1a2f1e96fafd7791aa3bcc6,2014,Qinhuangdao,BYS,Mangrove,0.0,spatial_unit,observed raw wetland area from authoritative panel
coastal-wetland-evidence-contract,1.0.0,a4cf9efdecf6735f87d398acc56604e66df26e62f1a2f1e96fafd7791aa3bcc6,2015,Qinhuangdao,BYS,Mangrove,0.0,spatial_unit,observed raw wetland area from authoritative panel
coastal-wetland-evidence-contract,1.0.0,a4cf9efdecf6735f87d398acc56604e66df26e62f1a2f1e96fafd7791aa3bcc6,2016,Qinhuangdao,BYS,Mangrove,0.0,spatial_unit,observed raw wetland area from authoritative panel
coastal-wetland-evidence-contract,1.0.0,a4cf9efdecf6735f87d398acc56604e66df26e62f1a2f1e96fafd7791aa3bcc6,2017,Qinhuangdao,BYS,Mangrove,0.0,spatial_unit,observed raw wetland area from authoritative panel
coastal-wetland-evidence-contract,1.0.0,a4cf9efdecf6735f87d398acc56604e66df26e62f1a2f1e96fafd7791aa3bcc6,2018,Qinhuangdao,BYS,Mangrove,0.0,spatial_unit,observed raw wetland area from authoritative panel
coastal-wetland-evidence-contract,1.0.0,a4cf9efdecf6735f87d398acc56604e66df26e62f1a2f1e96fafd7791aa3bcc6,2019,Qinhuangdao,BYS,Mangrove,0.0,spatial_unit,observed raw wetland area from authoritative panel
coastal-wetland-evidence-contract,1.0.0,a4cf9efdecf6735f87d398acc56604e66df26e62f1a2f1e96fafd7791aa3bcc6,2020,Qinhuangdao,BYS,Mangrove,0.0,spatial_unit,observed raw wetland area from authoritative panel
coastal-wetland-evidence-contract,1.0.0,a4cf9efdecf6735f87d398acc56604e66df26e62f1a2f1e96fafd7791aa3bcc6,2021,Qinhuangdao,BYS,Mangrove,0.0,spatial_unit,observed raw wetland area from authoritative panel
coastal-wetland-evidence-contract,1.0.0,a4cf9efdecf6735f87d398acc56604e66df26e62f1a2f1e96fafd7791aa3bcc6,2022,Qinhuangdao,BYS,Mangrove,0.0,spatial_unit,observed raw wetland area from authoritative panel
coastal-wetland-evidence-contract,1.0.0,a4cf9efdecf6735f87d398acc56604e66df26e62f1a2f1e96fafd7791aa3bcc6,2001,Rizhao,BYS,Mangrove,0.0,spatial_unit,observed raw wetland area from authoritative panel
coastal-wetland-evidence-contract,1.0.0,a4cf9efdecf6735f87d398acc56604e66df26e62f1a2f1e96fafd7791aa3bcc6,2002,Rizhao,BYS,Mangrove,0.0,spatial_unit,observed raw wetland area from authoritative panel
coastal-wetland-evidence-contract,1.0.0,a4cf9efdecf6735f87d398acc56604e66df26e62f1a2f1e96fafd7791aa3bcc6,2003,Rizhao,BYS,Mangrove,0.0,spatial_unit,observed raw wetland area from authoritative panel
coastal-wetland-evidence-contract,1.0.0,a4cf9efdecf6735f87d398acc56604e66df26e62f1a2f1e96fafd7791aa3bcc6,2004,Rizhao,BYS,Mangrove,0.0,spatial_unit,observed raw wetland area from authoritative panel
coastal-wetland-evidence-contract,1.0.0,a4cf9efdecf6735f87d398acc56604e66df26e62f1a2f1e96fafd7791aa3bcc6,2005,Rizhao,BYS,Mangrove,0.0,spatial_unit,observed raw wetland area from authoritative panel
coastal-wetland-evidence-contract,1.0.0,a4cf9efdecf6735f87d398acc56604e66df26e62f1a2f1e96fafd7791aa3bcc6,2006,Rizhao,BYS,Mangrove,0.0,spatial_unit,observed raw wetland area from authoritative panel
coastal-wetland-evidence-contract,1.0.0,a4cf9efdecf6735f87d398acc56604e66df26e62f1a2f1e96fafd7791aa3bcc6,2007,Rizhao,BYS,Mangrove,0.0,spatial_unit,observed raw wetland area from authoritative panel
coastal-wetland-evidence-contract,1.0.0,a4cf9efdecf6735f87d398acc56604e66df26e62f1a2f1e96fafd7791aa3bcc6,2008,Rizhao,BYS,Mangrove,0.0,spatial_unit,observed raw wetland area from authoritative panel
coastal-wetland-evidence-contract,1.0.0,a4cf9efdecf6735f87d398acc56604e66df26e62f1a2f1e96fafd7791aa3bcc6,2009,Rizhao,BYS,Mangrove,0.0,spatial_unit,observed raw wetland area from authoritative panel
coastal-wetland-evidence-contract,1.0.0,a4cf9efdecf6735f87d398acc56604e66df26e62f1a2f1e96fafd7791aa3bcc6,2010,Rizhao,BYS,Mangrove,0.0,spatial_unit,observed raw wetland area from authoritative panel
coastal-wetland-evidence-contract,1.0.0,a4cf9efdecf6735f87d398acc56604e66df26e62f1a2f1e96fafd7791aa3bcc6,2011,Rizhao,BYS,Mangrove,0.0,spatial_unit,observed raw wetland area from authoritative panel
coastal-wetland-evidence-contract,1.0.0,a4cf9efdecf6735f87d398acc56604e66df26e62f1a2f1e96fafd7791aa3bcc6,2012,Rizhao,BYS,Mangrove,0.0,spatial_unit,observed raw wetland area from authoritative panel
coastal-wetland-evidence-contract,1.0.0,a4cf9efdecf6735f87d398acc56604e66df26e62f1a2f1e96fafd7791aa3bcc6,2013,Rizhao,BYS,Mangrove,0.0,spatial_unit,observed raw wetland area from authoritative panel
coastal-wetland-evidence-contract,1.0.0,a4cf9efdecf6735f87d398acc56604e66df26e62f1a2f1e96fafd7791aa3bcc6,2014,Rizhao,BYS,Mangrove,0.0,spatial_unit,observed raw wetland area from authoritative panel
coastal-wetland-evidence-contract,1.0.0,a4cf9efdecf6735f87d398acc56604e66df26e62f1a2f1e96fafd7791aa3bcc6,2015,Rizhao,BYS,Mangrove,0.0,spatial_unit,observed raw wetland area from authoritative panel
coastal-wetland-evidence-contract,1.0.0,a4cf9efdecf6735f87d398acc56604e66df26e62f1a2f1e96fafd7791aa3bcc6,2016,Rizhao,BYS,Mangrove,0.0,spatial_unit,observed raw wetland area from authoritative panel
coastal-wetland-evidence-contract,1.0.0,a4cf9efdecf6735f87d398acc56604e66df26e62f1a2f1e96fafd7791aa3bcc6,2017,Rizhao,BYS,Mangrove,0.0,spatial_unit,observed raw wetland area from authoritative panel
coastal-wetland-evidence-contract,1.0.0,a4cf9efdecf6735f87d398acc56604e66df26e62f1a2f1e96fafd7791aa3bcc6,2018,Rizhao,BYS,Mangrove,0.0,spatial_unit,observed raw wetland area from authoritative panel
coastal-wetland-evidence-contract,1.0.0,a4cf9efdecf6735f87d398acc56604e66df26e62f1a2f1e96fafd7791aa3bcc6,2019,Rizhao,BYS,Mangrove,0.0,spatial_unit,observed raw wetland area from authoritative panel
coastal-wetland-evidence-contract,1.0.0,a4cf9efdecf6735f87d398acc56604e66df26e62f1a2f1e96fafd7791aa3bcc6,2020,Rizhao,BYS,Mangrove,0.0,spatial_unit,observed raw wetland area from authoritative panel
coastal-wetland-evidence-contract,1.0.0,a4cf9efdecf6735f87d398acc56604e66df26e62f1a2f1e96fafd7791aa3bcc6,2021,Rizhao,BYS,Mangrove,0.0,spatial_unit,observed raw wetland area from authoritative panel
coastal-wetland-evidence-contract,1.0.0,a4cf9efdecf6735f87d398acc56604e66df26e62f1a2f1e96fafd7791aa3bcc6,2022,Rizhao,BYS,Mangrove,0.0,spatial_unit,observed raw wetland area from authoritative panel
coastal-wetland-evidence-contract,1.0.0,a4cf9efdecf6735f87d398acc56604e66df26e62f1a2f1e96fafd7791aa3bcc6,2001,Tangshan,BYS,Mangrove,0.0,spatial_unit,observed raw wetland area from authoritative panel
coastal-wetland-evidence-contract,1.0.0,a4cf9efdecf6735f87d398acc56604e66df26e62f1a2f1e96fafd7791aa3bcc6,2002,Tangshan,BYS,Mangrove,0.0,spatial_unit,observed raw wetland area from authoritative panel
coastal-wetland-evidence-contract,1.0.0,a4cf9efdecf6735f87d398acc56604e66df26e62f1a2f1e96fafd7791aa3bcc6,2003,Tangshan,BYS,Mangrove,0.0,spatial_unit,observed raw wetland area from authoritative panel
coastal-wetland-evidence-contract,1.0.0,a4cf9efdecf6735f87d398acc56604e66df26e62f1a2f1e96fafd7791aa3bcc6,2004,Tangshan,BYS,Mangrove,0.0,spatial_unit,observed raw wetland area from authoritative panel
coastal-wetland-evidence-contract,1.0.0,a4cf9efdecf6735f87d398acc56604e66df26e62f1a2f1e96fafd7791aa3bcc6,2005,Tangshan,BYS,Mangrove,0.0,spatial_unit,observed raw wetland area from authoritative panel
coastal-wetland-evidence-contract,1.0.0,a4cf9efdecf6735f87d398acc56604e66df26e62f1a2f1e96fafd7791aa3bcc6,2006,Tangshan,BYS,Mangrove,0.0,spatial_unit,observed raw wetland area from authoritative panel
coastal-wetland-evidence-contract,1.0.0,a4cf9efdecf6735f87d398acc56604e66df26e62f1a2f1e96fafd7791aa3bcc6,2007,Tangshan,BYS,Mangrove,0.0,spatial_unit,observed raw wetland area from authoritative panel
coastal-wetland-evidence-contract,1.0.0,a4cf9efdecf6735f87d398acc56604e66df26e62f1a2f1e96fafd7791aa3bcc6,2008,Tangshan,BYS,Mangrove,0.0,spatial_unit,observed raw wetland area from authoritative panel
coastal-wetland-evidence-contract,1.0.0,a4cf9efdecf6735f87d398acc56604e66df26e62f1a2f1e96fafd7791aa3bcc6,2009,Tangshan,BYS,Mangrove,0.0,spatial_unit,observed raw wetland area from authoritative panel
coastal-wetland-evidence-contract,1.0.0,a4cf9efdecf6735f87d398acc56604e66df26e62f1a2f1e96fafd7791aa3bcc6,2010,Tangshan,BYS,Mangrove,0.0,spatial_unit,observed raw wetland area from authoritative panel
coastal-wetland-evidence-contract,1.0.0,a4cf9efdecf6735f87d398acc56604e66df26e62f1a2f1e96fafd7791aa3bcc6,2011,Tangshan,BYS,Mangrove,0.0,spatial_unit,observed raw wetland area from authoritative panel
coastal-wetland-evidence-contract,1.0.0,a4cf9efdecf6735f87d398acc56604e66df26e62f1a2f1e96fafd7791aa3bcc6,2012,Tangshan,BYS,Mangrove,0.0,spatial_unit,observed raw wetland area from authoritative panel
coastal-wetland-evidence-contract,1.0.0,a4cf9efdecf6735f87d398acc56604e66df26e62f1a2f1e96fafd7791aa3bcc6,2013,Tangshan,BYS,Mangrove,0.0,spatial_unit,observed raw wetland area from authoritative panel
coastal-wetland-evidence-contract,1.0.0,a4cf9efdecf6735f87d398acc56604e66df26e62f1a2f1e96fafd7791aa3bcc6,2014,Tangshan,BYS,Mangrove,0.0,spatial_unit,observed raw wetland area from authoritative panel
coastal-wetland-evidence-contract,1.0.0,a4cf9efdecf6735f87d398acc56604e66df26e62f1a2f1e96fafd7791aa3bcc6,2015,Tangshan,BYS,Mangrove,0.0,spatial_unit,observed raw wetland area from authoritative panel
coastal-wetland-evidence-contract,1.0.0,a4cf9efdecf6735f87d398acc56604e66df26e62f1a2f1e96fafd7791aa3bcc6,2016,Tangshan,BYS,Mangrove,0.0,spatial_unit,observed raw wetland area from authoritative panel
coastal-wetland-evidence-contract,1.0.0,a4cf9efdecf6735f87d398acc56604e66df26e62f1a2f1e96fafd7791aa3bcc6,2017,Tangshan,BYS,Mangrove,0.0,spatial_unit,observed raw wetland area from authoritative panel
coastal-wetland-evidence-contract,1.0.0,a4cf9efdecf6735f87d398acc56604e66df26e62f1a2f1e96fafd7791aa3bcc6,2018,Tangshan,BYS,Mangrove,0.0,spatial_unit,observed raw wetland area from authoritative panel
coastal-wetland-evidence-contract,1.0.0,a4cf9efdecf6735f87d398acc56604e66df26e62f1a2f1e96fafd7791aa3bcc6,2019,Tangshan,BYS,Mangrove,0.0,spatial_unit,observed raw wetland area from authoritative panel
coastal-wetland-evidence-contract,1.0.0,a4cf9efdecf6735f87d398acc56604e66df26e62f1a2f1e96fafd7791aa3bcc6,2020,Tangshan,BYS,Mangrove,0.0,spatial_unit,observed raw wetland area from authoritative panel
coastal-wetland-evidence-contract,1.0.0,a4cf9efdecf6735f87d398acc56604e66df26e62f1a2f1e96fafd7791aa3bcc6,2021,Tangshan,BYS,Mangrove,0.0,spatial_unit,observed raw wetland area from authoritative panel
coastal-wetland-evidence-contract,1.0.0,a4cf9efdecf6735f87d398acc56604e66df26e62f1a2f1e96fafd7791aa3bcc6,2022,Tangshan,BYS,Mangrove,0.0,spatial_unit,observed raw wetland area from authoritative panel
coastal-wetland-evidence-contract,1.0.0,a4cf9efdecf6735f87d398acc56604e66df26e62f1a2f1e96fafd7791aa3bcc6,2001,Tianjin_Shi,BYS,Mangrove,0.0,spatial_unit,observed raw wetland area from authoritative panel
coastal-wetland-evidence-contract,1.0.0,a4cf9efdecf6735f87d398acc56604e66df26e62f1a2f1e96fafd7791aa3bcc6,2002,Tianjin_Shi,BYS,Mangrove,0.0,spatial_unit,observed raw wetland area from authoritative panel
coastal-wetland-evidence-contract,1.0.0,a4cf9efdecf6735f87d398acc56604e66df26e62f1a2f1e96fafd7791aa3bcc6,2003,Tianjin_Shi,BYS,Mangrove,0.0,spatial_unit,observed raw wetland area from authoritative panel
coastal-wetland-evidence-contract,1.0.0,a4cf9efdecf6735f87d398acc56604e66df26e62f1a2f1e96fafd7791aa3bcc6,2004,Tianjin_Shi,BYS,Mangrove,0.0,spatial_unit,observed raw wetland area from authoritative panel
coastal-wetland-evidence-contract,1.0.0,a4cf9efdecf6735f87d398acc56604e66df26e62f1a2f1e96fafd7791aa3bcc6,2005,Tianjin_Shi,BYS,Mangrove,0.0,spatial_unit,observed raw wetland area from authoritative panel
coastal-wetland-evidence-contract,1.0.0,a4cf9efdecf6735f87d398acc56604e66df26e62f1a2f1e96fafd7791aa3bcc6,2006,Tianjin_Shi,BYS,Mangrove,0.0,spatial_unit,observed raw wetland area from authoritative panel
coastal-wetland-evidence-contract,1.0.0,a4cf9efdecf6735f87d398acc56604e66df26e62f1a2f1e96fafd7791aa3bcc6,2007,Tianjin_Shi,BYS,Mangrove,0.0,spatial_unit,observed raw wetland area from authoritative panel
coastal-wetland-evidence-contract,1.0.0,a4cf9efdecf6735f87d398acc56604e66df26e62f1a2f1e96fafd7791aa3bcc6,2008,Tianjin_Shi,BYS,Mangrove,0.0,spatial_unit,observed raw wetland area from authoritative panel
coastal-wetland-evidence-contract,1.0.0,a4cf9efdecf6735f87d398acc56604e66df26e62f1a2f1e96fafd7791aa3bcc6,2009,Tianjin_Shi,BYS,Mangrove,0.0,spatial_unit,observed raw wetland area from authoritative panel
coastal-wetland-evidence-contract,1.0.0,a4cf9efdecf6735f87d398acc56604e66df26e62f1a2f1e96fafd7791aa3bcc6,2010,Tianjin_Shi,BYS,Mangrove,0.0,spatial_unit,observed raw wetland area from authoritative panel
coastal-wetland-evidence-contract,1.0.0,a4cf9efdecf6735f87d398acc56604e66df26e62f1a2f1e96fafd7791aa3bcc6,2011,Tianjin_Shi,BYS,Mangrove,0.0,spatial_unit,observed raw wetland area from authoritative panel
coastal-wetland-evidence-contract,1.0.0,a4cf9efdecf6735f87d398acc56604e66df26e62f1a2f1e96fafd7791aa3bcc6,2012,Tianjin_Shi,BYS,Mangrove,0.0,spatial_unit,observed raw wetland area from authoritative panel
coastal-wetland-evidence-contract,1.0.0,a4cf9efdecf6735f87d398acc56604e66df26e62f1a2f1e96fafd7791aa3bcc6,2013,Tianjin_Shi,BYS,Mangrove,0.0,spatial_unit,observed raw wetland area from authoritative panel
coastal-wetland-evidence-contract,1.0.0,a4cf9efdecf6735f87d398acc56604e66df26e62f1a2f1e96fafd7791aa3bcc6,2014,Tianjin_Shi,BYS,Mangrove,0.0,spatial_unit,observed raw wetland area from authoritative panel
coastal-wetland-evidence-contract,1.0.0,a4cf9efdecf6735f87d398acc56604e66df26e62f1a2f1e96fafd7791aa3bcc6,2015,Tianjin_Shi,BYS,Mangrove,0.0,spatial_unit,observed raw wetland area from authoritative panel
coastal-wetland-evidence-contract,1.0.0,a4cf9efdecf6735f87d398acc56604e66df26e62f1a2f1e96fafd7791aa3bcc6,2016,Tianjin_Shi,BYS,Mangrove,0.0,spatial_unit,observed raw wetland area from authoritative panel
coastal-wetland-evidence-contract,1.0.0,a4cf9efdecf6735f87d398acc56604e66df26e62f1a2f1e96fafd7791aa3bcc6,2017,Tianjin_Shi,BYS,Mangrove,0.0,spatial_unit,observed raw wetland area from authoritative panel
coastal-wetland-evidence-contract,1.0.0,a4cf9efdecf6735f87d398acc56604e66df26e62f1a2f1e96fafd7791aa3bcc6,2018,Tianjin_Shi,BYS,Mangrove,0.0,spatial_unit,observed raw wetland area from authoritative panel
coastal-wetland-evidence-contract,1.0.0,a4cf9efdecf6735f87d398acc56604e66df26e62f1a2f1e96fafd7791aa3bcc6,2019,Tianjin_Shi,BYS,Mangrove,0.0,spatial_unit,observed raw wetland area from authoritative panel
coastal-wetland-evidence-contract,1.0.0,a4cf9efdecf6735f87d398acc56604e66df26e62f1a2f1e96fafd7791aa3bcc6,2020,Tianjin_Shi,BYS,Mangrove,0.0,spatial_unit,observed raw wetland area from authoritative panel
coastal-wetland-evidence-contract,1.0.0,a4cf9efdecf6735f87d398acc56604e66df26e62f1a2f1e96fafd7791aa3bcc6,2021,Tianjin_Shi,BYS,Mangrove,0.0,spatial_unit,observed raw wetland area from authoritative panel
coastal-wetland-evidence-contract,1.0.0,a4cf9efdecf6735f87d398acc56604e66df26e62f1a2f1e96fafd7791aa3bcc6,2022,Tianjin_Shi,BYS,Mangrove,0.0,spatial_unit,observed raw wetland area from authoritative panel
coastal-wetland-evidence-contract,1.0.0,a4cf9efdecf6735f87d398acc56604e66df26e62f1a2f1e96fafd7791aa3bcc6,2001,Weifang,BYS,Mangrove,0.0,spatial_unit,observed raw wetland area from authoritative panel
coastal-wetland-evidence-contract,1.0.0,a4cf9efdecf6735f87d398acc56604e66df26e62f1a2f1e96fafd7791aa3bcc6,2002,Weifang,BYS,Mangrove,0.0,spatial_unit,observed raw wetland area from authoritative panel
coastal-wetland-evidence-contract,1.0.0,a4cf9efdecf6735f87d398acc56604e66df26e62f1a2f1e96fafd7791aa3bcc6,2003,Weifang,BYS,Mangrove,0.0,spatial_unit,observed raw wetland area from authoritative panel
coastal-wetland-evidence-contract,1.0.0,a4cf9efdecf6735f87d398acc56604e66df26e62f1a2f1e96fafd7791aa3bcc6,2004,Weifang,BYS,Mangrove,0.0,spatial_unit,observed raw wetland area from authoritative panel
coastal-wetland-evidence-contract,1.0.0,a4cf9efdecf6735f87d398acc56604e66df26e62f1a2f1e96fafd7791aa3bcc6,2005,Weifang,BYS,Mangrove,0.0,spatial_unit,observed raw wetland area from authoritative panel
coastal-wetland-evidence-contract,1.0.0,a4cf9efdecf6735f87d398acc56604e66df26e62f1a2f1e96fafd7791aa3bcc6,2006,Weifang,BYS,Mangrove,0.0,spatial_unit,observed raw wetland area from authoritative panel
coastal-wetland-evidence-contract,1.0.0,a4cf9efdecf6735f87d398acc56604e66df26e62f1a2f1e96fafd7791aa3bcc6,2007,Weifang,BYS,Mangrove,0.0,spatial_unit,observed raw wetland area from authoritative panel
coastal-wetland-evidence-contract,1.0.0,a4cf9efdecf6735f87d398acc56604e66df26e62f1a2f1e96fafd7791aa3bcc6,2008,Weifang,BYS,Mangrove,0.0,spatial_unit,observed raw wetland area from authoritative panel
coastal-wetland-evidence-contract,1.0.0,a4cf9efdecf6735f87d398acc56604e66df26e62f1a2f1e96fafd7791aa3bcc6,2009,Weifang,BYS,Mangrove,0.0,spatial_unit,observed raw wetland area from authoritative panel
coastal-wetland-evidence-contract,1.0.0,a4cf9efdecf6735f87d398acc56604e66df26e62f1a2f1e96fafd7791aa3bcc6,2010,Weifang,BYS,Mangrove,0.0,spatial_unit,observed raw wetland area from authoritative panel
coastal-wetland-evidence-contract,1.0.0,a4cf9efdecf6735f87d398acc56604e66df26e62f1a2f1e96fafd7791aa3bcc6,2011,Weifang,BYS,Mangrove,0.0,spatial_unit,observed raw wetland area from authoritative panel
coastal-wetland-evidence-contract,1.0.0,a4cf9efdecf6735f87d398acc56604e66df26e62f1a2f1e96fafd7791aa3bcc6,2012,Weifang,BYS,Mangrove,0.0,spatial_unit,observed raw wetland area from authoritative panel
coastal-wetland-evidence-contract,1.0.0,a4cf9efdecf6735f87d398acc56604e66df26e62f1a2f1e96fafd7791aa3bcc6,2013,Weifang,BYS,Mangrove,0.0,spatial_unit,observed raw wetland area from authoritative panel
coastal-wetland-evidence-contract,1.0.0,a4cf9efdecf6735f87d398acc56604e66df26e62f1a2f1e96fafd7791aa3bcc6,2014,Weifang,BYS,Mangrove,0.0,spatial_unit,observed raw wetland area from authoritative panel
coastal-wetland-evidence-contract,1.0.0,a4cf9efdecf6735f87d398acc56604e66df26e62f1a2f1e96fafd7791aa3bcc6,2015,Weifang,BYS,Mangrove,0.0,spatial_unit,observed raw wetland area from authoritative panel
coastal-wetland-evidence-contract,1.0.0,a4cf9efdecf6735f87d398acc56604e66df26e62f1a2f1e96fafd7791aa3bcc6,2016,Weifang,BYS,Mangrove,0.0,spatial_unit,observed raw wetland area from authoritative panel
coastal-wetland-evidence-contract,1.0.0,a4cf9efdecf6735f87d398acc56604e66df26e62f1a2f1e96fafd7791aa3bcc6,2017,Weifang,BYS,Mangrove,0.0,spatial_unit,observed raw wetland area from authoritative panel
coastal-wetland-evidence-contract,1.0.0,a4cf9efdecf6735f87d398acc56604e66df26e62f1a2f1e96fafd7791aa3bcc6,2018,Weifang,BYS,Mangrove,0.0,spatial_unit,observed raw wetland area from authoritative panel
coastal-wetland-evidence-contract,1.0.0,a4cf9efdecf6735f87d398acc56604e66df26e62f1a2f1e96fafd7791aa3bcc6,2019,Weifang,BYS,Mangrove,0.0,spatial_unit,observed raw wetland area from authoritative panel
coastal-wetland-evidence-contract,1.0.0,a4cf9efdecf6735f87d398acc56604e66df26e62f1a2f1e96fafd7791aa3bcc6,2020,Weifang,BYS,Mangrove,0.0,spatial_unit,observed raw wetland area from authoritative panel
coastal-wetland-evidence-contract,1.0.0,a4cf9efdecf6735f87d398acc56604e66df26e62f1a2f1e96fafd7791aa3bcc6,2021,Weifang,BYS,Mangrove,0.0,spatial_unit,observed raw wetland area from authoritative panel
coastal-wetland-evidence-contract,1.0.0,a4cf9efdecf6735f87d398acc56604e66df26e62f1a2f1e96fafd7791aa3bcc6,2022,Weifang,BYS,Mangrove,0.0,spatial_unit,observed raw wetland area from authoritative panel
coastal-wetland-evidence-contract,1.0.0,a4cf9efdecf6735f87d398acc56604e66df26e62f1a2f1e96fafd7791aa3bcc6,2001,Weihai,BYS,Mangrove,0.0,spatial_unit,observed raw wetland area from authoritative panel
coastal-wetland-evidence-contract,1.0.0,a4cf9efdecf6735f87d398acc56604e66df26e62f1a2f1e96fafd7791aa3bcc6,2002,Weihai,BYS,Mangrove,0.0,spatial_unit,observed raw wetland area from authoritative panel
coastal-wetland-evidence-contract,1.0.0,a4cf9efdecf6735f87d398acc56604e66df26e62f1a2f1e96fafd7791aa3bcc6,2003,Weihai,BYS,Mangrove,0.0,spatial_unit,observed raw wetland area from authoritative panel
coastal-wetland-evidence-contract,1.0.0,a4cf9efdecf6735f87d398acc56604e66df26e62f1a2f1e96fafd7791aa3bcc6,2004,Weihai,BYS,Mangrove,0.0,spatial_unit,observed raw wetland area from authoritative panel
coastal-wetland-evidence-contract,1.0.0,a4cf9efdecf6735f87d398acc56604e66df26e62f1a2f1e96fafd7791aa3bcc6,2005,Weihai,BYS,Mangrove,0.0,spatial_unit,observed raw wetland area from authoritative panel
coastal-wetland-evidence-contract,1.0.0,a4cf9efdecf6735f87d398acc56604e66df26e62f1a2f1e96fafd7791aa3bcc6,2006,Weihai,BYS,Mangrove,0.0,spatial_unit,observed raw wetland area from authoritative panel
coastal-wetland-evidence-contract,1.0.0,a4cf9efdecf6735f87d398acc56604e66df26e62f1a2f1e96fafd7791aa3bcc6,2007,Weihai,BYS,Mangrove,0.0,spatial_unit,observed raw wetland area from authoritative panel
coastal-wetland-evidence-contract,1.0.0,a4cf9efdecf6735f87d398acc56604e66df26e62f1a2f1e96fafd7791aa3bcc6,2008,Weihai,BYS,Mangrove,0.0,spatial_unit,observed raw wetland area from authoritative panel
coastal-wetland-evidence-contract,1.0.0,a4cf9efdecf6735f87d398acc56604e66df26e62f1a2f1e96fafd7791aa3bcc6,2009,Weihai,BYS,Mangrove,0.0,spatial_unit,observed raw wetland area from authoritative panel
coastal-wetland-evidence-contract,1.0.0,a4cf9efdecf6735f87d398acc56604e66df26e62f1a2f1e96fafd7791aa3bcc6,2010,Weihai,BYS,Mangrove,0.0,spatial_unit,observed raw wetland area from authoritative panel
coastal-wetland-evidence-contract,1.0.0,a4cf9efdecf6735f87d398acc56604e66df26e62f1a2f1e96fafd7791aa3bcc6,2011,Weihai,BYS,Mangrove,0.0,spatial_unit,observed raw wetland area from authoritative panel
coastal-wetland-evidence-contract,1.0.0,a4cf9efdecf6735f87d398acc56604e66df26e62f1a2f1e96fafd7791aa3bcc6,2012,Weihai,BYS,Mangrove,0.0,spatial_unit,observed raw wetland area from authoritative panel
coastal-wetland-evidence-contract,1.0.0,a4cf9efdecf6735f87d398acc56604e66df26e62f1a2f1e96fafd7791aa3bcc6,2013,Weihai,BYS,Mangrove,0.0,spatial_unit,observed raw wetland area from authoritative panel
coastal-wetland-evidence-contract,1.0.0,a4cf9efdecf6735f87d398acc56604e66df26e62f1a2f1e96fafd7791aa3bcc6,2014,Weihai,BYS,Mangrove,0.0,spatial_unit,observed raw wetland area from authoritative panel
coastal-wetland-evidence-contract,1.0.0,a4cf9efdecf6735f87d398acc56604e66df26e62f1a2f1e96fafd7791aa3bcc6,2015,Weihai,BYS,Mangrove,0.0,spatial_unit,observed raw wetland area from authoritative panel
coastal-wetland-evidence-contract,1.0.0,a4cf9efdecf6735f87d398acc56604e66df26e62f1a2f1e96fafd7791aa3bcc6,2016,Weihai,BYS,Mangrove,0.0,spatial_unit,observed raw wetland area from authoritative panel
coastal-wetland-evidence-contract,1.0.0,a4cf9efdecf6735f87d398acc56604e66df26e62f1a2f1e96fafd7791aa3bcc6,2017,Weihai,BYS,Mangrove,0.0,spatial_unit,observed raw wetland area from authoritative panel
coastal-wetland-evidence-contract,1.0.0,a4cf9efdecf6735f87d398acc56604e66df26e62f1a2f1e96fafd7791aa3bcc6,2018,Weihai,BYS,Mangrove,0.0,spatial_unit,observed raw wetland area from authoritative panel
coastal-wetland-evidence-contract,1.0.0,a4cf9efdecf6735f87d398acc56604e66df26e62f1a2f1e96fafd7791aa3bcc6,2019,Weihai,BYS,Mangrove,0.0,spatial_unit,observed raw wetland area from authoritative panel
coastal-wetland-evidence-contract,1.0.0,a4cf9efdecf6735f87d398acc56604e66df26e62f1a2f1e96fafd7791aa3bcc6,2020,Weihai,BYS,Mangrove,0.0,spatial_unit,observed raw wetland area from authoritative panel
coastal-wetland-evidence-contract,1.0.0,a4cf9efdecf6735f87d398acc56604e66df26e62f1a2f1e96fafd7791aa3bcc6,2021,Weihai,BYS,Mangrove,0.0,spatial_unit,observed raw wetland area from authoritative panel
coastal-wetland-evidence-contract,1.0.0,a4cf9efdecf6735f87d398acc56604e66df26e62f1a2f1e96fafd7791aa3bcc6,2022,Weihai,BYS,Mangrove,0.0,spatial_unit,observed raw wetland area from authoritative panel
coastal-wetland-evidence-contract,1.0.0,a4cf9efdecf6735f87d398acc56604e66df26e62f1a2f1e96fafd7791aa3bcc6,2001,Yantai,BYS,Mangrove,0.0,spatial_unit,observed raw wetland area from authoritative panel
coastal-wetland-evidence-contract,1.0.0,a4cf9efdecf6735f87d398acc56604e66df26e62f1a2f1e96fafd7791aa3bcc6,2002,Yantai,BYS,Mangrove,0.0,spatial_unit,observed raw wetland area from authoritative panel
coastal-wetland-evidence-contract,1.0.0,a4cf9efdecf6735f87d398acc56604e66df26e62f1a2f1e96fafd7791aa3bcc6,2003,Yantai,BYS,Mangrove,0.0,spatial_unit,observed raw wetland area from authoritative panel
coastal-wetland-evidence-contract,1.0.0,a4cf9efdecf6735f87d398acc56604e66df26e62f1a2f1e96fafd7791aa3bcc6,2004,Yantai,BYS,Mangrove,0.0,spatial_unit,observed raw wetland area from authoritative panel
coastal-wetland-evidence-contract,1.0.0,a4cf9efdecf6735f87d398acc56604e66df26e62f1a2f1e96fafd7791aa3bcc6,2005,Yantai,BYS,Mangrove,0.0,spatial_unit,observed raw wetland area from authoritative panel
coastal-wetland-evidence-contract,1.0.0,a4cf9efdecf6735f87d398acc56604e66df26e62f1a2f1e96fafd7791aa3bcc6,2006,Yantai,BYS,Mangrove,0.0,spatial_unit,observed raw wetland area from authoritative panel
coastal-wetland-evidence-contract,1.0.0,a4cf9efdecf6735f87d398acc56604e66df26e62f1a2f1e96fafd7791aa3bcc6,2007,Yantai,BYS,Mangrove,0.0,spatial_unit,observed raw wetland area from authoritative panel
coastal-wetland-evidence-contract,1.0.0,a4cf9efdecf6735f87d398acc56604e66df26e62f1a2f1e96fafd7791aa3bcc6,2008,Yantai,BYS,Mangrove,0.0,spatial_unit,observed raw wetland area from authoritative panel
coastal-wetland-evidence-contract,1.0.0,a4cf9efdecf6735f87d398acc56604e66df26e62f1a2f1e96fafd7791aa3bcc6,2009,Yantai,BYS,Mangrove,0.0,spatial_unit,observed raw wetland area from authoritative panel
coastal-wetland-evidence-contract,1.0.0,a4cf9efdecf6735f87d398acc56604e66df26e62f1a2f1e96fafd7791aa3bcc6,2010,Yantai,BYS,Mangrove,0.0,spatial_unit,observed raw wetland area from authoritative panel
coastal-wetland-evidence-contract,1.0.0,a4cf9efdecf6735f87d398acc56604e66df26e62f1a2f1e96fafd7791aa3bcc6,2011,Yantai,BYS,Mangrove,0.0,spatial_unit,observed raw wetland area from authoritative panel
coastal-wetland-evidence-contract,1.0.0,a4cf9efdecf6735f87d398acc56604e66df26e62f1a2f1e96fafd7791aa3bcc6,2012,Yantai,BYS,Mangrove,0.0,spatial_unit,observed raw wetland area from authoritative panel
coastal-wetland-evidence-contract,1.0.0,a4cf9efdecf6735f87d398acc56604e66df26e62f1a2f1e96fafd7791aa3bcc6,2013,Yantai,BYS,Mangrove,0.0,spatial_unit,observed raw wetland area from authoritative panel
coastal-wetland-evidence-contract,1.0.0,a4cf9efdecf6735f87d398acc56604e66df26e62f1a2f1e96fafd7791aa3bcc6,2014,Yantai,BYS,Mangrove,0.0,spatial_unit,observed raw wetland area from authoritative panel
coastal-wetland-evidence-contract,1.0.0,a4cf9efdecf6735f87d398acc56604e66df26e62f1a2f1e96fafd7791aa3bcc6,2015,Yantai,BYS,Mangrove,0.0,spatial_unit,observed raw wetland area from authoritative panel
coastal-wetland-evidence-contract,1.0.0,a4cf9efdecf6735f87d398acc56604e66df26e62f1a2f1e96fafd7791aa3bcc6,2016,Yantai,BYS,Mangrove,0.0,spatial_unit,observed raw wetland area from authoritative panel
coastal-wetland-evidence-contract,1.0.0,a4cf9efdecf6735f87d398acc56604e66df26e62f1a2f1e96fafd7791aa3bcc6,2017,Yantai,BYS,Mangrove,0.0,spatial_unit,observed raw wetland area from authoritative panel
coastal-wetland-evidence-contract,1.0.0,a4cf9efdecf6735f87d398acc56604e66df26e62f1a2f1e96fafd7791aa3bcc6,2018,Yantai,BYS,Mangrove,0.0,spatial_unit,observed raw wetland area from authoritative panel
coastal-wetland-evidence-contract,1.0.0,a4cf9efdecf6735f87d398acc56604e66df26e62f1a2f1e96fafd7791aa3bcc6,2019,Yantai,BYS,Mangrove,0.0,spatial_unit,observed raw wetland area from authoritative panel
coastal-wetland-evidence-contract,1.0.0,a4cf9efdecf6735f87d398acc56604e66df26e62f1a2f1e96fafd7791aa3bcc6,2020,Yantai,BYS,Mangrove,0.0,spatial_unit,observed raw wetland area from authoritative panel
coastal-wetland-evidence-contract,1.0.0,a4cf9efdecf6735f87d398acc56604e66df26e62f1a2f1e96fafd7791aa3bcc6,2021,Yantai,BYS,Mangrove,0.0,spatial_unit,observed raw wetland area from authoritative panel
coastal-wetland-evidence-contract,1.0.0,a4cf9efdecf6735f87d398acc56604e66df26e62f1a2f1e96fafd7791aa3bcc6,2022,Yantai,BYS,Mangrove,0.0,spatial_unit,observed raw wetland area from authoritative panel
coastal-wetland-evidence-contract,1.0.0,a4cf9efdecf6735f87d398acc56604e66df26e62f1a2f1e96fafd7791aa3bcc6,2001,Yingkou,BYS,Mangrove,0.0,spatial_unit,observed raw wetland area from authoritative panel
coastal-wetland-evidence-contract,1.0.0,a4cf9efdecf6735f87d398acc56604e66df26e62f1a2f1e96fafd7791aa3bcc6,2002,Yingkou,BYS,Mangrove,0.0,spatial_unit,observed raw wetland area from authoritative panel
coastal-wetland-evidence-contract,1.0.0,a4cf9efdecf6735f87d398acc56604e66df26e62f1a2f1e96fafd7791aa3bcc6,2003,Yingkou,BYS,Mangrove,0.0,spatial_unit,observed raw wetland area from authoritative panel
coastal-wetland-evidence-contract,1.0.0,a4cf9efdecf6735f87d398acc56604e66df26e62f1a2f1e96fafd7791aa3bcc6,2004,Yingkou,BYS,Mangrove,0.0,spatial_unit,observed raw wetland area from authoritative panel
coastal-wetland-evidence-contract,1.0.0,a4cf9efdecf6735f87d398acc56604e66df26e62f1a2f1e96fafd7791aa3bcc6,2005,Yingkou,BYS,Mangrove,0.0,spatial_unit,observed raw wetland area from authoritative panel
coastal-wetland-evidence-contract,1.0.0,a4cf9efdecf6735f87d398acc56604e66df26e62f1a2f1e96fafd7791aa3bcc6,2006,Yingkou,BYS,Mangrove,0.0,spatial_unit,observed raw wetland area from authoritative panel
coastal-wetland-evidence-contract,1.0.0,a4cf9efdecf6735f87d398acc56604e66df26e62f1a2f1e96fafd7791aa3bcc6,2007,Yingkou,BYS,Mangrove,0.0,spatial_unit,observed raw wetland area from authoritative panel
coastal-wetland-evidence-contract,1.0.0,a4cf9efdecf6735f87d398acc56604e66df26e62f1a2f1e96fafd7791aa3bcc6,2008,Yingkou,BYS,Mangrove,0.0,spatial_unit,observed raw wetland area from authoritative panel
coastal-wetland-evidence-contract,1.0.0,a4cf9efdecf6735f87d398acc56604e66df26e62f1a2f1e96fafd7791aa3bcc6,2009,Yingkou,BYS,Mangrove,0.0,spatial_unit,observed raw wetland area from authoritative panel
coastal-wetland-evidence-contract,1.0.0,a4cf9efdecf6735f87d398acc56604e66df26e62f1a2f1e96fafd7791aa3bcc6,2010,Yingkou,BYS,Mangrove,0.0,spatial_unit,observed raw wetland area from authoritative panel
coastal-wetland-evidence-contract,1.0.0,a4cf9efdecf6735f87d398acc56604e66df26e62f1a2f1e96fafd7791aa3bcc6,2011,Yingkou,BYS,Mangrove,0.0,spatial_unit,observed raw wetland area from authoritative panel
coastal-wetland-evidence-contract,1.0.0,a4cf9efdecf6735f87d398acc56604e66df26e62f1a2f1e96fafd7791aa3bcc6,2012,Yingkou,BYS,Mangrove,0.0,spatial_unit,observed raw wetland area from authoritative panel
coastal-wetland-evidence-contract,1.0.0,a4cf9efdecf6735f87d398acc56604e66df26e62f1a2f1e96fafd7791aa3bcc6,2013,Yingkou,BYS,Mangrove,0.0,spatial_unit,observed raw wetland area from authoritative panel
coastal-wetland-evidence-contract,1.0.0,a4cf9efdecf6735f87d398acc56604e66df26e62f1a2f1e96fafd7791aa3bcc6,2014,Yingkou,BYS,Mangrove,0.0,spatial_unit,observed raw wetland area from authoritative panel
coastal-wetland-evidence-contract,1.0.0,a4cf9efdecf6735f87d398acc56604e66df26e62f1a2f1e96fafd7791aa3bcc6,2015,Yingkou,BYS,Mangrove,0.0,spatial_unit,observed raw wetland area from authoritative panel
coastal-wetland-evidence-contract,1.0.0,a4cf9efdecf6735f87d398acc56604e66df26e62f1a2f1e96fafd7791aa3bcc6,2016,Yingkou,BYS,Mangrove,0.0,spatial_unit,observed raw wetland area from authoritative panel
coastal-wetland-evidence-contract,1.0.0,a4cf9efdecf6735f87d398acc56604e66df26e62f1a2f1e96fafd7791aa3bcc6,2017,Yingkou,BYS,Mangrove,0.0,spatial_unit,observed raw wetland area from authoritative panel
coastal-wetland-evidence-contract,1.0.0,a4cf9efdecf6735f87d398acc56604e66df26e62f1a2f1e96fafd7791aa3bcc6,2018,Yingkou,BYS,Mangrove,0.0,spatial_unit,observed raw wetland area from authoritative panel
coastal-wetland-evidence-contract,1.0.0,a4cf9efdecf6735f87d398acc56604e66df26e62f1a2f1e96fafd7791aa3bcc6,2019,Yingkou,BYS,Mangrove,0.0,spatial_unit,observed raw wetland area from authoritative panel
coastal-wetland-evidence-contract,1.0.0,a4cf9efdecf6735f87d398acc56604e66df26e62f1a2f1e96fafd7791aa3bcc6,2020,Yingkou,BYS,Mangrove,0.0,spatial_unit,observed raw wetland area from authoritative panel
coastal-wetland-evidence-contract,1.0.0,a4cf9efdecf6735f87d398acc56604e66df26e62f1a2f1e96fafd7791aa3bcc6,2021,Yingkou,BYS,Mangrove,0.0,spatial_unit,observed raw wetland area from authoritative panel
coastal-wetland-evidence-contract,1.0.0,a4cf9efdecf6735f87d398acc56604e66df26e62f1a2f1e96fafd7791aa3bcc6,2022,Yingkou,BYS,Mangrove,0.0,spatial_unit,observed raw wetland area from authoritative panel
coastal-wetland-evidence-contract,1.0.0,a4cf9efdecf6735f87d398acc56604e66df26e62f1a2f1e96fafd7791aa3bcc6,2001,Chaozhou,HX,Mangrove,0.221255249590227,spatial_unit,observed raw wetland area from authoritative panel
coastal-wetland-evidence-contract,1.0.0,a4cf9efdecf6735f87d398acc56604e66df26e62f1a2f1e96fafd7791aa3bcc6,2002,Chaozhou,HX,Mangrove,0.286670005047488,spatial_unit,observed raw wetland area from authoritative panel
coastal-wetland-evidence-contract,1.0.0,a4cf9efdecf6735f87d398acc56604e66df26e62f1a2f1e96fafd7791aa3bcc6,2003,Chaozhou,HX,Mangrove,0.344241806751685,spatial_unit,observed raw wetland area from authoritative panel
coastal-wetland-evidence-contract,1.0.0,a4cf9efdecf6735f87d398acc56604e66df26e62f1a2f1e96fafd7791aa3bcc6,2004,Chaozhou,HX,Mangrove,0.350907535887715,spatial_unit,observed raw wetland area from authoritative panel
coastal-wetland-evidence-contract,1.0.0,a4cf9efdecf6735f87d398acc56604e66df26e62f1a2f1e96fafd7791aa3bcc6,2005,Chaozhou,HX,Mangrove,0.378523430120251,spatial_unit,observed raw wetland area from authoritative panel
coastal-wetland-evidence-contract,1.0.0,a4cf9efdecf6735f87d398acc56604e66df26e62f1a2f1e96fafd7791aa3bcc6,2006,Chaozhou,HX,Mangrove,0.250286631732537,spatial_unit,observed raw wetland area from authoritative panel
coastal-wetland-evidence-contract,1.0.0,a4cf9efdecf6735f87d398acc56604e66df26e62f1a2f1e96fafd7791aa3bcc6,2007,Chaozhou,HX,Mangrove,0.226679345806526,spatial_unit,observed raw wetland area from authoritative panel
coastal-wetland-evidence-contract,1.0.0,a4cf9efdecf6735f87d398acc56604e66df26e62f1a2f1e96fafd7791aa3bcc6,2008,Chaozhou,HX,Mangrove,0.207441518673407,spatial_unit,observed raw wetland area from authoritative panel
coastal-wetland-evidence-contract,1.0.0,a4cf9efdecf6735f87d398acc56604e66df26e62f1a2f1e96fafd7791aa3bcc6,2009,Chaozhou,HX,Mangrove,0.250711323759191,spatial_unit,observed raw wetland area from authoritative panel
coastal-wetland-evidence-contract,1.0.0,a4cf9efdecf6735f87d398acc56604e66df26e62f1a2f1e96fafd7791aa3bcc6,2010,Chaozhou,HX,Mangrove,0.289954306525735,spatial_unit,observed raw wetland area from authoritative panel
coastal-wetland-evidence-contract,1.0.0,a4cf9efdecf6735f87d398acc56604e66df26e62f1a2f1e96fafd7791aa3bcc6,2011,Chaozhou,HX,Mangrove,0.190051475792739,spatial_unit,observed raw wetland area from authoritative panel
coastal-wetland-evidence-contract,1.0.0,a4cf9efdecf6735f87d398acc56604e66df26e62f1a2f1e96fafd7791aa3bcc6,2012,Chaozhou,HX,Mangrove,0.300181271162684,spatial_unit,observed raw wetland area from authoritative panel
coastal-wetland-evidence-contract,1.0.0,a4cf9efdecf6735f87d398acc56604e66df26e62f1a2f1e96fafd7791aa3bcc6,2013,Chaozhou,HX,Mangrove,0.312196892719822,spatial_unit,observed raw wetland area from authoritative panel
coastal-wetland-evidence-contract,1.0.0,a4cf9efdecf6735f87d398acc56604e66df26e62f1a2f1e96fafd7791aa3bcc6,2014,Chaozhou,HX,Mangrove,0.292689216976869,spatial_unit,observed raw wetland area from authoritative panel
coastal-wetland-evidence-contract,1.0.0,a4cf9efdecf6735f87d398acc56604e66df26e62f1a2f1e96fafd7791aa3bcc6,2015,Chaozhou,HX,Mangrove,0.301832066586244,spatial_unit,observed raw wetland area from authoritative panel
coastal-wetland-evidence-contract,1.0.0,a4cf9efdecf6735f87d398acc56604e66df26e62f1a2f1e96fafd7791aa3bcc6,2016,Chaozhou,HX,Mangrove,0.292457886933211,spatial_unit,observed raw wetland area from authoritative panel
coastal-wetland-evidence-contract,1.0.0,a4cf9efdecf6735f87d398acc56604e66df26e62f1a2f1e96fafd7791aa3bcc6,2017,Chaozhou,HX,Mangrove,0.32911352667356,spatial_unit,observed raw wetland area from authoritative panel
coastal-wetland-evidence-contract,1.0.0,a4cf9efdecf6735f87d398acc56604e66df26e62f1a2f1e96fafd7791aa3bcc6,2018,Chaozhou,HX,Mangrove,0.294167175145527,spatial_unit,observed raw wetland area from authoritative panel
coastal-wetland-evidence-contract,1.0.0,a4cf9efdecf6735f87d398acc56604e66df26e62f1a2f1e96fafd7791aa3bcc6,2019,Chaozhou,HX,Mangrove,0.362640519822304,spatial_unit,observed raw wetland area from authoritative panel
coastal-wetland-evidence-contract,1.0.0,a4cf9efdecf6735f87d398acc56604e66df26e62f1a2f1e96fafd7791aa3bcc6,2020,Chaozhou,HX,Mangrove,0.314328513135723,spatial_unit,observed raw wetland area from authoritative panel
coastal-wetland-evidence-contract,1.0.0,a4cf9efdecf6735f87d398acc56604e66df26e62f1a2f1e96fafd7791aa3bcc6,2021,Chaozhou,HX,Mangrove,0.323556878841146,spatial_unit,observed raw wetland area from authoritative panel
coastal-wetland-evidence-contract,1.0.0,a4cf9efdecf6735f87d398acc56604e66df26e62f1a2f1e96fafd7791aa3bcc6,2022,Chaozhou,HX,Mangrove,0.31586568169424,spatial_unit,observed raw wetland area from authoritative panel
coastal-wetland-evidence-contract,1.0.0,a4cf9efdecf6735f87d398acc56604e66df26e62f1a2f1e96fafd7791aa3bcc6,2001,Fuzhou,HX,Mangrove,1.17535611227788,spatial_unit,observed raw wetland area from authoritative panel
coastal-wetland-evidence-contract,1.0.0,a4cf9efdecf6735f87d398acc56604e66df26e62f1a2f1e96fafd7791aa3bcc6,2002,Fuzhou,HX,Mangrove,0.742715030993413,spatial_unit,observed raw wetland area from authoritative panel
coastal-wetland-evidence-contract,1.0.0,a4cf9efdecf6735f87d398acc56604e66df26e62f1a2f1e96fafd7791aa3bcc6,2003,Fuzhou,HX,Mangrove,1.04672828942632,spatial_unit,observed raw wetland area from authoritative panel
coastal-wetland-evidence-contract,1.0.0,a4cf9efdecf6735f87d398acc56604e66df26e62f1a2f1e96fafd7791aa3bcc6,2004,Fuzhou,HX,Mangrove,1.23127645823376,spatial_unit,observed raw wetland area from authoritative panel
coastal-wetland-evidence-contract,1.0.0,a4cf9efdecf6735f87d398acc56604e66df26e62f1a2f1e96fafd7791aa3bcc6,2005,Fuzhou,HX,Mangrove,1.24394377497319,spatial_unit,observed raw wetland area from authoritative panel
coastal-wetland-evidence-contract,1.0.0,a4cf9efdecf6735f87d398acc56604e66df26e62f1a2f1e96fafd7791aa3bcc6,2006,Fuzhou,HX,Mangrove,1.16192165417433,spatial_unit,observed raw wetland area from authoritative panel
coastal-wetland-evidence-contract,1.0.0,a4cf9efdecf6735f87d398acc56604e66df26e62f1a2f1e96fafd7791aa3bcc6,2007,Fuzhou,HX,Mangrove,1.07403903665748,spatial_unit,observed raw wetland area from authoritative panel
coastal-wetland-evidence-contract,1.0.0,a4cf9efdecf6735f87d398acc56604e66df26e62f1a2f1e96fafd7791aa3bcc6,2008,Fuzhou,HX,Mangrove,1.37377749603248,spatial_unit,observed raw wetland area from authoritative panel
coastal-wetland-evidence-contract,1.0.0,a4cf9efdecf6735f87d398acc56604e66df26e62f1a2f1e96fafd7791aa3bcc6,2009,Fuzhou,HX,Mangrove,1.49491461066176,spatial_unit,observed raw wetland area from authoritative panel
coastal-wetland-evidence-contract,1.0.0,a4cf9efdecf6735f87d398acc56604e66df26e62f1a2f1e96fafd7791aa3bcc6,2010,Fuzhou,HX,Mangrove,1.49753984743413,spatial_unit,observed raw wetland area from authoritative panel
coastal-wetland-evidence-contract,1.0.0,a4cf9efdecf6735f87d398acc56604e66df26e62f1a2f1e96fafd7791aa3bcc6,2011,Fuzhou,HX,Mangrove,1.62607414428615,spatial_unit,observed raw wetland area from authoritative panel
coastal-wetland-evidence-contract,1.0.0,a4cf9efdecf6735f87d398acc56604e66df26e62f1a2f1e96fafd7791aa3bcc6,2012,Fuzhou,HX,Mangrove,1.47545781027114,spatial_unit,observed raw wetland area from authoritative panel
coastal-wetland-evidence-contract,1.0.0,a4cf9efdecf6735f87d398acc56604e66df26e62f1a2f1e96fafd7791aa3bcc6,2013,Fuzhou,HX,Mangrove,1.167767089231,spatial_unit,observed raw wetland area from authoritative panel
coastal-wetland-evidence-contract,1.0.0,a4cf9efdecf6735f87d398acc56604e66df26e62f1a2f1e96fafd7791aa3bcc6,2014,Fuzhou,HX,Mangrove,1.07167676327359,spatial_unit,observed raw wetland area from authoritative panel
coastal-wetland-evidence-contract,1.0.0,a4cf9efdecf6735f87d398acc56604e66df26e62f1a2f1e96fafd7791aa3bcc6,2015,Fuzhou,HX,Mangrove,0.995957774069393,spatial_unit,observed raw wetland area from authoritative panel
coastal-wetland-evidence-contract,1.0.0,a4cf9efdecf6735f87d398acc56604e66df26e62f1a2f1e96fafd7791aa3bcc6,2016,Fuzhou,HX,Mangrove,1.02403739781327,spatial_unit,observed raw wetland area from authoritative panel
coastal-wetland-evidence-contract,1.0.0,a4cf9efdecf6735f87d398acc56604e66df26e62f1a2f1e96fafd7791aa3bcc6,2017,Fuzhou,HX,Mangrove,1.6322007290939,spatial_unit,observed raw wetland area from authoritative panel
coastal-wetland-evidence-contract,1.0.0,a4cf9efdecf6735f87d398acc56604e66df26e62f1a2f1e96fafd7791aa3bcc6,2018,Fuzhou,HX,Mangrove,0.985556262354473,spatial_unit,observed raw wetland area from authoritative panel
coastal-wetland-evidence-contract,1.0.0,a4cf9efdecf6735f87d398acc56604e66df26e62f1a2f1e96fafd7791aa3bcc6,2019,Fuzhou,HX,Mangrove,0.89278068950291,spatial_unit,observed raw wetland area from authoritative panel
coastal-wetland-evidence-contract,1.0.0,a4cf9efdecf6735f87d398acc56604e66df26e62f1a2f1e96fafd7791aa3bcc6,2020,Fuzhou,HX,Mangrove,1.1175992796492,spatial_unit,observed raw wetland area from authoritative panel
coastal-wetland-evidence-contract,1.0.0,a4cf9efdecf6735f87d398acc56604e66df26e62f1a2f1e96fafd7791aa3bcc6,2021,Fuzhou,HX,Mangrove,1.23941380065104,spatial_unit,observed raw wetland area from authoritative panel
coastal-wetland-evidence-contract,1.0.0,a4cf9efdecf6735f87d398acc56604e66df26e62f1a2f1e96fafd7791aa3bcc6,2022,Fuzhou,HX,Mangrove,1.40783855101869,spatial_unit,observed raw wetland area from authoritative panel
coastal-wetland-evidence-contract,1.0.0,a4cf9efdecf6735f87d398acc56604e66df26e62f1a2f1e96fafd7791aa3bcc6,2001,Jieyang,HX,Mangrove,0.0,spatial_unit,observed raw wetland area from authoritative panel
coastal-wetland-evidence-contract,1.0.0,a4cf9efdecf6735f87d398acc56604e66df26e62f1a2f1e96fafd7791aa3bcc6,2002,Jieyang,HX,Mangrove,0.0,spatial_unit,observed raw wetland area from authoritative panel
coastal-wetland-evidence-contract,1.0.0,a4cf9efdecf6735f87d398acc56604e66df26e62f1a2f1e96fafd7791aa3bcc6,2003,Jieyang,HX,Mangrove,0.0,spatial_unit,observed raw wetland area from authoritative panel
coastal-wetland-evidence-contract,1.0.0,a4cf9efdecf6735f87d398acc56604e66df26e62f1a2f1e96fafd7791aa3bcc6,2004,Jieyang,HX,Mangrove,0.0026243189682904,spatial_unit,observed raw wetland area from authoritative panel
coastal-wetland-evidence-contract,1.0.0,a4cf9efdecf6735f87d398acc56604e66df26e62f1a2f1e96fafd7791aa3bcc6,2005,Jieyang,HX,Mangrove,0.0026243189682904,spatial_unit,observed raw wetland area from authoritative panel
coastal-wetland-evidence-contract,1.0.0,a4cf9efdecf6735f87d398acc56604e66df26e62f1a2f1e96fafd7791aa3bcc6,2006,Jieyang,HX,Mangrove,0.0,spatial_unit,observed raw wetland area from authoritative panel
coastal-wetland-evidence-contract,1.0.0,a4cf9efdecf6735f87d398acc56604e66df26e62f1a2f1e96fafd7791aa3bcc6,2007,Jieyang,HX,Mangrove,0.0,spatial_unit,observed raw wetland area from authoritative panel
coastal-wetland-evidence-contract,1.0.0,a4cf9efdecf6735f87d398acc56604e66df26e62f1a2f1e96fafd7791aa3bcc6,2008,Jieyang,HX,Mangrove,0.0,spatial_unit,observed raw wetland area from authoritative panel
coastal-wetland-evidence-contract,1.0.0,a4cf9efdecf6735f87d398acc56604e66df26e62f1a2f1e96fafd7791aa3bcc6,2009,Jieyang,HX,Mangrove,0.0,spatial_unit,observed raw wetland area from authoritative panel
coastal-wetland-evidence-contract,1.0.0,a4cf9efdecf6735f87d398acc56604e66df26e62f1a2f1e96fafd7791aa3bcc6,2010,Jieyang,HX,Mangrove,0.0,spatial_unit,observed raw wetland area from authoritative panel
coastal-wetland-evidence-contract,1.0.0,a4cf9efdecf6735f87d398acc56604e66df26e62f1a2f1e96fafd7791aa3bcc6,2011,Jieyang,HX,Mangrove,0.0,spatial_unit,observed raw wetland area from authoritative panel
coastal-wetland-evidence-contract,1.0.0,a4cf9efdecf6735f87d398acc56604e66df26e62f1a2f1e96fafd7791aa3bcc6,2012,Jieyang,HX,Mangrove,0.0,spatial_unit,observed raw wetland area from authoritative panel
coastal-wetland-evidence-contract,1.0.0,a4cf9efdecf6735f87d398acc56604e66df26e62f1a2f1e96fafd7791aa3bcc6,2013,Jieyang,HX,Mangrove,0.0,spatial_unit,observed raw wetland area from authoritative panel
coastal-wetland-evidence-contract,1.0.0,a4cf9efdecf6735f87d398acc56604e66df26e62f1a2f1e96fafd7791aa3bcc6,2014,Jieyang,HX,Mangrove,0.0,spatial_unit,observed raw wetland area from authoritative panel
coastal-wetland-evidence-contract,1.0.0,a4cf9efdecf6735f87d398acc56604e66df26e62f1a2f1e96fafd7791aa3bcc6,2015,Jieyang,HX,Mangrove,0.0,spatial_unit,observed raw wetland area from authoritative panel
coastal-wetland-evidence-contract,1.0.0,a4cf9efdecf6735f87d398acc56604e66df26e62f1a2f1e96fafd7791aa3bcc6,2016,Jieyang,HX,Mangrove,0.0,spatial_unit,observed raw wetland area from authoritative panel
coastal-wetland-evidence-contract,1.0.0,a4cf9efdecf6735f87d398acc56604e66df26e62f1a2f1e96fafd7791aa3bcc6,2017,Jieyang,HX,Mangrove,0.0,spatial_unit,observed raw wetland area from authoritative panel
coastal-wetland-evidence-contract,1.0.0,a4cf9efdecf6735f87d398acc56604e66df26e62f1a2f1e96fafd7791aa3bcc6,2018,Jieyang,HX,Mangrove,0.0,spatial_unit,observed raw wetland area from authoritative panel
coastal-wetland-evidence-contract,1.0.0,a4cf9efdecf6735f87d398acc56604e66df26e62f1a2f1e96fafd7791aa3bcc6,2019,Jieyang,HX,Mangrove,0.0,spatial_unit,observed raw wetland area from authoritative panel
coastal-wetland-evidence-contract,1.0.0,a4cf9efdecf6735f87d398acc56604e66df26e62f1a2f1e96fafd7791aa3bcc6,2020,Jieyang,HX,Mangrove,0.0,spatial_unit,observed raw wetland area from authoritative panel
coastal-wetland-evidence-contract,1.0.0,a4cf9efdecf6735f87d398acc56604e66df26e62f1a2f1e96fafd7791aa3bcc6,2021,Jieyang,HX,Mangrove,0.0,spatial_unit,observed raw wetland area from authoritative panel
coastal-wetland-evidence-contract,1.0.0,a4cf9efdecf6735f87d398acc56604e66df26e62f1a2f1e96fafd7791aa3bcc6,2022,Jieyang,HX,Mangrove,0.0,spatial_unit,observed raw wetland area from authoritative panel
coastal-wetland-evidence-contract,1.0.0,a4cf9efdecf6735f87d398acc56604e66df26e62f1a2f1e96fafd7791aa3bcc6,2001,Ningde,HX,Mangrove,5.08252548512943,spatial_unit,observed raw wetland area from authoritative panel
coastal-wetland-evidence-contract,1.0.0,a4cf9efdecf6735f87d398acc56604e66df26e62f1a2f1e96fafd7791aa3bcc6,2002,Ningde,HX,Mangrove,5.09787997114736,spatial_unit,observed raw wetland area from authoritative panel
coastal-wetland-evidence-contract,1.0.0,a4cf9efdecf6735f87d398acc56604e66df26e62f1a2f1e96fafd7791aa3bcc6,2003,Ningde,HX,Mangrove,5.17095391043198,spatial_unit,observed raw wetland area from authoritative panel
coastal-wetland-evidence-contract,1.0.0,a4cf9efdecf6735f87d398acc56604e66df26e62f1a2f1e96fafd7791aa3bcc6,2004,Ningde,HX,Mangrove,6.1663006153033,spatial_unit,observed raw wetland area from authoritative panel
coastal-wetland-evidence-contract,1.0.0,a4cf9efdecf6735f87d398acc56604e66df26e62f1a2f1e96fafd7791aa3bcc6,2005,Ningde,HX,Mangrove,6.20178814680606,spatial_unit,observed raw wetland area from authoritative panel
coastal-wetland-evidence-contract,1.0.0,a4cf9efdecf6735f87d398acc56604e66df26e62f1a2f1e96fafd7791aa3bcc6,2006,Ningde,HX,Mangrove,6.10095369672946,spatial_unit,observed raw wetland area from authoritative panel
coastal-wetland-evidence-contract,1.0.0,a4cf9efdecf6735f87d398acc56604e66df26e62f1a2f1e96fafd7791aa3bcc6,2007,Ningde,HX,Mangrove,5.55960260483685,spatial_unit,observed raw wetland area from authoritative panel
coastal-wetland-evidence-contract,1.0.0,a4cf9efdecf6735f87d398acc56604e66df26e62f1a2f1e96fafd7791aa3bcc6,2008,Ningde,HX,Mangrove,5.23354713520986,spatial_unit,observed raw wetland area from authoritative panel
coastal-wetland-evidence-contract,1.0.0,a4cf9efdecf6735f87d398acc56604e66df26e62f1a2f1e96fafd7791aa3bcc6,2009,Ningde,HX,Mangrove,5.86761429926853,spatial_unit,observed raw wetland area from authoritative panel
coastal-wetland-evidence-contract,1.0.0,a4cf9efdecf6735f87d398acc56604e66df26e62f1a2f1e96fafd7791aa3bcc6,2010,Ningde,HX,Mangrove,6.26752514727711,spatial_unit,observed raw wetland area from authoritative panel
coastal-wetland-evidence-contract,1.0.0,a4cf9efdecf6735f87d398acc56604e66df26e62f1a2f1e96fafd7791aa3bcc6,2011,Ningde,HX,Mangrove,6.78690832906326,spatial_unit,observed raw wetland area from authoritative panel
coastal-wetland-evidence-contract,1.0.0,a4cf9efdecf6735f87d398acc56604e66df26e62f1a2f1e96fafd7791aa3bcc6,2012,Ningde,HX,Mangrove,6.4261189503753,spatial_unit,observed raw wetland area from authoritative panel
coastal-wetland-evidence-contract,1.0.0,a4cf9efdecf6735f87d398acc56604e66df26e62f1a2f1e96fafd7791aa3bcc6,2013,Ningde,HX,Mangrove,5.23029637781862,spatial_unit,observed raw wetland area from authoritative panel
coastal-wetland-evidence-contract,1.0.0,a4cf9efdecf6735f87d398acc56604e66df26e62f1a2f1e96fafd7791aa3bcc6,2014,Ningde,HX,Mangrove,5.32108922344132,spatial_unit,observed raw wetland area from authoritative panel
coastal-wetland-evidence-contract,1.0.0,a4cf9efdecf6735f87d398acc56604e66df26e62f1a2f1e96fafd7791aa3bcc6,2015,Ningde,HX,Mangrove,5.02978263178997,spatial_unit,observed raw wetland area from authoritative panel
coastal-wetland-evidence-contract,1.0.0,a4cf9efdecf6735f87d398acc56604e66df26e62f1a2f1e96fafd7791aa3bcc6,2016,Ningde,HX,Mangrove,4.76227043526347,spatial_unit,observed raw wetland area from authoritative panel
coastal-wetland-evidence-contract,1.0.0,a4cf9efdecf6735f87d398acc56604e66df26e62f1a2f1e96fafd7791aa3bcc6,2017,Ningde,HX,Mangrove,5.43650272073759,spatial_unit,observed raw wetland area from authoritative panel
coastal-wetland-evidence-contract,1.0.0,a4cf9efdecf6735f87d398acc56604e66df26e62f1a2f1e96fafd7791aa3bcc6,2018,Ningde,HX,Mangrove,5.02493803504901,spatial_unit,observed raw wetland area from authoritative panel
coastal-wetland-evidence-contract,1.0.0,a4cf9efdecf6735f87d398acc56604e66df26e62f1a2f1e96fafd7791aa3bcc6,2019,Ningde,HX,Mangrove,4.99127796962699,spatial_unit,observed raw wetland area from authoritative panel
coastal-wetland-evidence-contract,1.0.0,a4cf9efdecf6735f87d398acc56604e66df26e62f1a2f1e96fafd7791aa3bcc6,2020,Ningde,HX,Mangrove,5.3445107768995,spatial_unit,observed raw wetland area from authoritative panel
coastal-wetland-evidence-contract,1.0.0,a4cf9efdecf6735f87d398acc56604e66df26e62f1a2f1e96fafd7791aa3bcc6,2021,Ningde,HX,Mangrove,5.62162831665134,spatial_unit,observed raw wetland area from authoritative panel
coastal-wetland-evidence-contract,1.0.0,a4cf9efdecf6735f87d398acc56604e66df26e62f1a2f1e96fafd7791aa3bcc6,2022,Ningde,HX,Mangrove,6.24608827645526,spatial_unit,observed raw wetland area from authoritative panel
coastal-wetland-evidence-contract,1.0.0,a4cf9efdecf6735f87d398acc56604e66df26e62f1a2f1e96fafd7791aa3bcc6,2001,Putian,HX,Mangrove,0.0516647878025429,spatial_unit,observed raw wetland area from authoritative panel
coastal-wetland-evidence-contract,1.0.0,a4cf9efdecf6735f87d398acc56604e66df26e62f1a2f1e96fafd7791aa3bcc6,2002,Putian,HX,Mangrove,0.0450055703125,spatial_unit,observed raw wetland area from authoritative panel
coastal-wetland-evidence-contract,1.0.0,a4cf9efdecf6735f87d398acc56604e66df26e62f1a2f1e96fafd7791aa3bcc6,2003,Putian,HX,Mangrove,0.165546904342831,spatial_unit,observed raw wetland area from authoritative panel
coastal-wetland-evidence-contract,1.0.0,a4cf9efdecf6735f87d398acc56604e66df26e62f1a2f1e96fafd7791aa3bcc6,2004,Putian,HX,Mangrove,0.042264752845435,spatial_unit,observed raw wetland area from authoritative panel
coastal-wetland-evidence-contract,1.0.0,a4cf9efdecf6735f87d398acc56604e66df26e62f1a2f1e96fafd7791aa3bcc6,2005,Putian,HX,Mangrove,0.0180163095703125,spatial_unit,observed raw wetland area from authoritative panel
coastal-wetland-evidence-contract,1.0.0,a4cf9efdecf6735f87d398acc56604e66df26e62f1a2f1e96fafd7791aa3bcc6,2006,Putian,HX,Mangrove,0.0529933890242034,spatial_unit,observed raw wetland area from authoritative panel
coastal-wetland-evidence-contract,1.0.0,a4cf9efdecf6735f87d398acc56604e66df26e62f1a2f1e96fafd7791aa3bcc6,2007,Putian,HX,Mangrove,0.171511654549632,spatial_unit,observed raw wetland area from authoritative panel
coastal-wetland-evidence-contract,1.0.0,a4cf9efdecf6735f87d398acc56604e66df26e62f1a2f1e96fafd7791aa3bcc6,2008,Putian,HX,Mangrove,0.082694204676011,spatial_unit,observed raw wetland area from authoritative panel
coastal-wetland-evidence-contract,1.0.0,a4cf9efdecf6735f87d398acc56604e66df26e62f1a2f1e96fafd7791aa3bcc6,2009,Putian,HX,Mangrove,0.0724362366766238,spatial_unit,observed raw wetland area from authoritative panel
coastal-wetland-evidence-contract,1.0.0,a4cf9efdecf6735f87d398acc56604e66df26e62f1a2f1e96fafd7791aa3bcc6,2010,Putian,HX,Mangrove,0.0181187509076287,spatial_unit,observed raw wetland area from authoritative panel
coastal-wetland-evidence-contract,1.0.0,a4cf9efdecf6735f87d398acc56604e66df26e62f1a2f1e96fafd7791aa3bcc6,2011,Putian,HX,Mangrove,0.0364089049402574,spatial_unit,observed raw wetland area from authoritative panel
coastal-wetland-evidence-contract,1.0.0,a4cf9efdecf6735f87d398acc56604e66df26e62f1a2f1e96fafd7791aa3bcc6,2012,Putian,HX,Mangrove,0.168828261699602,spatial_unit,observed raw wetland area from authoritative panel
coastal-wetland-evidence-contract,1.0.0,a4cf9efdecf6735f87d398acc56604e66df26e62f1a2f1e96fafd7791aa3bcc6,2013,Putian,HX,Mangrove,0.0941702947954963,spatial_unit,observed raw wetland area from authoritative panel
coastal-wetland-evidence-contract,1.0.0,a4cf9efdecf6735f87d398acc56604e66df26e62f1a2f1e96fafd7791aa3bcc6,2014,Putian,HX,Mangrove,0.103636435841759,spatial_unit,observed raw wetland area from authoritative panel
coastal-wetland-evidence-contract,1.0.0,a4cf9efdecf6735f87d398acc56604e66df26e62f1a2f1e96fafd7791aa3bcc6,2015,Putian,HX,Mangrove,0.130009319837623,spatial_unit,observed raw wetland area from authoritative panel
coastal-wetland-evidence-contract,1.0.0,a4cf9efdecf6735f87d398acc56604e66df26e62f1a2f1e96fafd7791aa3bcc6,2016,Putian,HX,Mangrove,0.0758240778952206,spatial_unit,observed raw wetland area from authoritative panel
coastal-wetland-evidence-contract,1.0.0,a4cf9efdecf6735f87d398acc56604e66df26e62f1a2f1e96fafd7791aa3bcc6,2017,Putian,HX,Mangrove,0.050924310033701,spatial_unit,observed raw wetland area from authoritative panel
coastal-wetland-evidence-contract,1.0.0,a4cf9efdecf6735f87d398acc56604e66df26e62f1a2f1e96fafd7791aa3bcc6,2018,Putian,HX,Mangrove,0.0419164887446385,spatial_unit,observed raw wetland area from authoritative panel
coastal-wetland-evidence-contract,1.0.0,a4cf9efdecf6735f87d398acc56604e66df26e62f1a2f1e96fafd7791aa3bcc6,2019,Putian,HX,Mangrove,0.118029011060049,spatial_unit,observed raw wetland area from authoritative panel
coastal-wetland-evidence-contract,1.0.0,a4cf9efdecf6735f87d398acc56604e66df26e62f1a2f1e96fafd7791aa3bcc6,2020,Putian,HX,Mangrove,0.311334204695159,spatial_unit,observed raw wetland area from authoritative panel
coastal-wetland-evidence-contract,1.0.0,a4cf9efdecf6735f87d398acc56604e66df26e62f1a2f1e96fafd7791aa3bcc6,2021,Putian,HX,Mangrove,0.289444508900123,spatial_unit,observed raw wetland area from authoritative panel
coastal-wetland-evidence-contract,1.0.0,a4cf9efdecf6735f87d398acc56604e66df26e62f1a2f1e96fafd7791aa3bcc6,2022,Putian,HX,Mangrove,0.384949632452512,spatial_unit,observed raw wetland area from authoritative panel
coastal-wetland-evidence-contract,1.0.0,a4cf9efdecf6735f87d398acc56604e66df26e62f1a2f1e96fafd7791aa3bcc6,2001,Quanzhou,HX,Mangrove,0.880655412086397,spatial_unit,observed raw wetland area from authoritative panel
coastal-wetland-evidence-contract,1.0.0,a4cf9efdecf6735f87d398acc56604e66df26e62f1a2f1e96fafd7791aa3bcc6,2002,Quanzhou,HX,Mangrove,1.11406935407476,spatial_unit,observed raw wetland area from authoritative panel
coastal-wetland-evidence-contract,1.0.0,a4cf9efdecf6735f87d398acc56604e66df26e62f1a2f1e96fafd7791aa3bcc6,2003,Quanzhou,HX,Mangrove,0.860351428059896,spatial_unit,observed raw wetland area from authoritative panel
coastal-wetland-evidence-contract,1.0.0,a4cf9efdecf6735f87d398acc56604e66df26e62f1a2f1e96fafd7791aa3bcc6,2004,Quanzhou,HX,Mangrove,0.685752843547028,spatial_unit,observed raw wetland area from authoritative panel
coastal-wetland-evidence-contract,1.0.0,a4cf9efdecf6735f87d398acc56604e66df26e62f1a2f1e96fafd7791aa3bcc6,2005,Quanzhou,HX,Mangrove,0.646878705637255,spatial_unit,observed raw wetland area from authoritative panel
coastal-wetland-evidence-contract,1.0.0,a4cf9efdecf6735f87d398acc56604e66df26e62f1a2f1e96fafd7791aa3bcc6,2006,Quanzhou,HX,Mangrove,0.694248377929688,spatial_unit,observed raw wetland area from authoritative panel
coastal-wetland-evidence-contract,1.0.0,a4cf9efdecf6735f87d398acc56604e66df26e62f1a2f1e96fafd7791aa3bcc6,2007,Quanzhou,HX,Mangrove,0.754646250988051,spatial_unit,observed raw wetland area from authoritative panel
coastal-wetland-evidence-contract,1.0.0,a4cf9efdecf6735f87d398acc56604e66df26e62f1a2f1e96fafd7791aa3bcc6,2008,Quanzhou,HX,Mangrove,0.672139932835478,spatial_unit,observed raw wetland area from authoritative panel
coastal-wetland-evidence-contract,1.0.0,a4cf9efdecf6735f87d398acc56604e66df26e62f1a2f1e96fafd7791aa3bcc6,2009,Quanzhou,HX,Mangrove,0.943523748801318,spatial_unit,observed raw wetland area from authoritative panel
coastal-wetland-evidence-contract,1.0.0,a4cf9efdecf6735f87d398acc56604e66df26e62f1a2f1e96fafd7791aa3bcc6,2010,Quanzhou,HX,Mangrove,0.790017250911458,spatial_unit,observed raw wetland area from authoritative panel
coastal-wetland-evidence-contract,1.0.0,a4cf9efdecf6735f87d398acc56604e66df26e62f1a2f1e96fafd7791aa3bcc6,2011,Quanzhou,HX,Mangrove,0.833710477075674,spatial_unit,observed raw wetland area from authoritative panel
coastal-wetland-evidence-contract,1.0.0,a4cf9efdecf6735f87d398acc56604e66df26e62f1a2f1e96fafd7791aa3bcc6,2012,Quanzhou,HX,Mangrove,0.82453580178845,spatial_unit,observed raw wetland area from authoritative panel
coastal-wetland-evidence-contract,1.0.0,a4cf9efdecf6735f87d398acc56604e66df26e62f1a2f1e96fafd7791aa3bcc6,2013,Quanzhou,HX,Mangrove,1.19810679335172,spatial_unit,observed raw wetland area from authoritative panel
coastal-wetland-evidence-contract,1.0.0,a4cf9efdecf6735f87d398acc56604e66df26e62f1a2f1e96fafd7791aa3bcc6,2014,Quanzhou,HX,Mangrove,1.06819908115426,spatial_unit,observed raw wetland area from authoritative panel
coastal-wetland-evidence-contract,1.0.0,a4cf9efdecf6735f87d398acc56604e66df26e62f1a2f1e96fafd7791aa3bcc6,2015,Quanzhou,HX,Mangrove,0.85335103906633,spatial_unit,observed raw wetland area from authoritative panel
coastal-wetland-evidence-contract,1.0.0,a4cf9efdecf6735f87d398acc56604e66df26e62f1a2f1e96fafd7791aa3bcc6,2016,Quanzhou,HX,Mangrove,1.21437482136183,spatial_unit,observed raw wetland area from authoritative panel
coastal-wetland-evidence-contract,1.0.0,a4cf9efdecf6735f87d398acc56604e66df26e62f1a2f1e96fafd7791aa3bcc6,2017,Quanzhou,HX,Mangrove,1.23088837518765,spatial_unit,observed raw wetland area from authoritative panel
coastal-wetland-evidence-contract,1.0.0,a4cf9efdecf6735f87d398acc56604e66df26e62f1a2f1e96fafd7791aa3bcc6,2018,Quanzhou,HX,Mangrove,0.809251373812806,spatial_unit,observed raw wetland area from authoritative panel
coastal-wetland-evidence-contract,1.0.0,a4cf9efdecf6735f87d398acc56604e66df26e62f1a2f1e96fafd7791aa3bcc6,2019,Quanzhou,HX,Mangrove,0.963856683176318,spatial_unit,observed raw wetland area from authoritative panel
coastal-wetland-evidence-contract,1.0.0,a4cf9efdecf6735f87d398acc56604e66df26e62f1a2f1e96fafd7791aa3bcc6,2020,Quanzhou,HX,Mangrove,1.2113528885723,spatial_unit,observed raw wetland area from authoritative panel
coastal-wetland-evidence-contract,1.0.0,a4cf9efdecf6735f87d398acc56604e66df26e62f1a2f1e96fafd7791aa3bcc6,2021,Quanzhou,HX,Mangrove,0.998689815747549,spatial_unit,observed raw wetland area from authoritative panel
coastal-wetland-evidence-contract,1.0.0,a4cf9efdecf6735f87d398acc56604e66df26e62f1a2f1e96fafd7791aa3bcc6,2022,Quanzhou,HX,Mangrove,0.965036151926317,spatial_unit,observed raw wetland area from authoritative panel
coastal-wetland-evidence-contract,1.0.0,a4cf9efdecf6735f87d398acc56604e66df26e62f1a2f1e96fafd7791aa3bcc6,2001,Shantou,HX,Mangrove,1.40622449396829,spatial_unit,observed raw wetland area from authoritative panel
coastal-wetland-evidence-contract,1.0.0,a4cf9efdecf6735f87d398acc56604e66df26e62f1a2f1e96fafd7791aa3bcc6,2002,Shantou,HX,Mangrove,1.41486389669118,spatial_unit,observed raw wetland area from authoritative panel
coastal-wetland-evidence-contract,1.0.0,a4cf9efdecf6735f87d398acc56604e66df26e62f1a2f1e96fafd7791aa3bcc6,2003,Shantou,HX,Mangrove,1.55734786432292,spatial_unit,observed raw wetland area from authoritative panel
coastal-wetland-evidence-contract,1.0.0,a4cf9efdecf6735f87d398acc56604e66df26e62f1a2f1e96fafd7791aa3bcc6,2004,Shantou,HX,Mangrove,1.48769560752911,spatial_unit,observed raw wetland area from authoritative panel
coastal-wetland-evidence-contract,1.0.0,a4cf9efdecf6735f87d398acc56604e66df26e62f1a2f1e96fafd7791aa3bcc6,2005,Shantou,HX,Mangrove,1.09600747413067,spatial_unit,observed raw wetland area from authoritative panel
coastal-wetland-evidence-contract,1.0.0,a4cf9efdecf6735f87d398acc56604e66df26e62f1a2f1e96fafd7791aa3bcc6,2006,Shantou,HX,Mangrove,0.949686956449142,spatial_unit,observed raw wetland area from authoritative panel
coastal-wetland-evidence-contract,1.0.0,a4cf9efdecf6735f87d398acc56604e66df26e62f1a2f1e96fafd7791aa3bcc6,2007,Shantou,HX,Mangrove,1.09342266914062,spatial_unit,observed raw wetland area from authoritative panel
coastal-wetland-evidence-contract,1.0.0,a4cf9efdecf6735f87d398acc56604e66df26e62f1a2f1e96fafd7791aa3bcc6,2008,Shantou,HX,Mangrove,0.788983488668046,spatial_unit,observed raw wetland area from authoritative panel
coastal-wetland-evidence-contract,1.0.0,a4cf9efdecf6735f87d398acc56604e66df26e62f1a2f1e96fafd7791aa3bcc6,2009,Shantou,HX,Mangrove,1.2046138426394,spatial_unit,observed raw wetland area from authoritative panel
coastal-wetland-evidence-contract,1.0.0,a4cf9efdecf6735f87d398acc56604e66df26e62f1a2f1e96fafd7791aa3bcc6,2010,Shantou,HX,Mangrove,1.23890301118643,spatial_unit,observed raw wetland area from authoritative panel
coastal-wetland-evidence-contract,1.0.0,a4cf9efdecf6735f87d398acc56604e66df26e62f1a2f1e96fafd7791aa3bcc6,2011,Shantou,HX,Mangrove,1.08594241892616,spatial_unit,observed raw wetland area from authoritative panel
coastal-wetland-evidence-contract,1.0.0,a4cf9efdecf6735f87d398acc56604e66df26e62f1a2f1e96fafd7791aa3bcc6,2012,Shantou,HX,Mangrove,1.39936127335325,spatial_unit,observed raw wetland area from authoritative panel
coastal-wetland-evidence-contract,1.0.0,a4cf9efdecf6735f87d398acc56604e66df26e62f1a2f1e96fafd7791aa3bcc6,2013,Shantou,HX,Mangrove,1.17016958288526,spatial_unit,observed raw wetland area from authoritative panel
coastal-wetland-evidence-contract,1.0.0,a4cf9efdecf6735f87d398acc56604e66df26e62f1a2f1e96fafd7791aa3bcc6,2014,Shantou,HX,Mangrove,1.15912234405254,spatial_unit,observed raw wetland area from authoritative panel
coastal-wetland-evidence-contract,1.0.0,a4cf9efdecf6735f87d398acc56604e66df26e62f1a2f1e96fafd7791aa3bcc6,2015,Shantou,HX,Mangrove,1.28512862990579,spatial_unit,observed raw wetland area from authoritative panel
coastal-wetland-evidence-contract,1.0.0,a4cf9efdecf6735f87d398acc56604e66df26e62f1a2f1e96fafd7791aa3bcc6,2016,Shantou,HX,Mangrove,1.10735609657246,spatial_unit,observed raw wetland area from authoritative panel
coastal-wetland-evidence-contract,1.0.0,a4cf9efdecf6735f87d398acc56604e66df26e62f1a2f1e96fafd7791aa3bcc6,2017,Shantou,HX,Mangrove,1.24289274569164,spatial_unit,observed raw wetland area from authoritative panel
coastal-wetland-evidence-contract,1.0.0,a4cf9efdecf6735f87d398acc56604e66df26e62f1a2f1e96fafd7791aa3bcc6,2018,Shantou,HX,Mangrove,1.16148305654488,spatial_unit,observed raw wetland area from authoritative panel
coastal-wetland-evidence-contract,1.0.0,a4cf9efdecf6735f87d398acc56604e66df26e62f1a2f1e96fafd7791aa3bcc6,2019,Shantou,HX,Mangrove,1.02331481969975,spatial_unit,observed raw wetland area from authoritative panel
coastal-wetland-evidence-contract,1.0.0,a4cf9efdecf6735f87d398acc56604e66df26e62f1a2f1e96fafd7791aa3bcc6,2020,Shantou,HX,Mangrove,1.07137109427849,spatial_unit,observed raw wetland area from authoritative panel
coastal-wetland-evidence-contract,1.0.0,a4cf9efdecf6735f87d398acc56604e66df26e62f1a2f1e96fafd7791aa3bcc6,2021,Shantou,HX,Mangrove,0.907489762036612,spatial_unit,observed raw wetland area from authoritative panel
coastal-wetland-evidence-contract,1.0.0,a4cf9efdecf6735f87d398acc56604e66df26e62f1a2f1e96fafd7791aa3bcc6,2022,Shantou,HX,Mangrove,0.846295605863205,spatial_unit,observed raw wetland area from authoritative panel
coastal-wetland-evidence-contract,1.0.0,a4cf9efdecf6735f87d398acc56604e66df26e62f1a2f1e96fafd7791aa3bcc6,2001,Xiamen,HX,Mangrove,0.218617420301011,spatial_unit,observed raw wetland area from authoritative panel
coastal-wetland-evidence-contract,1.0.0,a4cf9efdecf6735f87d398acc56604e66df26e62f1a2f1e96fafd7791aa3bcc6,2002,Xiamen,HX,Mangrove,0.296389008379289,spatial_unit,observed raw wetland area from authoritative panel
coastal-wetland-evidence-contract,1.0.0,a4cf9efdecf6735f87d398acc56604e66df26e62f1a2f1e96fafd7791aa3bcc6,2003,Xiamen,HX,Mangrove,0.244910426753983,spatial_unit,observed raw wetland area from authoritative panel
coastal-wetland-evidence-contract,1.0.0,a4cf9efdecf6735f87d398acc56604e66df26e62f1a2f1e96fafd7791aa3bcc6,2004,Xiamen,HX,Mangrove,0.192083582398897,spatial_unit,observed raw wetland area from authoritative panel
coastal-wetland-evidence-contract,1.0.0,a4cf9efdecf6735f87d398acc56604e66df26e62f1a2f1e96fafd7791aa3bcc6,2005,Xiamen,HX,Mangrove,0.159271815085018,spatial_unit,observed raw wetland area from authoritative panel
coastal-wetland-evidence-contract,1.0.0,a4cf9efdecf6735f87d398acc56604e66df26e62f1a2f1e96fafd7791aa3bcc6,2006,Xiamen,HX,Mangrove,0.0976400601753983,spatial_unit,observed raw wetland area from authoritative panel
coastal-wetland-evidence-contract,1.0.0,a4cf9efdecf6735f87d398acc56604e66df26e62f1a2f1e96fafd7791aa3bcc6,2007,Xiamen,HX,Mangrove,0.0640276370174632,spatial_unit,observed raw wetland area from authoritative panel
coastal-wetland-evidence-contract,1.0.0,a4cf9efdecf6735f87d398acc56604e66df26e62f1a2f1e96fafd7791aa3bcc6,2008,Xiamen,HX,Mangrove,0.151538693206189,spatial_unit,observed raw wetland area from authoritative panel
coastal-wetland-evidence-contract,1.0.0,a4cf9efdecf6735f87d398acc56604e66df26e62f1a2f1e96fafd7791aa3bcc6,2009,Xiamen,HX,Mangrove,0.0978989907513787,spatial_unit,observed raw wetland area from authoritative panel
coastal-wetland-evidence-contract,1.0.0,a4cf9efdecf6735f87d398acc56604e66df26e62f1a2f1e96fafd7791aa3bcc6,2010,Xiamen,HX,Mangrove,0.099608060546875,spatial_unit,observed raw wetland area from authoritative panel
coastal-wetland-evidence-contract,1.0.0,a4cf9efdecf6735f87d398acc56604e66df26e62f1a2f1e96fafd7791aa3bcc6,2011,Xiamen,HX,Mangrove,0.0452762294921875,spatial_unit,observed raw wetland area from authoritative panel
coastal-wetland-evidence-contract,1.0.0,a4cf9efdecf6735f87d398acc56604e66df26e62f1a2f1e96fafd7791aa3bcc6,2012,Xiamen,HX,Mangrove,0.110769359620098,spatial_unit,observed raw wetland area from authoritative panel
coastal-wetland-evidence-contract,1.0.0,a4cf9efdecf6735f87d398acc56604e66df26e62f1a2f1e96fafd7791aa3bcc6,2013,Xiamen,HX,Mangrove,0.198770376524203,spatial_unit,observed raw wetland area from authoritative panel
coastal-wetland-evidence-contract,1.0.0,a4cf9efdecf6735f87d398acc56604e66df26e62f1a2f1e96fafd7791aa3bcc6,2014,Xiamen,HX,Mangrove,0.158098011316636,spatial_unit,observed raw wetland area from authoritative panel
coastal-wetland-evidence-contract,1.0.0,a4cf9efdecf6735f87d398acc56604e66df26e62f1a2f1e96fafd7791aa3bcc6,2015,Xiamen,HX,Mangrove,0.166593514805453,spatial_unit,observed raw wetland area from authoritative panel
coastal-wetland-evidence-contract,1.0.0,a4cf9efdecf6735f87d398acc56604e66df26e62f1a2f1e96fafd7791aa3bcc6,2016,Xiamen,HX,Mangrove,0.194851040276501,spatial_unit,observed raw wetland area from authoritative panel
coastal-wetland-evidence-contract,1.0.0,a4cf9efdecf6735f87d398acc56604e66df26e62f1a2f1e96fafd7791aa3bcc6,2017,Xiamen,HX,Mangrove,0.146624160677083,spatial_unit,observed raw wetland area from authoritative panel
coastal-wetland-evidence-contract,1.0.0,a4cf9efdecf6735f87d398acc56604e66df26e62f1a2f1e96fafd7791aa3bcc6,2018,Xiamen,HX,Mangrove,0.106651100719975,spatial_unit,observed raw wetland area from authoritative panel
coastal-wetland-evidence-contract,1.0.0,a4cf9efdecf6735f87d398acc56604e66df26e62f1a2f1e96fafd7791aa3bcc6,2019,Xiamen,HX,Mangrove,0.173187117796415,spatial_unit,observed raw wetland area from authoritative panel
coastal-wetland-evidence-contract,1.0.0,a4cf9efdecf6735f87d398acc56604e66df26e62f1a2f1e96fafd7791aa3bcc6,2020,Xiamen,HX,Mangrove,0.207127328431373,spatial_unit,observed raw wetland area from authoritative panel
coastal-wetland-evidence-contract,1.0.0,a4cf9efdecf6735f87d398acc56604e66df26e62f1a2f1e96fafd7791aa3bcc6,2021,Xiamen,HX,Mangrove,0.209431469841452,spatial_unit,observed raw wetland area from authoritative panel
coastal-wetland-evidence-contract,1.0.0,a4cf9efdecf6735f87d398acc56604e66df26e62f1a2f1e96fafd7791aa3bcc6,2022,Xiamen,HX,Mangrove,0.176518432977175,spatial_unit,observed raw wetland area from authoritative panel
coastal-wetland-evidence-contract,1.0.0,a4cf9efdecf6735f87d398acc56604e66df26e62f1a2f1e96fafd7791aa3bcc6,2001,Zhangzhou,HX,Mangrove,2.53486516117494,spatial_unit,observed raw wetland area from authoritative panel
coastal-wetland-evidence-contract,1.0.0,a4cf9efdecf6735f87d398acc56604e66df26e62f1a2f1e96fafd7791aa3bcc6,2002,Zhangzhou,HX,Mangrove,2.72068013491115,spatial_unit,observed raw wetland area from authoritative panel
coastal-wetland-evidence-contract,1.0.0,a4cf9efdecf6735f87d398acc56604e66df26e62f1a2f1e96fafd7791aa3bcc6,2003,Zhangzhou,HX,Mangrove,2.35763062429535,spatial_unit,observed raw wetland area from authoritative panel
coastal-wetland-evidence-contract,1.0.0,a4cf9efdecf6735f87d398acc56604e66df26e62f1a2f1e96fafd7791aa3bcc6,2004,Zhangzhou,HX,Mangrove,1.96953274908088,spatial_unit,observed raw wetland area from authoritative panel
coastal-wetland-evidence-contract,1.0.0,a4cf9efdecf6735f87d398acc56604e66df26e62f1a2f1e96fafd7791aa3bcc6,2005,Zhangzhou,HX,Mangrove,1.99679045989966,spatial_unit,observed raw wetland area from authoritative panel
coastal-wetland-evidence-contract,1.0.0,a4cf9efdecf6735f87d398acc56604e66df26e62f1a2f1e96fafd7791aa3bcc6,2006,Zhangzhou,HX,Mangrove,2.22340962855775,spatial_unit,observed raw wetland area from authoritative panel
coastal-wetland-evidence-contract,1.0.0,a4cf9efdecf6735f87d398acc56604e66df26e62f1a2f1e96fafd7791aa3bcc6,2007,Zhangzhou,HX,Mangrove,2.4609165560049,spatial_unit,observed raw wetland area from authoritative panel
coastal-wetland-evidence-contract,1.0.0,a4cf9efdecf6735f87d398acc56604e66df26e62f1a2f1e96fafd7791aa3bcc6,2008,Zhangzhou,HX,Mangrove,1.82548167227328,spatial_unit,observed raw wetland area from authoritative panel
coastal-wetland-evidence-contract,1.0.0,a4cf9efdecf6735f87d398acc56604e66df26e62f1a2f1e96fafd7791aa3bcc6,2009,Zhangzhou,HX,Mangrove,1.76860526401272,spatial_unit,observed raw wetland area from authoritative panel
coastal-wetland-evidence-contract,1.0.0,a4cf9efdecf6735f87d398acc56604e66df26e62f1a2f1e96fafd7791aa3bcc6,2010,Zhangzhou,HX,Mangrove,2.1337697215265,spatial_unit,observed raw wetland area from authoritative panel
coastal-wetland-evidence-contract,1.0.0,a4cf9efdecf6735f87d398acc56604e66df26e62f1a2f1e96fafd7791aa3bcc6,2011,Zhangzhou,HX,Mangrove,1.84762021911765,spatial_unit,observed raw wetland area from authoritative panel
coastal-wetland-evidence-contract,1.0.0,a4cf9efdecf6735f87d398acc56604e66df26e62f1a2f1e96fafd7791aa3bcc6,2012,Zhangzhou,HX,Mangrove,1.76461928113894,spatial_unit,observed raw wetland area from authoritative panel
coastal-wetland-evidence-contract,1.0.0,a4cf9efdecf6735f87d398acc56604e66df26e62f1a2f1e96fafd7791aa3bcc6,2013,Zhangzhou,HX,Mangrove,1.87195560583257,spatial_unit,observed raw wetland area from authoritative panel
coastal-wetland-evidence-contract,1.0.0,a4cf9efdecf6735f87d398acc56604e66df26e62f1a2f1e96fafd7791aa3bcc6,2014,Zhangzhou,HX,Mangrove,2.08083959310279,spatial_unit,observed raw wetland area from authoritative panel
coastal-wetland-evidence-contract,1.0.0,a4cf9efdecf6735f87d398acc56604e66df26e62f1a2f1e96fafd7791aa3bcc6,2015,Zhangzhou,HX,Mangrove,1.76116150506281,spatial_unit,observed raw wetland area from authoritative panel
coastal-wetland-evidence-contract,1.0.0,a4cf9efdecf6735f87d398acc56604e66df26e62f1a2f1e96fafd7791aa3bcc6,2016,Zhangzhou,HX,Mangrove,1.90256157436428,spatial_unit,observed raw wetland area from authoritative panel
coastal-wetland-evidence-contract,1.0.0,a4cf9efdecf6735f87d398acc56604e66df26e62f1a2f1e96fafd7791aa3bcc6,2017,Zhangzhou,HX,Mangrove,2.37700334765242,spatial_unit,observed raw wetland area from authoritative panel
coastal-wetland-evidence-contract,1.0.0,a4cf9efdecf6735f87d398acc56604e66df26e62f1a2f1e96fafd7791aa3bcc6,2018,Zhangzhou,HX,Mangrove,2.34911861703048,spatial_unit,observed raw wetland area from authoritative panel
coastal-wetland-evidence-contract,1.0.0,a4cf9efdecf6735f87d398acc56604e66df26e62f1a2f1e96fafd7791aa3bcc6,2019,Zhangzhou,HX,Mangrove,2.19765177356005,spatial_unit,observed raw wetland area from authoritative panel
coastal-wetland-evidence-contract,1.0.0,a4cf9efdecf6735f87d398acc56604e66df26e62f1a2f1e96fafd7791aa3bcc6,2020,Zhangzhou,HX,Mangrove,2.45574014084712,spatial_unit,observed raw wetland area from authoritative panel
coastal-wetland-evidence-contract,1.0.0,a4cf9efdecf6735f87d398acc56604e66df26e62f1a2f1e96fafd7791aa3bcc6,2021,Zhangzhou,HX,Mangrove,2.22902019189262,spatial_unit,observed raw wetland area from authoritative panel
coastal-wetland-evidence-contract,1.0.0,a4cf9efdecf6735f87d398acc56604e66df26e62f1a2f1e96fafd7791aa3bcc6,2022,Zhangzhou,HX,Mangrove,2.1898522498315,spatial_unit,observed raw wetland area from authoritative panel
coastal-wetland-evidence-contract,1.0.0,a4cf9efdecf6735f87d398acc56604e66df26e62f1a2f1e96fafd7791aa3bcc6,2001,Dongguan,PRD,Mangrove,1.09366780547258,spatial_unit,observed raw wetland area from authoritative panel
coastal-wetland-evidence-contract,1.0.0,a4cf9efdecf6735f87d398acc56604e66df26e62f1a2f1e96fafd7791aa3bcc6,2002,Dongguan,PRD,Mangrove,0.912743405116422,spatial_unit,observed raw wetland area from authoritative panel
coastal-wetland-evidence-contract,1.0.0,a4cf9efdecf6735f87d398acc56604e66df26e62f1a2f1e96fafd7791aa3bcc6,2003,Dongguan,PRD,Mangrove,0.89746151607307,spatial_unit,observed raw wetland area from authoritative panel
coastal-wetland-evidence-contract,1.0.0,a4cf9efdecf6735f87d398acc56604e66df26e62f1a2f1e96fafd7791aa3bcc6,2004,Dongguan,PRD,Mangrove,0.827077912415747,spatial_unit,observed raw wetland area from authoritative panel
coastal-wetland-evidence-contract,1.0.0,a4cf9efdecf6735f87d398acc56604e66df26e62f1a2f1e96fafd7791aa3bcc6,2005,Dongguan,PRD,Mangrove,0.561004466911765,spatial_unit,observed raw wetland area from authoritative panel
coastal-wetland-evidence-contract,1.0.0,a4cf9efdecf6735f87d398acc56604e66df26e62f1a2f1e96fafd7791aa3bcc6,2006,Dongguan,PRD,Mangrove,0.339393360527727,spatial_unit,observed raw wetland area from authoritative panel
coastal-wetland-evidence-contract,1.0.0,a4cf9efdecf6735f87d398acc56604e66df26e62f1a2f1e96fafd7791aa3bcc6,2007,Dongguan,PRD,Mangrove,0.408396548023897,spatial_unit,observed raw wetland area from authoritative panel
coastal-wetland-evidence-contract,1.0.0,a4cf9efdecf6735f87d398acc56604e66df26e62f1a2f1e96fafd7791aa3bcc6,2008,Dongguan,PRD,Mangrove,0.317060942233456,spatial_unit,observed raw wetland area from authoritative panel
coastal-wetland-evidence-contract,1.0.0,a4cf9efdecf6735f87d398acc56604e66df26e62f1a2f1e96fafd7791aa3bcc6,2009,Dongguan,PRD,Mangrove,0.156971013514859,spatial_unit,observed raw wetland area from authoritative panel
coastal-wetland-evidence-contract,1.0.0,a4cf9efdecf6735f87d398acc56604e66df26e62f1a2f1e96fafd7791aa3bcc6,2010,Dongguan,PRD,Mangrove,0.292389378787531,spatial_unit,observed raw wetland area from authoritative panel
coastal-wetland-evidence-contract,1.0.0,a4cf9efdecf6735f87d398acc56604e66df26e62f1a2f1e96fafd7791aa3bcc6,2011,Dongguan,PRD,Mangrove,0.269246736335784,spatial_unit,observed raw wetland area from authoritative panel
coastal-wetland-evidence-contract,1.0.0,a4cf9efdecf6735f87d398acc56604e66df26e62f1a2f1e96fafd7791aa3bcc6,2012,Dongguan,PRD,Mangrove,0.268954890801164,spatial_unit,observed raw wetland area from authoritative panel
coastal-wetland-evidence-contract,1.0.0,a4cf9efdecf6735f87d398acc56604e66df26e62f1a2f1e96fafd7791aa3bcc6,2013,Dongguan,PRD,Mangrove,0.313437175398284,spatial_unit,observed raw wetland area from authoritative panel
coastal-wetland-evidence-contract,1.0.0,a4cf9efdecf6735f87d398acc56604e66df26e62f1a2f1e96fafd7791aa3bcc6,2014,Dongguan,PRD,Mangrove,0.290597405304075,spatial_unit,observed raw wetland area from authoritative panel
coastal-wetland-evidence-contract,1.0.0,a4cf9efdecf6735f87d398acc56604e66df26e62f1a2f1e96fafd7791aa3bcc6,2015,Dongguan,PRD,Mangrove,0.389243378787531,spatial_unit,observed raw wetland area from authoritative panel
coastal-wetland-evidence-contract,1.0.0,a4cf9efdecf6735f87d398acc56604e66df26e62f1a2f1e96fafd7791aa3bcc6,2016,Dongguan,PRD,Mangrove,0.317786667436428,spatial_unit,observed raw wetland area from authoritative panel
coastal-wetland-evidence-contract,1.0.0,a4cf9efdecf6735f87d398acc56604e66df26e62f1a2f1e96fafd7791aa3bcc6,2017,Dongguan,PRD,Mangrove,0.252811948483456,spatial_unit,observed raw wetland area from authoritative panel
coastal-wetland-evidence-contract,1.0.0,a4cf9efdecf6735f87d398acc56604e66df26e62f1a2f1e96fafd7791aa3bcc6,2018,Dongguan,PRD,Mangrove,0.320852456008732,spatial_unit,observed raw wetland area from authoritative panel
coastal-wetland-evidence-contract,1.0.0,a4cf9efdecf6735f87d398acc56604e66df26e62f1a2f1e96fafd7791aa3bcc6,2019,Dongguan,PRD,Mangrove,0.280595795768229,spatial_unit,observed raw wetland area from authoritative panel
coastal-wetland-evidence-contract,1.0.0,a4cf9efdecf6735f87d398acc56604e66df26e62f1a2f1e96fafd7791aa3bcc6,2020,Dongguan,PRD,Mangrove,0.328882856659773,spatial_unit,observed raw wetland area from authoritative panel
coastal-wetland-evidence-contract,1.0.0,a4cf9efdecf6735f87d398acc56604e66df26e62f1a2f1e96fafd7791aa3bcc6,2021,Dongguan,PRD,Mangrove,0.290407503615196,spatial_unit,observed raw wetland area from authoritative panel
coastal-wetland-evidence-contract,1.0.0,a4cf9efdecf6735f87d398acc56604e66df26e62f1a2f1e96fafd7791aa3bcc6,2022,Dongguan,PRD,Mangrove,0.33545315201057,spatial_unit,observed raw wetland area from authoritative panel
coastal-wetland-evidence-contract,1.0.0,a4cf9efdecf6735f87d398acc56604e66df26e62f1a2f1e96fafd7791aa3bcc6,2001,Guangzhou,PRD,Mangrove,0.055871193738511,spatial_unit,observed raw wetland area from authoritative panel
coastal-wetland-evidence-contract,1.0.0,a4cf9efdecf6735f87d398acc56604e66df26e62f1a2f1e96fafd7791aa3bcc6,2002,Guangzhou,PRD,Mangrove,0.0382794615081189,spatial_unit,observed raw wetland area from authoritative panel
coastal-wetland-evidence-contract,1.0.0,a4cf9efdecf6735f87d398acc56604e66df26e62f1a2f1e96fafd7791aa3bcc6,2003,Guangzhou,PRD,Mangrove,0.0556975802696078,spatial_unit,observed raw wetland area from authoritative panel
coastal-wetland-evidence-contract,1.0.0,a4cf9efdecf6735f87d398acc56604e66df26e62f1a2f1e96fafd7791aa3bcc6,2004,Guangzhou,PRD,Mangrove,0.0382294722503064,spatial_unit,observed raw wetland area from authoritative panel
coastal-wetland-evidence-contract,1.0.0,a4cf9efdecf6735f87d398acc56604e66df26e62f1a2f1e96fafd7791aa3bcc6,2005,Guangzhou,PRD,Mangrove,0.0190315861289828,spatial_unit,observed raw wetland area from authoritative panel
coastal-wetland-evidence-contract,1.0.0,a4cf9efdecf6735f87d398acc56604e66df26e62f1a2f1e96fafd7791aa3bcc6,2006,Guangzhou,PRD,Mangrove,0.009155875,spatial_unit,observed raw wetland area from authoritative panel
coastal-wetland-evidence-contract,1.0.0,a4cf9efdecf6735f87d398acc56604e66df26e62f1a2f1e96fafd7791aa3bcc6,2007,Guangzhou,PRD,Mangrove,0.0091786826171875,spatial_unit,observed raw wetland area from authoritative panel
coastal-wetland-evidence-contract,1.0.0,a4cf9efdecf6735f87d398acc56604e66df26e62f1a2f1e96fafd7791aa3bcc6,2008,Guangzhou,PRD,Mangrove,0.0007198966758578,spatial_unit,observed raw wetland area from authoritative panel
coastal-wetland-evidence-contract,1.0.0,a4cf9efdecf6735f87d398acc56604e66df26e62f1a2f1e96fafd7791aa3bcc6,2009,Guangzhou,PRD,Mangrove,0.01830713671875,spatial_unit,observed raw wetland area from authoritative panel
coastal-wetland-evidence-contract,1.0.0,a4cf9efdecf6735f87d398acc56604e66df26e62f1a2f1e96fafd7791aa3bcc6,2010,Guangzhou,PRD,Mangrove,0.0190270333946078,spatial_unit,observed raw wetland area from authoritative panel
coastal-wetland-evidence-contract,1.0.0,a4cf9efdecf6735f87d398acc56604e66df26e62f1a2f1e96fafd7791aa3bcc6,2011,Guangzhou,PRD,Mangrove,0.0190254767539828,spatial_unit,observed raw wetland area from authoritative panel
coastal-wetland-evidence-contract,1.0.0,a4cf9efdecf6735f87d398acc56604e66df26e62f1a2f1e96fafd7791aa3bcc6,2012,Guangzhou,PRD,Mangrove,0.0358480759689032,spatial_unit,observed raw wetland area from authoritative panel
coastal-wetland-evidence-contract,1.0.0,a4cf9efdecf6735f87d398acc56604e66df26e62f1a2f1e96fafd7791aa3bcc6,2013,Guangzhou,PRD,Mangrove,0.0266837537032782,spatial_unit,observed raw wetland area from authoritative panel
coastal-wetland-evidence-contract,1.0.0,a4cf9efdecf6735f87d398acc56604e66df26e62f1a2f1e96fafd7791aa3bcc6,2014,Guangzhou,PRD,Mangrove,0.0266601677657782,spatial_unit,observed raw wetland area from authoritative panel
coastal-wetland-evidence-contract,1.0.0,a4cf9efdecf6735f87d398acc56604e66df26e62f1a2f1e96fafd7791aa3bcc6,2015,Guangzhou,PRD,Mangrove,0.0083507527267156,spatial_unit,observed raw wetland area from authoritative panel
coastal-wetland-evidence-contract,1.0.0,a4cf9efdecf6735f87d398acc56604e66df26e62f1a2f1e96fafd7791aa3bcc6,2016,Guangzhou,PRD,Mangrove,0.0183968400199142,spatial_unit,observed raw wetland area from authoritative panel
coastal-wetland-evidence-contract,1.0.0,a4cf9efdecf6735f87d398acc56604e66df26e62f1a2f1e96fafd7791aa3bcc6,2017,Guangzhou,PRD,Mangrove,0.0183968400199142,spatial_unit,observed raw wetland area from authoritative panel
coastal-wetland-evidence-contract,1.0.0,a4cf9efdecf6735f87d398acc56604e66df26e62f1a2f1e96fafd7791aa3bcc6,2018,Guangzhou,PRD,Mangrove,0.0083507527267156,spatial_unit,observed raw wetland area from authoritative panel
coastal-wetland-evidence-contract,1.0.0,a4cf9efdecf6735f87d398acc56604e66df26e62f1a2f1e96fafd7791aa3bcc6,2019,Guangzhou,PRD,Mangrove,0.0092146232230392,spatial_unit,observed raw wetland area from authoritative panel
coastal-wetland-evidence-contract,1.0.0,a4cf9efdecf6735f87d398acc56604e66df26e62f1a2f1e96fafd7791aa3bcc6,2020,Guangzhou,PRD,Mangrove,0.0183690011527267,spatial_unit,observed raw wetland area from authoritative panel
coastal-wetland-evidence-contract,1.0.0,a4cf9efdecf6735f87d398acc56604e66df26e62f1a2f1e96fafd7791aa3bcc6,2021,Guangzhou,PRD,Mangrove,0.0183933654105392,spatial_unit,observed raw wetland area from authoritative panel
coastal-wetland-evidence-contract,1.0.0,a4cf9efdecf6735f87d398acc56604e66df26e62f1a2f1e96fafd7791aa3bcc6,2022,Guangzhou,PRD,Mangrove,0.0275476837699142,spatial_unit,observed raw wetland area from authoritative panel
coastal-wetland-evidence-contract,1.0.0,a4cf9efdecf6735f87d398acc56604e66df26e62f1a2f1e96fafd7791aa3bcc6,2001,Hong_Kong,PRD,Mangrove,4.85430448464308,spatial_unit,observed raw wetland area from authoritative panel
coastal-wetland-evidence-contract,1.0.0,a4cf9efdecf6735f87d398acc56604e66df26e62f1a2f1e96fafd7791aa3bcc6,2002,Hong_Kong,PRD,Mangrove,5.36991246180684,spatial_unit,observed raw wetland area from authoritative panel
coastal-wetland-evidence-contract,1.0.0,a4cf9efdecf6735f87d398acc56604e66df26e62f1a2f1e96fafd7791aa3bcc6,2003,Hong_Kong,PRD,Mangrove,4.77474791172258,spatial_unit,observed raw wetland area from authoritative panel
coastal-wetland-evidence-contract,1.0.0,a4cf9efdecf6735f87d398acc56604e66df26e62f1a2f1e96fafd7791aa3bcc6,2004,Hong_Kong,PRD,Mangrove,4.01018658390778,spatial_unit,observed raw wetland area from authoritative panel
coastal-wetland-evidence-contract,1.0.0,a4cf9efdecf6735f87d398acc56604e66df26e62f1a2f1e96fafd7791aa3bcc6,2005,Hong_Kong,PRD,Mangrove,4.94735710020297,spatial_unit,observed raw wetland area from authoritative panel
coastal-wetland-evidence-contract,1.0.0,a4cf9efdecf6735f87d398acc56604e66df26e62f1a2f1e96fafd7791aa3bcc6,2006,Hong_Kong,PRD,Mangrove,5.19137330848652,spatial_unit,observed raw wetland area from authoritative panel
coastal-wetland-evidence-contract,1.0.0,a4cf9efdecf6735f87d398acc56604e66df26e62f1a2f1e96fafd7791aa3bcc6,2007,Hong_Kong,PRD,Mangrove,4.76953285547258,spatial_unit,observed raw wetland area from authoritative panel
coastal-wetland-evidence-contract,1.0.0,a4cf9efdecf6735f87d398acc56604e66df26e62f1a2f1e96fafd7791aa3bcc6,2008,Hong_Kong,PRD,Mangrove,4.83079789474571,spatial_unit,observed raw wetland area from authoritative panel
coastal-wetland-evidence-contract,1.0.0,a4cf9efdecf6735f87d398acc56604e66df26e62f1a2f1e96fafd7791aa3bcc6,2009,Hong_Kong,PRD,Mangrove,4.94346019935279,spatial_unit,observed raw wetland area from authoritative panel
coastal-wetland-evidence-contract,1.0.0,a4cf9efdecf6735f87d398acc56604e66df26e62f1a2f1e96fafd7791aa3bcc6,2010,Hong_Kong,PRD,Mangrove,4.93338063884804,spatial_unit,observed raw wetland area from authoritative panel
coastal-wetland-evidence-contract,1.0.0,a4cf9efdecf6735f87d398acc56604e66df26e62f1a2f1e96fafd7791aa3bcc6,2011,Hong_Kong,PRD,Mangrove,4.54955269014629,spatial_unit,observed raw wetland area from authoritative panel
coastal-wetland-evidence-contract,1.0.0,a4cf9efdecf6735f87d398acc56604e66df26e62f1a2f1e96fafd7791aa3bcc6,2012,Hong_Kong,PRD,Mangrove,4.73506561131281,spatial_unit,observed raw wetland area from authoritative panel
coastal-wetland-evidence-contract,1.0.0,a4cf9efdecf6735f87d398acc56604e66df26e62f1a2f1e96fafd7791aa3bcc6,2013,Hong_Kong,PRD,Mangrove,4.02592846829044,spatial_unit,observed raw wetland area from authoritative panel
coastal-wetland-evidence-contract,1.0.0,a4cf9efdecf6735f87d398acc56604e66df26e62f1a2f1e96fafd7791aa3bcc6,2014,Hong_Kong,PRD,Mangrove,4.29224649217984,spatial_unit,observed raw wetland area from authoritative panel
coastal-wetland-evidence-contract,1.0.0,a4cf9efdecf6735f87d398acc56604e66df26e62f1a2f1e96fafd7791aa3bcc6,2015,Hong_Kong,PRD,Mangrove,4.37231896884191,spatial_unit,observed raw wetland area from authoritative panel
coastal-wetland-evidence-contract,1.0.0,a4cf9efdecf6735f87d398acc56604e66df26e62f1a2f1e96fafd7791aa3bcc6,2016,Hong_Kong,PRD,Mangrove,4.26967249415977,spatial_unit,observed raw wetland area from authoritative panel
coastal-wetland-evidence-contract,1.0.0,a4cf9efdecf6735f87d398acc56604e66df26e62f1a2f1e96fafd7791aa3bcc6,2017,Hong_Kong,PRD,Mangrove,4.38869248171339,spatial_unit,observed raw wetland area from authoritative panel
coastal-wetland-evidence-contract,1.0.0,a4cf9efdecf6735f87d398acc56604e66df26e62f1a2f1e96fafd7791aa3bcc6,2018,Hong_Kong,PRD,Mangrove,4.90558075680913,spatial_unit,observed raw wetland area from authoritative panel
coastal-wetland-evidence-contract,1.0.0,a4cf9efdecf6735f87d398acc56604e66df26e62f1a2f1e96fafd7791aa3bcc6,2019,Hong_Kong,PRD,Mangrove,4.48640360781633,spatial_unit,observed raw wetland area from authoritative panel
coastal-wetland-evidence-contract,1.0.0,a4cf9efdecf6735f87d398acc56604e66df26e62f1a2f1e96fafd7791aa3bcc6,2020,Hong_Kong,PRD,Mangrove,4.27386346598116,spatial_unit,observed raw wetland area from authoritative panel
coastal-wetland-evidence-contract,1.0.0,a4cf9efdecf6735f87d398acc56604e66df26e62f1a2f1e96fafd7791aa3bcc6,2021,Hong_Kong,PRD,Mangrove,3.91055687567402,spatial_unit,observed raw wetland area from authoritative panel
coastal-wetland-evidence-contract,1.0.0,a4cf9efdecf6735f87d398acc56604e66df26e62f1a2f1e96fafd7791aa3bcc6,2022,Hong_Kong,PRD,Mangrove,3.9850332336129,spatial_unit,observed raw wetland area from authoritative panel
coastal-wetland-evidence-contract,1.0.0,a4cf9efdecf6735f87d398acc56604e66df26e62f1a2f1e96fafd7791aa3bcc6,2001,Huizhou,PRD,Mangrove,1.21703679752604,spatial_unit,observed raw wetland area from authoritative panel
coastal-wetland-evidence-contract,1.0.0,a4cf9efdecf6735f87d398acc56604e66df26e62f1a2f1e96fafd7791aa3bcc6,2002,Huizhou,PRD,Mangrove,1.31960387685738,spatial_unit,observed raw wetland area from authoritative panel
coastal-wetland-evidence-contract,1.0.0,a4cf9efdecf6735f87d398acc56604e66df26e62f1a2f1e96fafd7791aa3bcc6,2003,Huizhou,PRD,Mangrove,1.30289959306449,spatial_unit,observed raw wetland area from authoritative panel
coastal-wetland-evidence-contract,1.0.0,a4cf9efdecf6735f87d398acc56604e66df26e62f1a2f1e96fafd7791aa3bcc6,2004,Huizhou,PRD,Mangrove,0.899648346679688,spatial_unit,observed raw wetland area from authoritative panel
coastal-wetland-evidence-contract,1.0.0,a4cf9efdecf6735f87d398acc56604e66df26e62f1a2f1e96fafd7791aa3bcc6,2005,Huizhou,PRD,Mangrove,1.20204199931449,spatial_unit,observed raw wetland area from authoritative panel
coastal-wetland-evidence-contract,1.0.0,a4cf9efdecf6735f87d398acc56604e66df26e62f1a2f1e96fafd7791aa3bcc6,2006,Huizhou,PRD,Mangrove,1.52348357060355,spatial_unit,observed raw wetland area from authoritative panel
coastal-wetland-evidence-contract,1.0.0,a4cf9efdecf6735f87d398acc56604e66df26e62f1a2f1e96fafd7791aa3bcc6,2007,Huizhou,PRD,Mangrove,1.29397156376762,spatial_unit,observed raw wetland area from authoritative panel
coastal-wetland-evidence-contract,1.0.0,a4cf9efdecf6735f87d398acc56604e66df26e62f1a2f1e96fafd7791aa3bcc6,2008,Huizhou,PRD,Mangrove,1.27553734892387,spatial_unit,observed raw wetland area from authoritative panel
coastal-wetland-evidence-contract,1.0.0,a4cf9efdecf6735f87d398acc56604e66df26e62f1a2f1e96fafd7791aa3bcc6,2009,Huizhou,PRD,Mangrove,1.12929213574219,spatial_unit,observed raw wetland area from authoritative panel
coastal-wetland-evidence-contract,1.0.0,a4cf9efdecf6735f87d398acc56604e66df26e62f1a2f1e96fafd7791aa3bcc6,2010,Huizhou,PRD,Mangrove,1.07415702539062,spatial_unit,observed raw wetland area from authoritative panel
coastal-wetland-evidence-contract,1.0.0,a4cf9efdecf6735f87d398acc56604e66df26e62f1a2f1e96fafd7791aa3bcc6,2011,Huizhou,PRD,Mangrove,0.89057102734375,spatial_unit,observed raw wetland area from authoritative panel
coastal-wetland-evidence-contract,1.0.0,a4cf9efdecf6735f87d398acc56604e66df26e62f1a2f1e96fafd7791aa3bcc6,2012,Huizhou,PRD,Mangrove,1.21294079544271,spatial_unit,observed raw wetland area from authoritative panel
coastal-wetland-evidence-contract,1.0.0,a4cf9efdecf6735f87d398acc56604e66df26e62f1a2f1e96fafd7791aa3bcc6,2013,Huizhou,PRD,Mangrove,0.871403991501992,spatial_unit,observed raw wetland area from authoritative panel
coastal-wetland-evidence-contract,1.0.0,a4cf9efdecf6735f87d398acc56604e66df26e62f1a2f1e96fafd7791aa3bcc6,2014,Huizhou,PRD,Mangrove,0.983107329871323,spatial_unit,observed raw wetland area from authoritative panel
coastal-wetland-evidence-contract,1.0.0,a4cf9efdecf6735f87d398acc56604e66df26e62f1a2f1e96fafd7791aa3bcc6,2015,Huizhou,PRD,Mangrove,1.09391928580729,spatial_unit,observed raw wetland area from authoritative panel
coastal-wetland-evidence-contract,1.0.0,a4cf9efdecf6735f87d398acc56604e66df26e62f1a2f1e96fafd7791aa3bcc6,2016,Huizhou,PRD,Mangrove,1.04902335939798,spatial_unit,observed raw wetland area from authoritative panel
coastal-wetland-evidence-contract,1.0.0,a4cf9efdecf6735f87d398acc56604e66df26e62f1a2f1e96fafd7791aa3bcc6,2017,Huizhou,PRD,Mangrove,1.15975256320849,spatial_unit,observed raw wetland area from authoritative panel
coastal-wetland-evidence-contract,1.0.0,a4cf9efdecf6735f87d398acc56604e66df26e62f1a2f1e96fafd7791aa3bcc6,2018,Huizhou,PRD,Mangrove,1.35077216454121,spatial_unit,observed raw wetland area from authoritative panel
coastal-wetland-evidence-contract,1.0.0,a4cf9efdecf6735f87d398acc56604e66df26e62f1a2f1e96fafd7791aa3bcc6,2019,Huizhou,PRD,Mangrove,1.18554445262714,spatial_unit,observed raw wetland area from authoritative panel
coastal-wetland-evidence-contract,1.0.0,a4cf9efdecf6735f87d398acc56604e66df26e62f1a2f1e96fafd7791aa3bcc6,2020,Huizhou,PRD,Mangrove,1.47008773583027,spatial_unit,observed raw wetland area from authoritative panel
coastal-wetland-evidence-contract,1.0.0,a4cf9efdecf6735f87d398acc56604e66df26e62f1a2f1e96fafd7791aa3bcc6,2021,Huizhou,PRD,Mangrove,1.63536784325215,spatial_unit,observed raw wetland area from authoritative panel
coastal-wetland-evidence-contract,1.0.0,a4cf9efdecf6735f87d398acc56604e66df26e62f1a2f1e96fafd7791aa3bcc6,2022,Huizhou,PRD,Mangrove,1.58942124754902,spatial_unit,observed raw wetland area from authoritative panel
coastal-wetland-evidence-contract,1.0.0,a4cf9efdecf6735f87d398acc56604e66df26e62f1a2f1e96fafd7791aa3bcc6,2001,Jiangmen,PRD,Mangrove,4.50311644582184,spatial_unit,observed raw wetland area from authoritative panel
coastal-wetland-evidence-contract,1.0.0,a4cf9efdecf6735f87d398acc56604e66df26e62f1a2f1e96fafd7791aa3bcc6,2002,Jiangmen,PRD,Mangrove,4.50246169947917,spatial_unit,observed raw wetland area from authoritative panel
coastal-wetland-evidence-contract,1.0.0,a4cf9efdecf6735f87d398acc56604e66df26e62f1a2f1e96fafd7791aa3bcc6,2003,Jiangmen,PRD,Mangrove,4.65335503724724,spatial_unit,observed raw wetland area from authoritative panel
coastal-wetland-evidence-contract,1.0.0,a4cf9efdecf6735f87d398acc56604e66df26e62f1a2f1e96fafd7791aa3bcc6,2004,Jiangmen,PRD,Mangrove,4.60410543232996,spatial_unit,observed raw wetland area from authoritative panel
coastal-wetland-evidence-contract,1.0.0,a4cf9efdecf6735f87d398acc56604e66df26e62f1a2f1e96fafd7791aa3bcc6,2005,Jiangmen,PRD,Mangrove,4.78124434720818,spatial_unit,observed raw wetland area from authoritative panel
coastal-wetland-evidence-contract,1.0.0,a4cf9efdecf6735f87d398acc56604e66df26e62f1a2f1e96fafd7791aa3bcc6,2006,Jiangmen,PRD,Mangrove,4.46067739773668,spatial_unit,observed raw wetland area from authoritative panel
coastal-wetland-evidence-contract,1.0.0,a4cf9efdecf6735f87d398acc56604e66df26e62f1a2f1e96fafd7791aa3bcc6,2007,Jiangmen,PRD,Mangrove,4.44009721575904,spatial_unit,observed raw wetland area from authoritative panel
coastal-wetland-evidence-contract,1.0.0,a4cf9efdecf6735f87d398acc56604e66df26e62f1a2f1e96fafd7791aa3bcc6,2008,Jiangmen,PRD,Mangrove,4.00055829544654,spatial_unit,observed raw wetland area from authoritative panel
coastal-wetland-evidence-contract,1.0.0,a4cf9efdecf6735f87d398acc56604e66df26e62f1a2f1e96fafd7791aa3bcc6,2009,Jiangmen,PRD,Mangrove,4.07779057776118,spatial_unit,observed raw wetland area from authoritative panel
coastal-wetland-evidence-contract,1.0.0,a4cf9efdecf6735f87d398acc56604e66df26e62f1a2f1e96fafd7791aa3bcc6,2010,Jiangmen,PRD,Mangrove,3.91741241785003,spatial_unit,observed raw wetland area from authoritative panel
coastal-wetland-evidence-contract,1.0.0,a4cf9efdecf6735f87d398acc56604e66df26e62f1a2f1e96fafd7791aa3bcc6,2011,Jiangmen,PRD,Mangrove,3.60668565753677,spatial_unit,observed raw wetland area from authoritative panel
coastal-wetland-evidence-contract,1.0.0,a4cf9efdecf6735f87d398acc56604e66df26e62f1a2f1e96fafd7791aa3bcc6,2012,Jiangmen,PRD,Mangrove,3.85387372725184,spatial_unit,observed raw wetland area from authoritative panel
coastal-wetland-evidence-contract,1.0.0,a4cf9efdecf6735f87d398acc56604e66df26e62f1a2f1e96fafd7791aa3bcc6,2013,Jiangmen,PRD,Mangrove,4.01976553704044,spatial_unit,observed raw wetland area from authoritative panel
coastal-wetland-evidence-contract,1.0.0,a4cf9efdecf6735f87d398acc56604e66df26e62f1a2f1e96fafd7791aa3bcc6,2014,Jiangmen,PRD,Mangrove,3.75499390860524,spatial_unit,observed raw wetland area from authoritative panel
coastal-wetland-evidence-contract,1.0.0,a4cf9efdecf6735f87d398acc56604e66df26e62f1a2f1e96fafd7791aa3bcc6,2015,Jiangmen,PRD,Mangrove,4.11626839843367,spatial_unit,observed raw wetland area from authoritative panel
coastal-wetland-evidence-contract,1.0.0,a4cf9efdecf6735f87d398acc56604e66df26e62f1a2f1e96fafd7791aa3bcc6,2016,Jiangmen,PRD,Mangrove,3.9466911542356,spatial_unit,observed raw wetland area from authoritative panel
coastal-wetland-evidence-contract,1.0.0,a4cf9efdecf6735f87d398acc56604e66df26e62f1a2f1e96fafd7791aa3bcc6,2017,Jiangmen,PRD,Mangrove,4.00385012410003,spatial_unit,observed raw wetland area from authoritative panel
coastal-wetland-evidence-contract,1.0.0,a4cf9efdecf6735f87d398acc56604e66df26e62f1a2f1e96fafd7791aa3bcc6,2018,Jiangmen,PRD,Mangrove,4.16104028754978,spatial_unit,observed raw wetland area from authoritative panel
coastal-wetland-evidence-contract,1.0.0,a4cf9efdecf6735f87d398acc56604e66df26e62f1a2f1e96fafd7791aa3bcc6,2019,Jiangmen,PRD,Mangrove,3.87219046881893,spatial_unit,observed raw wetland area from authoritative panel
coastal-wetland-evidence-contract,1.0.0,a4cf9efdecf6735f87d398acc56604e66df26e62f1a2f1e96fafd7791aa3bcc6,2020,Jiangmen,PRD,Mangrove,3.96900754350873,spatial_unit,observed raw wetland area from authoritative panel
coastal-wetland-evidence-contract,1.0.0,a4cf9efdecf6735f87d398acc56604e66df26e62f1a2f1e96fafd7791aa3bcc6,2021,Jiangmen,PRD,Mangrove,3.37648943719746,spatial_unit,observed raw wetland area from authoritative panel
coastal-wetland-evidence-contract,1.0.0,a4cf9efdecf6735f87d398acc56604e66df26e62f1a2f1e96fafd7791aa3bcc6,2022,Jiangmen,PRD,Mangrove,3.63805125945925,spatial_unit,observed raw wetland area from authoritative panel
coastal-wetland-evidence-contract,1.0.0,a4cf9efdecf6735f87d398acc56604e66df26e62f1a2f1e96fafd7791aa3bcc6,2001,Shanwei,PRD,Mangrove,0.78876378125,spatial_unit,observed raw wetland area from authoritative panel
coastal-wetland-evidence-contract,1.0.0,a4cf9efdecf6735f87d398acc56604e66df26e62f1a2f1e96fafd7791aa3bcc6,2002,Shanwei,PRD,Mangrove,0.834553740234375,spatial_unit,observed raw wetland area from authoritative panel
coastal-wetland-evidence-contract,1.0.0,a4cf9efdecf6735f87d398acc56604e66df26e62f1a2f1e96fafd7791aa3bcc6,2003,Shanwei,PRD,Mangrove,0.79305447801394,spatial_unit,observed raw wetland area from authoritative panel
coastal-wetland-evidence-contract,1.0.0,a4cf9efdecf6735f87d398acc56604e66df26e62f1a2f1e96fafd7791aa3bcc6,2004,Shanwei,PRD,Mangrove,0.684619574708946,spatial_unit,observed raw wetland area from authoritative panel
coastal-wetland-evidence-contract,1.0.0,a4cf9efdecf6735f87d398acc56604e66df26e62f1a2f1e96fafd7791aa3bcc6,2005,Shanwei,PRD,Mangrove,0.587026906200214,spatial_unit,observed raw wetland area from authoritative panel
coastal-wetland-evidence-contract,1.0.0,a4cf9efdecf6735f87d398acc56604e66df26e62f1a2f1e96fafd7791aa3bcc6,2006,Shanwei,PRD,Mangrove,0.421885356445312,spatial_unit,observed raw wetland area from authoritative panel
coastal-wetland-evidence-contract,1.0.0,a4cf9efdecf6735f87d398acc56604e66df26e62f1a2f1e96fafd7791aa3bcc6,2007,Shanwei,PRD,Mangrove,0.431032313476563,spatial_unit,observed raw wetland area from authoritative panel
coastal-wetland-evidence-contract,1.0.0,a4cf9efdecf6735f87d398acc56604e66df26e62f1a2f1e96fafd7791aa3bcc6,2008,Shanwei,PRD,Mangrove,0.293440614257812,spatial_unit,observed raw wetland area from authoritative panel
coastal-wetland-evidence-contract,1.0.0,a4cf9efdecf6735f87d398acc56604e66df26e62f1a2f1e96fafd7791aa3bcc6,2009,Shanwei,PRD,Mangrove,0.481001121687347,spatial_unit,observed raw wetland area from authoritative panel
coastal-wetland-evidence-contract,1.0.0,a4cf9efdecf6735f87d398acc56604e66df26e62f1a2f1e96fafd7791aa3bcc6,2010,Shanwei,PRD,Mangrove,0.444312410749847,spatial_unit,observed raw wetland area from authoritative panel
coastal-wetland-evidence-contract,1.0.0,a4cf9efdecf6735f87d398acc56604e66df26e62f1a2f1e96fafd7791aa3bcc6,2011,Shanwei,PRD,Mangrove,0.361784900007659,spatial_unit,observed raw wetland area from authoritative panel
coastal-wetland-evidence-contract,1.0.0,a4cf9efdecf6735f87d398acc56604e66df26e62f1a2f1e96fafd7791aa3bcc6,2012,Shanwei,PRD,Mangrove,0.646049513288909,spatial_unit,observed raw wetland area from authoritative panel
coastal-wetland-evidence-contract,1.0.0,a4cf9efdecf6735f87d398acc56604e66df26e62f1a2f1e96fafd7791aa3bcc6,2013,Shanwei,PRD,Mangrove,0.559373479492187,spatial_unit,observed raw wetland area from authoritative panel
coastal-wetland-evidence-contract,1.0.0,a4cf9efdecf6735f87d398acc56604e66df26e62f1a2f1e96fafd7791aa3bcc6,2014,Shanwei,PRD,Mangrove,0.613733263269761,spatial_unit,observed raw wetland area from authoritative panel
coastal-wetland-evidence-contract,1.0.0,a4cf9efdecf6735f87d398acc56604e66df26e62f1a2f1e96fafd7791aa3bcc6,2015,Shanwei,PRD,Mangrove,0.718702542107077,spatial_unit,observed raw wetland area from authoritative panel
coastal-wetland-evidence-contract,1.0.0,a4cf9efdecf6735f87d398acc56604e66df26e62f1a2f1e96fafd7791aa3bcc6,2016,Shanwei,PRD,Mangrove,0.574249950654871,spatial_unit,observed raw wetland area from authoritative panel
coastal-wetland-evidence-contract,1.0.0,a4cf9efdecf6735f87d398acc56604e66df26e62f1a2f1e96fafd7791aa3bcc6,2017,Shanwei,PRD,Mangrove,0.636866760684743,spatial_unit,observed raw wetland area from authoritative panel
coastal-wetland-evidence-contract,1.0.0,a4cf9efdecf6735f87d398acc56604e66df26e62f1a2f1e96fafd7791aa3bcc6,2018,Shanwei,PRD,Mangrove,0.50511282599954,spatial_unit,observed raw wetland area from authoritative panel
coastal-wetland-evidence-contract,1.0.0,a4cf9efdecf6735f87d398acc56604e66df26e62f1a2f1e96fafd7791aa3bcc6,2019,Shanwei,PRD,Mangrove,0.495920858226103,spatial_unit,observed raw wetland area from authoritative panel
coastal-wetland-evidence-contract,1.0.0,a4cf9efdecf6735f87d398acc56604e66df26e62f1a2f1e96fafd7791aa3bcc6,2020,Shanwei,PRD,Mangrove,0.545217436465993,spatial_unit,observed raw wetland area from authoritative panel
coastal-wetland-evidence-contract,1.0.0,a4cf9efdecf6735f87d398acc56604e66df26e62f1a2f1e96fafd7791aa3bcc6,2021,Shanwei,PRD,Mangrove,0.388632594841452,spatial_unit,observed raw wetland area from authoritative panel
coastal-wetland-evidence-contract,1.0.0,a4cf9efdecf6735f87d398acc56604e66df26e62f1a2f1e96fafd7791aa3bcc6,2022,Shanwei,PRD,Mangrove,0.471134490349265,spatial_unit,observed raw wetland area from authoritative panel
coastal-wetland-evidence-contract,1.0.0,a4cf9efdecf6735f87d398acc56604e66df26e62f1a2f1e96fafd7791aa3bcc6,2001,Shenzhen,PRD,Mangrove,2.3375263057598,spatial_unit,observed raw wetland area from authoritative panel
coastal-wetland-evidence-contract,1.0.0,a4cf9efdecf6735f87d398acc56604e66df26e62f1a2f1e96fafd7791aa3bcc6,2002,Shenzhen,PRD,Mangrove,2.5331518762791,spatial_unit,observed raw wetland area from authoritative panel
coastal-wetland-evidence-contract,1.0.0,a4cf9efdecf6735f87d398acc56604e66df26e62f1a2f1e96fafd7791aa3bcc6,2003,Shenzhen,PRD,Mangrove,2.79116052774586,spatial_unit,observed raw wetland area from authoritative panel
coastal-wetland-evidence-contract,1.0.0,a4cf9efdecf6735f87d398acc56604e66df26e62f1a2f1e96fafd7791aa3bcc6,2004,Shenzhen,PRD,Mangrove,2.39998697998621,spatial_unit,observed raw wetland area from authoritative panel
coastal-wetland-evidence-contract,1.0.0,a4cf9efdecf6735f87d398acc56604e66df26e62f1a2f1e96fafd7791aa3bcc6,2005,Shenzhen,PRD,Mangrove,1.92611299167816,spatial_unit,observed raw wetland area from authoritative panel
coastal-wetland-evidence-contract,1.0.0,a4cf9efdecf6735f87d398acc56604e66df26e62f1a2f1e96fafd7791aa3bcc6,2006,Shenzhen,PRD,Mangrove,1.84917139207644,spatial_unit,observed raw wetland area from authoritative panel
coastal-wetland-evidence-contract,1.0.0,a4cf9efdecf6735f87d398acc56604e66df26e62f1a2f1e96fafd7791aa3bcc6,2007,Shenzhen,PRD,Mangrove,2.18356430417815,spatial_unit,observed raw wetland area from authoritative panel
coastal-wetland-evidence-contract,1.0.0,a4cf9efdecf6735f87d398acc56604e66df26e62f1a2f1e96fafd7791aa3bcc6,2008,Shenzhen,PRD,Mangrove,2.03651646824066,spatial_unit,observed raw wetland area from authoritative panel
coastal-wetland-evidence-contract,1.0.0,a4cf9efdecf6735f87d398acc56604e66df26e62f1a2f1e96fafd7791aa3bcc6,2009,Shenzhen,PRD,Mangrove,1.72628808783318,spatial_unit,observed raw wetland area from authoritative panel
coastal-wetland-evidence-contract,1.0.0,a4cf9efdecf6735f87d398acc56604e66df26e62f1a2f1e96fafd7791aa3bcc6,2010,Shenzhen,PRD,Mangrove,1.69869587298943,spatial_unit,observed raw wetland area from authoritative panel
coastal-wetland-evidence-contract,1.0.0,a4cf9efdecf6735f87d398acc56604e66df26e62f1a2f1e96fafd7791aa3bcc6,2011,Shenzhen,PRD,Mangrove,1.7527980352788,spatial_unit,observed raw wetland area from authoritative panel
coastal-wetland-evidence-contract,1.0.0,a4cf9efdecf6735f87d398acc56604e66df26e62f1a2f1e96fafd7791aa3bcc6,2012,Shenzhen,PRD,Mangrove,1.78746042970665,spatial_unit,observed raw wetland area from authoritative panel
coastal-wetland-evidence-contract,1.0.0,a4cf9efdecf6735f87d398acc56604e66df26e62f1a2f1e96fafd7791aa3bcc6,2013,Shenzhen,PRD,Mangrove,1.93858741033625,spatial_unit,observed raw wetland area from authoritative panel
coastal-wetland-evidence-contract,1.0.0,a4cf9efdecf6735f87d398acc56604e66df26e62f1a2f1e96fafd7791aa3bcc6,2014,Shenzhen,PRD,Mangrove,1.88347486932062,spatial_unit,observed raw wetland area from authoritative panel
coastal-wetland-evidence-contract,1.0.0,a4cf9efdecf6735f87d398acc56604e66df26e62f1a2f1e96fafd7791aa3bcc6,2015,Shenzhen,PRD,Mangrove,1.92948391258042,spatial_unit,observed raw wetland area from authoritative panel
coastal-wetland-evidence-contract,1.0.0,a4cf9efdecf6735f87d398acc56604e66df26e62f1a2f1e96fafd7791aa3bcc6,2016,Shenzhen,PRD,Mangrove,1.90183676482843,spatial_unit,observed raw wetland area from authoritative panel
coastal-wetland-evidence-contract,1.0.0,a4cf9efdecf6735f87d398acc56604e66df26e62f1a2f1e96fafd7791aa3bcc6,2017,Shenzhen,PRD,Mangrove,1.85594695261949,spatial_unit,observed raw wetland area from authoritative panel
coastal-wetland-evidence-contract,1.0.0,a4cf9efdecf6735f87d398acc56604e66df26e62f1a2f1e96fafd7791aa3bcc6,2018,Shenzhen,PRD,Mangrove,1.89870785983073,spatial_unit,observed raw wetland area from authoritative panel
coastal-wetland-evidence-contract,1.0.0,a4cf9efdecf6735f87d398acc56604e66df26e62f1a2f1e96fafd7791aa3bcc6,2019,Shenzhen,PRD,Mangrove,1.77101336915977,spatial_unit,observed raw wetland area from authoritative panel
coastal-wetland-evidence-contract,1.0.0,a4cf9efdecf6735f87d398acc56604e66df26e62f1a2f1e96fafd7791aa3bcc6,2020,Shenzhen,PRD,Mangrove,1.83712125499004,spatial_unit,observed raw wetland area from authoritative panel
coastal-wetland-evidence-contract,1.0.0,a4cf9efdecf6735f87d398acc56604e66df26e62f1a2f1e96fafd7791aa3bcc6,2021,Shenzhen,PRD,Mangrove,1.70239179334406,spatial_unit,observed raw wetland area from authoritative panel
coastal-wetland-evidence-contract,1.0.0,a4cf9efdecf6735f87d398acc56604e66df26e62f1a2f1e96fafd7791aa3bcc6,2022,Shenzhen,PRD,Mangrove,1.73315200193781,spatial_unit,observed raw wetland area from authoritative panel
coastal-wetland-evidence-contract,1.0.0,a4cf9efdecf6735f87d398acc56604e66df26e62f1a2f1e96fafd7791aa3bcc6,2001,Zhongshan,PRD,Mangrove,0.177543344600184,spatial_unit,observed raw wetland area from authoritative panel
coastal-wetland-evidence-contract,1.0.0,a4cf9efdecf6735f87d398acc56604e66df26e62f1a2f1e96fafd7791aa3bcc6,2002,Zhongshan,PRD,Mangrove,0.140746951045496,spatial_unit,observed raw wetland area from authoritative panel
coastal-wetland-evidence-contract,1.0.0,a4cf9efdecf6735f87d398acc56604e66df26e62f1a2f1e96fafd7791aa3bcc6,2003,Zhongshan,PRD,Mangrove,0.152794757850797,spatial_unit,observed raw wetland area from authoritative panel
coastal-wetland-evidence-contract,1.0.0,a4cf9efdecf6735f87d398acc56604e66df26e62f1a2f1e96fafd7791aa3bcc6,2004,Zhongshan,PRD,Mangrove,0.143685891138174,spatial_unit,observed raw wetland area from authoritative panel
coastal-wetland-evidence-contract,1.0.0,a4cf9efdecf6735f87d398acc56604e66df26e62f1a2f1e96fafd7791aa3bcc6,2005,Zhongshan,PRD,Mangrove,0.0992606141161152,spatial_unit,observed raw wetland area from authoritative panel
coastal-wetland-evidence-contract,1.0.0,a4cf9efdecf6735f87d398acc56604e66df26e62f1a2f1e96fafd7791aa3bcc6,2006,Zhongshan,PRD,Mangrove,0.0882568339192708,spatial_unit,observed raw wetland area from authoritative panel
coastal-wetland-evidence-contract,1.0.0,a4cf9efdecf6735f87d398acc56604e66df26e62f1a2f1e96fafd7791aa3bcc6,2007,Zhongshan,PRD,Mangrove,0.116304147250306,spatial_unit,observed raw wetland area from authoritative panel
coastal-wetland-evidence-contract,1.0.0,a4cf9efdecf6735f87d398acc56604e66df26e62f1a2f1e96fafd7791aa3bcc6,2008,Zhongshan,PRD,Mangrove,0.128706425179994,spatial_unit,observed raw wetland area from authoritative panel
coastal-wetland-evidence-contract,1.0.0,a4cf9efdecf6735f87d398acc56604e66df26e62f1a2f1e96fafd7791aa3bcc6,2009,Zhongshan,PRD,Mangrove,0.137926162484681,spatial_unit,observed raw wetland area from authoritative panel
coastal-wetland-evidence-contract,1.0.0,a4cf9efdecf6735f87d398acc56604e66df26e62f1a2f1e96fafd7791aa3bcc6,2010,Zhongshan,PRD,Mangrove,0.151744208693321,spatial_unit,observed raw wetland area from authoritative panel
coastal-wetland-evidence-contract,1.0.0,a4cf9efdecf6735f87d398acc56604e66df26e62f1a2f1e96fafd7791aa3bcc6,2011,Zhongshan,PRD,Mangrove,0.156262053109681,spatial_unit,observed raw wetland area from authoritative panel
coastal-wetland-evidence-contract,1.0.0,a4cf9efdecf6735f87d398acc56604e66df26e62f1a2f1e96fafd7791aa3bcc6,2012,Zhongshan,PRD,Mangrove,0.137874155648744,spatial_unit,observed raw wetland area from authoritative panel
coastal-wetland-evidence-contract,1.0.0,a4cf9efdecf6735f87d398acc56604e66df26e62f1a2f1e96fafd7791aa3bcc6,2013,Zhongshan,PRD,Mangrove,0.126620287492341,spatial_unit,observed raw wetland area from authoritative panel
coastal-wetland-evidence-contract,1.0.0,a4cf9efdecf6735f87d398acc56604e66df26e62f1a2f1e96fafd7791aa3bcc6,2014,Zhongshan,PRD,Mangrove,0.0974992585363051,spatial_unit,observed raw wetland area from authoritative panel
coastal-wetland-evidence-contract,1.0.0,a4cf9efdecf6735f87d398acc56604e66df26e62f1a2f1e96fafd7791aa3bcc6,2015,Zhongshan,PRD,Mangrove,0.108252918351716,spatial_unit,observed raw wetland area from authoritative panel
coastal-wetland-evidence-contract,1.0.0,a4cf9efdecf6735f87d398acc56604e66df26e62f1a2f1e96fafd7791aa3bcc6,2016,Zhongshan,PRD,Mangrove,0.117705992670037,spatial_unit,observed raw wetland area from authoritative panel
coastal-wetland-evidence-contract,1.0.0,a4cf9efdecf6735f87d398acc56604e66df26e62f1a2f1e96fafd7791aa3bcc6,2017,Zhongshan,PRD,Mangrove,0.0777678543236826,spatial_unit,observed raw wetland area from authoritative panel
coastal-wetland-evidence-contract,1.0.0,a4cf9efdecf6735f87d398acc56604e66df26e62f1a2f1e96fafd7791aa3bcc6,2018,Zhongshan,PRD,Mangrove,0.0751435815716912,spatial_unit,observed raw wetland area from authoritative panel
coastal-wetland-evidence-contract,1.0.0,a4cf9efdecf6735f87d398acc56604e66df26e62f1a2f1e96fafd7791aa3bcc6,2019,Zhongshan,PRD,Mangrove,0.0667125663143382,spatial_unit,observed raw wetland area from authoritative panel
coastal-wetland-evidence-contract,1.0.0,a4cf9efdecf6735f87d398acc56604e66df26e62f1a2f1e96fafd7791aa3bcc6,2020,Zhongshan,PRD,Mangrove,0.0575278368221507,spatial_unit,observed raw wetland area from authoritative panel
coastal-wetland-evidence-contract,1.0.0,a4cf9efdecf6735f87d398acc56604e66df26e62f1a2f1e96fafd7791aa3bcc6,2021,Zhongshan,PRD,Mangrove,0.0494558783662684,spatial_unit,observed raw wetland area from authoritative panel
coastal-wetland-evidence-contract,1.0.0,a4cf9efdecf6735f87d398acc56604e66df26e62f1a2f1e96fafd7791aa3bcc6,2022,Zhongshan,PRD,Mangrove,0.0593269295189951,spatial_unit,observed raw wetland area from authoritative panel
coastal-wetland-evidence-contract,1.0.0,a4cf9efdecf6735f87d398acc56604e66df26e62f1a2f1e96fafd7791aa3bcc6,2001,Zhuhai,PRD,Mangrove,1.63892562817479,spatial_unit,observed raw wetland area from authoritative panel
coastal-wetland-evidence-contract,1.0.0,a4cf9efdecf6735f87d398acc56604e66df26e62f1a2f1e96fafd7791aa3bcc6,2002,Zhuhai,PRD,Mangrove,1.57677802200138,spatial_unit,observed raw wetland area from authoritative panel
coastal-wetland-evidence-contract,1.0.0,a4cf9efdecf6735f87d398acc56604e66df26e62f1a2f1e96fafd7791aa3bcc6,2003,Zhuhai,PRD,Mangrove,1.41149682822074,spatial_unit,observed raw wetland area from authoritative panel
coastal-wetland-evidence-contract,1.0.0,a4cf9efdecf6735f87d398acc56604e66df26e62f1a2f1e96fafd7791aa3bcc6,2004,Zhuhai,PRD,Mangrove,1.38722952678079,spatial_unit,observed raw wetland area from authoritative panel
coastal-wetland-evidence-contract,1.0.0,a4cf9efdecf6735f87d398acc56604e66df26e62f1a2f1e96fafd7791aa3bcc6,2005,Zhuhai,PRD,Mangrove,1.20447535945159,spatial_unit,observed raw wetland area from authoritative panel
coastal-wetland-evidence-contract,1.0.0,a4cf9efdecf6735f87d398acc56604e66df26e62f1a2f1e96fafd7791aa3bcc6,2006,Zhuhai,PRD,Mangrove,1.12720659852175,spatial_unit,observed raw wetland area from authoritative panel
coastal-wetland-evidence-contract,1.0.0,a4cf9efdecf6735f87d398acc56604e66df26e62f1a2f1e96fafd7791aa3bcc6,2007,Zhuhai,PRD,Mangrove,1.364027822392,spatial_unit,observed raw wetland area from authoritative panel
coastal-wetland-evidence-contract,1.0.0,a4cf9efdecf6735f87d398acc56604e66df26e62f1a2f1e96fafd7791aa3bcc6,2008,Zhuhai,PRD,Mangrove,1.34500603236826,spatial_unit,observed raw wetland area from authoritative panel
coastal-wetland-evidence-contract,1.0.0,a4cf9efdecf6735f87d398acc56604e66df26e62f1a2f1e96fafd7791aa3bcc6,2009,Zhuhai,PRD,Mangrove,1.19513264612056,spatial_unit,observed raw wetland area from authoritative panel
coastal-wetland-evidence-contract,1.0.0,a4cf9efdecf6735f87d398acc56604e66df26e62f1a2f1e96fafd7791aa3bcc6,2010,Zhuhai,PRD,Mangrove,1.08092132561657,spatial_unit,observed raw wetland area from authoritative panel
coastal-wetland-evidence-contract,1.0.0,a4cf9efdecf6735f87d398acc56604e66df26e62f1a2f1e96fafd7791aa3bcc6,2011,Zhuhai,PRD,Mangrove,0.978430121009498,spatial_unit,observed raw wetland area from authoritative panel
coastal-wetland-evidence-contract,1.0.0,a4cf9efdecf6735f87d398acc56604e66df26e62f1a2f1e96fafd7791aa3bcc6,2012,Zhuhai,PRD,Mangrove,1.03285994760263,spatial_unit,observed raw wetland area from authoritative panel
coastal-wetland-evidence-contract,1.0.0,a4cf9efdecf6735f87d398acc56604e66df26e62f1a2f1e96fafd7791aa3bcc6,2013,Zhuhai,PRD,Mangrove,1.1687433347886,spatial_unit,observed raw wetland area from authoritative panel
coastal-wetland-evidence-contract,1.0.0,a4cf9efdecf6735f87d398acc56604e66df26e62f1a2f1e96fafd7791aa3bcc6,2014,Zhuhai,PRD,Mangrove,1.03254354226026,spatial_unit,observed raw wetland area from authoritative panel
coastal-wetland-evidence-contract,1.0.0,a4cf9efdecf6735f87d398acc56604e66df26e62f1a2f1e96fafd7791aa3bcc6,2015,Zhuhai,PRD,Mangrove,1.03897095448836,spatial_unit,observed raw wetland area from authoritative panel
coastal-wetland-evidence-contract,1.0.0,a4cf9efdecf6735f87d398acc56604e66df26e62f1a2f1e96fafd7791aa3bcc6,2016,Zhuhai,PRD,Mangrove,1.04902145479473,spatial_unit,observed raw wetland area from authoritative panel
coastal-wetland-evidence-contract,1.0.0,a4cf9efdecf6735f87d398acc56604e66df26e62f1a2f1e96fafd7791aa3bcc6,2017,Zhuhai,PRD,Mangrove,0.990105497836244,spatial_unit,observed raw wetland area from authoritative panel
coastal-wetland-evidence-contract,1.0.0,a4cf9efdecf6735f87d398acc56604e66df26e62f1a2f1e96fafd7791aa3bcc6,2018,Zhuhai,PRD,Mangrove,1.06057508445542,spatial_unit,observed raw wetland area from authoritative panel
coastal-wetland-evidence-contract,1.0.0,a4cf9efdecf6735f87d398acc56604e66df26e62f1a2f1e96fafd7791aa3bcc6,2019,Zhuhai,PRD,Mangrove,1.03614403293122,spatial_unit,observed raw wetland area from authoritative panel
coastal-wetland-evidence-contract,1.0.0,a4cf9efdecf6735f87d398acc56604e66df26e62f1a2f1e96fafd7791aa3bcc6,2020,Zhuhai,PRD,Mangrove,0.894689890808823,spatial_unit,observed raw wetland area from authoritative panel
coastal-wetland-evidence-contract,1.0.0,a4cf9efdecf6735f87d398acc56604e66df26e62f1a2f1e96fafd7791aa3bcc6,2021,Zhuhai,PRD,Mangrove,0.977661839564185,spatial_unit,observed raw wetland area from authoritative panel
coastal-wetland-evidence-contract,1.0.0,a4cf9efdecf6735f87d398acc56604e66df26e62f1a2f1e96fafd7791aa3bcc6,2022,Zhuhai,PRD,Mangrove,0.907113910654105,spatial_unit,observed raw wetland area from authoritative panel
coastal-wetland-evidence-contract,1.0.0,a4cf9efdecf6735f87d398acc56604e66df26e62f1a2f1e96fafd7791aa3bcc6,2001,Hangzhou,YRD,Mangrove,0.0,spatial_unit,observed raw wetland area from authoritative panel
coastal-wetland-evidence-contract,1.0.0,a4cf9efdecf6735f87d398acc56604e66df26e62f1a2f1e96fafd7791aa3bcc6,2002,Hangzhou,YRD,Mangrove,0.0,spatial_unit,observed raw wetland area from authoritative panel
coastal-wetland-evidence-contract,1.0.0,a4cf9efdecf6735f87d398acc56604e66df26e62f1a2f1e96fafd7791aa3bcc6,2003,Hangzhou,YRD,Mangrove,0.0,spatial_unit,observed raw wetland area from authoritative panel
coastal-wetland-evidence-contract,1.0.0,a4cf9efdecf6735f87d398acc56604e66df26e62f1a2f1e96fafd7791aa3bcc6,2004,Hangzhou,YRD,Mangrove,0.0,spatial_unit,observed raw wetland area from authoritative panel
coastal-wetland-evidence-contract,1.0.0,a4cf9efdecf6735f87d398acc56604e66df26e62f1a2f1e96fafd7791aa3bcc6,2005,Hangzhou,YRD,Mangrove,0.0,spatial_unit,observed raw wetland area from authoritative panel
coastal-wetland-evidence-contract,1.0.0,a4cf9efdecf6735f87d398acc56604e66df26e62f1a2f1e96fafd7791aa3bcc6,2006,Hangzhou,YRD,Mangrove,0.0,spatial_unit,observed raw wetland area from authoritative panel
coastal-wetland-evidence-contract,1.0.0,a4cf9efdecf6735f87d398acc56604e66df26e62f1a2f1e96fafd7791aa3bcc6,2007,Hangzhou,YRD,Mangrove,0.0,spatial_unit,observed raw wetland area from authoritative panel
coastal-wetland-evidence-contract,1.0.0,a4cf9efdecf6735f87d398acc56604e66df26e62f1a2f1e96fafd7791aa3bcc6,2008,Hangzhou,YRD,Mangrove,0.0,spatial_unit,observed raw wetland area from authoritative panel
coastal-wetland-evidence-contract,1.0.0,a4cf9efdecf6735f87d398acc56604e66df26e62f1a2f1e96fafd7791aa3bcc6,2009,Hangzhou,YRD,Mangrove,0.0,spatial_unit,observed raw wetland area from authoritative panel
coastal-wetland-evidence-contract,1.0.0,a4cf9efdecf6735f87d398acc56604e66df26e62f1a2f1e96fafd7791aa3bcc6,2010,Hangzhou,YRD,Mangrove,0.0,spatial_unit,observed raw wetland area from authoritative panel
coastal-wetland-evidence-contract,1.0.0,a4cf9efdecf6735f87d398acc56604e66df26e62f1a2f1e96fafd7791aa3bcc6,2011,Hangzhou,YRD,Mangrove,0.0,spatial_unit,observed raw wetland area from authoritative panel
coastal-wetland-evidence-contract,1.0.0,a4cf9efdecf6735f87d398acc56604e66df26e62f1a2f1e96fafd7791aa3bcc6,2012,Hangzhou,YRD,Mangrove,0.0,spatial_unit,observed raw wetland area from authoritative panel
coastal-wetland-evidence-contract,1.0.0,a4cf9efdecf6735f87d398acc56604e66df26e62f1a2f1e96fafd7791aa3bcc6,2013,Hangzhou,YRD,Mangrove,0.0,spatial_unit,observed raw wetland area from authoritative panel
coastal-wetland-evidence-contract,1.0.0,a4cf9efdecf6735f87d398acc56604e66df26e62f1a2f1e96fafd7791aa3bcc6,2014,Hangzhou,YRD,Mangrove,0.0,spatial_unit,observed raw wetland area from authoritative panel
coastal-wetland-evidence-contract,1.0.0,a4cf9efdecf6735f87d398acc56604e66df26e62f1a2f1e96fafd7791aa3bcc6,2015,Hangzhou,YRD,Mangrove,0.0,spatial_unit,observed raw wetland area from authoritative panel
coastal-wetland-evidence-contract,1.0.0,a4cf9efdecf6735f87d398acc56604e66df26e62f1a2f1e96fafd7791aa3bcc6,2016,Hangzhou,YRD,Mangrove,0.0,spatial_unit,observed raw wetland area from authoritative panel
coastal-wetland-evidence-contract,1.0.0,a4cf9efdecf6735f87d398acc56604e66df26e62f1a2f1e96fafd7791aa3bcc6,2017,Hangzhou,YRD,Mangrove,0.0,spatial_unit,observed raw wetland area from authoritative panel
coastal-wetland-evidence-contract,1.0.0,a4cf9efdecf6735f87d398acc56604e66df26e62f1a2f1e96fafd7791aa3bcc6,2018,Hangzhou,YRD,Mangrove,0.0,spatial_unit,observed raw wetland area from authoritative panel
coastal-wetland-evidence-contract,1.0.0,a4cf9efdecf6735f87d398acc56604e66df26e62f1a2f1e96fafd7791aa3bcc6,2019,Hangzhou,YRD,Mangrove,0.0,spatial_unit,observed raw wetland area from authoritative panel
coastal-wetland-evidence-contract,1.0.0,a4cf9efdecf6735f87d398acc56604e66df26e62f1a2f1e96fafd7791aa3bcc6,2020,Hangzhou,YRD,Mangrove,0.0,spatial_unit,observed raw wetland area from authoritative panel
coastal-wetland-evidence-contract,1.0.0,a4cf9efdecf6735f87d398acc56604e66df26e62f1a2f1e96fafd7791aa3bcc6,2021,Hangzhou,YRD,Mangrove,0.0,spatial_unit,observed raw wetland area from authoritative panel
coastal-wetland-evidence-contract,1.0.0,a4cf9efdecf6735f87d398acc56604e66df26e62f1a2f1e96fafd7791aa3bcc6,2022,Hangzhou,YRD,Mangrove,0.0,spatial_unit,observed raw wetland area from authoritative panel
coastal-wetland-evidence-contract,1.0.0,a4cf9efdecf6735f87d398acc56604e66df26e62f1a2f1e96fafd7791aa3bcc6,2001,Jiaxing,YRD,Mangrove,0.0,spatial_unit,observed raw wetland area from authoritative panel
coastal-wetland-evidence-contract,1.0.0,a4cf9efdecf6735f87d398acc56604e66df26e62f1a2f1e96fafd7791aa3bcc6,2002,Jiaxing,YRD,Mangrove,0.0,spatial_unit,observed raw wetland area from authoritative panel
coastal-wetland-evidence-contract,1.0.0,a4cf9efdecf6735f87d398acc56604e66df26e62f1a2f1e96fafd7791aa3bcc6,2003,Jiaxing,YRD,Mangrove,0.0,spatial_unit,observed raw wetland area from authoritative panel
coastal-wetland-evidence-contract,1.0.0,a4cf9efdecf6735f87d398acc56604e66df26e62f1a2f1e96fafd7791aa3bcc6,2004,Jiaxing,YRD,Mangrove,0.0,spatial_unit,observed raw wetland area from authoritative panel
coastal-wetland-evidence-contract,1.0.0,a4cf9efdecf6735f87d398acc56604e66df26e62f1a2f1e96fafd7791aa3bcc6,2005,Jiaxing,YRD,Mangrove,0.0,spatial_unit,observed raw wetland area from authoritative panel
coastal-wetland-evidence-contract,1.0.0,a4cf9efdecf6735f87d398acc56604e66df26e62f1a2f1e96fafd7791aa3bcc6,2006,Jiaxing,YRD,Mangrove,0.0,spatial_unit,observed raw wetland area from authoritative panel
coastal-wetland-evidence-contract,1.0.0,a4cf9efdecf6735f87d398acc56604e66df26e62f1a2f1e96fafd7791aa3bcc6,2007,Jiaxing,YRD,Mangrove,0.0,spatial_unit,observed raw wetland area from authoritative panel
coastal-wetland-evidence-contract,1.0.0,a4cf9efdecf6735f87d398acc56604e66df26e62f1a2f1e96fafd7791aa3bcc6,2008,Jiaxing,YRD,Mangrove,0.0,spatial_unit,observed raw wetland area from authoritative panel
coastal-wetland-evidence-contract,1.0.0,a4cf9efdecf6735f87d398acc56604e66df26e62f1a2f1e96fafd7791aa3bcc6,2009,Jiaxing,YRD,Mangrove,0.0,spatial_unit,observed raw wetland area from authoritative panel
coastal-wetland-evidence-contract,1.0.0,a4cf9efdecf6735f87d398acc56604e66df26e62f1a2f1e96fafd7791aa3bcc6,2010,Jiaxing,YRD,Mangrove,0.0,spatial_unit,observed raw wetland area from authoritative panel
coastal-wetland-evidence-contract,1.0.0,a4cf9efdecf6735f87d398acc56604e66df26e62f1a2f1e96fafd7791aa3bcc6,2011,Jiaxing,YRD,Mangrove,0.0,spatial_unit,observed raw wetland area from authoritative panel
coastal-wetland-evidence-contract,1.0.0,a4cf9efdecf6735f87d398acc56604e66df26e62f1a2f1e96fafd7791aa3bcc6,2012,Jiaxing,YRD,Mangrove,0.0,spatial_unit,observed raw wetland area from authoritative panel
coastal-wetland-evidence-contract,1.0.0,a4cf9efdecf6735f87d398acc56604e66df26e62f1a2f1e96fafd7791aa3bcc6,2013,Jiaxing,YRD,Mangrove,0.0,spatial_unit,observed raw wetland area from authoritative panel
coastal-wetland-evidence-contract,1.0.0,a4cf9efdecf6735f87d398acc56604e66df26e62f1a2f1e96fafd7791aa3bcc6,2014,Jiaxing,YRD,Mangrove,0.0,spatial_unit,observed raw wetland area from authoritative panel
coastal-wetland-evidence-contract,1.0.0,a4cf9efdecf6735f87d398acc56604e66df26e62f1a2f1e96fafd7791aa3bcc6,2015,Jiaxing,YRD,Mangrove,0.0,spatial_unit,observed raw wetland area from authoritative panel
coastal-wetland-evidence-contract,1.0.0,a4cf9efdecf6735f87d398acc56604e66df26e62f1a2f1e96fafd7791aa3bcc6,2016,Jiaxing,YRD,Mangrove,0.0,spatial_unit,observed raw wetland area from authoritative panel
coastal-wetland-evidence-contract,1.0.0,a4cf9efdecf6735f87d398acc56604e66df26e62f1a2f1e96fafd7791aa3bcc6,2017,Jiaxing,YRD,Mangrove,0.0,spatial_unit,observed raw wetland area from authoritative panel
coastal-wetland-evidence-contract,1.0.0,a4cf9efdecf6735f87d398acc56604e66df26e62f1a2f1e96fafd7791aa3bcc6,2018,Jiaxing,YRD,Mangrove,0.0,spatial_unit,observed raw wetland area from authoritative panel
coastal-wetland-evidence-contract,1.0.0,a4cf9efdecf6735f87d398acc56604e66df26e62f1a2f1e96fafd7791aa3bcc6,2019,Jiaxing,YRD,Mangrove,0.0,spatial_unit,observed raw wetland area from authoritative panel
coastal-wetland-evidence-contract,1.0.0,a4cf9efdecf6735f87d398acc56604e66df26e62f1a2f1e96fafd7791aa3bcc6,2020,Jiaxing,YRD,Mangrove,0.0,spatial_unit,observed raw wetland area from authoritative panel
coastal-wetland-evidence-contract,1.0.0,a4cf9efdecf6735f87d398acc56604e66df26e62f1a2f1e96fafd7791aa3bcc6,2021,Jiaxing,YRD,Mangrove,0.0,spatial_unit,observed raw wetland area from authoritative panel
coastal-wetland-evidence-contract,1.0.0,a4cf9efdecf6735f87d398acc56604e66df26e62f1a2f1e96fafd7791aa3bcc6,2022,Jiaxing,YRD,Mangrove,0.0,spatial_unit,observed raw wetland area from authoritative panel
coastal-wetland-evidence-contract,1.0.0,a4cf9efdecf6735f87d398acc56604e66df26e62f1a2f1e96fafd7791aa3bcc6,2001,Lianyungang,YRD,Mangrove,0.0,spatial_unit,observed raw wetland area from authoritative panel
coastal-wetland-evidence-contract,1.0.0,a4cf9efdecf6735f87d398acc56604e66df26e62f1a2f1e96fafd7791aa3bcc6,2002,Lianyungang,YRD,Mangrove,0.0,spatial_unit,observed raw wetland area from authoritative panel
coastal-wetland-evidence-contract,1.0.0,a4cf9efdecf6735f87d398acc56604e66df26e62f1a2f1e96fafd7791aa3bcc6,2003,Lianyungang,YRD,Mangrove,0.0,spatial_unit,observed raw wetland area from authoritative panel
coastal-wetland-evidence-contract,1.0.0,a4cf9efdecf6735f87d398acc56604e66df26e62f1a2f1e96fafd7791aa3bcc6,2004,Lianyungang,YRD,Mangrove,0.0,spatial_unit,observed raw wetland area from authoritative panel
coastal-wetland-evidence-contract,1.0.0,a4cf9efdecf6735f87d398acc56604e66df26e62f1a2f1e96fafd7791aa3bcc6,2005,Lianyungang,YRD,Mangrove,0.0,spatial_unit,observed raw wetland area from authoritative panel
coastal-wetland-evidence-contract,1.0.0,a4cf9efdecf6735f87d398acc56604e66df26e62f1a2f1e96fafd7791aa3bcc6,2006,Lianyungang,YRD,Mangrove,0.0,spatial_unit,observed raw wetland area from authoritative panel
coastal-wetland-evidence-contract,1.0.0,a4cf9efdecf6735f87d398acc56604e66df26e62f1a2f1e96fafd7791aa3bcc6,2007,Lianyungang,YRD,Mangrove,0.0,spatial_unit,observed raw wetland area from authoritative panel
coastal-wetland-evidence-contract,1.0.0,a4cf9efdecf6735f87d398acc56604e66df26e62f1a2f1e96fafd7791aa3bcc6,2008,Lianyungang,YRD,Mangrove,0.0,spatial_unit,observed raw wetland area from authoritative panel
coastal-wetland-evidence-contract,1.0.0,a4cf9efdecf6735f87d398acc56604e66df26e62f1a2f1e96fafd7791aa3bcc6,2009,Lianyungang,YRD,Mangrove,0.0,spatial_unit,observed raw wetland area from authoritative panel
coastal-wetland-evidence-contract,1.0.0,a4cf9efdecf6735f87d398acc56604e66df26e62f1a2f1e96fafd7791aa3bcc6,2010,Lianyungang,YRD,Mangrove,0.0,spatial_unit,observed raw wetland area from authoritative panel
coastal-wetland-evidence-contract,1.0.0,a4cf9efdecf6735f87d398acc56604e66df26e62f1a2f1e96fafd7791aa3bcc6,2011,Lianyungang,YRD,Mangrove,0.0,spatial_unit,observed raw wetland area from authoritative panel
coastal-wetland-evidence-contract,1.0.0,a4cf9efdecf6735f87d398acc56604e66df26e62f1a2f1e96fafd7791aa3bcc6,2012,Lianyungang,YRD,Mangrove,0.0,spatial_unit,observed raw wetland area from authoritative panel
coastal-wetland-evidence-contract,1.0.0,a4cf9efdecf6735f87d398acc56604e66df26e62f1a2f1e96fafd7791aa3bcc6,2013,Lianyungang,YRD,Mangrove,0.0,spatial_unit,observed raw wetland area from authoritative panel
coastal-wetland-evidence-contract,1.0.0,a4cf9efdecf6735f87d398acc56604e66df26e62f1a2f1e96fafd7791aa3bcc6,2014,Lianyungang,YRD,Mangrove,0.0,spatial_unit,observed raw wetland area from authoritative panel
coastal-wetland-evidence-contract,1.0.0,a4cf9efdecf6735f87d398acc56604e66df26e62f1a2f1e96fafd7791aa3bcc6,2015,Lianyungang,YRD,Mangrove,0.0,spatial_unit,observed raw wetland area from authoritative panel
coastal-wetland-evidence-contract,1.0.0,a4cf9efdecf6735f87d398acc56604e66df26e62f1a2f1e96fafd7791aa3bcc6,2016,Lianyungang,YRD,Mangrove,0.0,spatial_unit,observed raw wetland area from authoritative panel
coastal-wetland-evidence-contract,1.0.0,a4cf9efdecf6735f87d398acc56604e66df26e62f1a2f1e96fafd7791aa3bcc6,2017,Lianyungang,YRD,Mangrove,0.0,spatial_unit,observed raw wetland area from authoritative panel
coastal-wetland-evidence-contract,1.0.0,a4cf9efdecf6735f87d398acc56604e66df26e62f1a2f1e96fafd7791aa3bcc6,2018,Lianyungang,YRD,Mangrove,0.0,spatial_unit,observed raw wetland area from authoritative panel
coastal-wetland-evidence-contract,1.0.0,a4cf9efdecf6735f87d398acc56604e66df26e62f1a2f1e96fafd7791aa3bcc6,2019,Lianyungang,YRD,Mangrove,0.0,spatial_unit,observed raw wetland area from authoritative panel
coastal-wetland-evidence-contract,1.0.0,a4cf9efdecf6735f87d398acc56604e66df26e62f1a2f1e96fafd7791aa3bcc6,2020,Lianyungang,YRD,Mangrove,0.0,spatial_unit,observed raw wetland area from authoritative panel
coastal-wetland-evidence-contract,1.0.0,a4cf9efdecf6735f87d398acc56604e66df26e62f1a2f1e96fafd7791aa3bcc6,2021,Lianyungang,YRD,Mangrove,0.0,spatial_unit,observed raw wetland area from authoritative panel
coastal-wetland-evidence-contract,1.0.0,a4cf9efdecf6735f87d398acc56604e66df26e62f1a2f1e96fafd7791aa3bcc6,2022,Lianyungang,YRD,Mangrove,0.0,spatial_unit,observed raw wetland area from authoritative panel
coastal-wetland-evidence-contract,1.0.0,a4cf9efdecf6735f87d398acc56604e66df26e62f1a2f1e96fafd7791aa3bcc6,2001,Nantong,YRD,Mangrove,0.0,spatial_unit,observed raw wetland area from authoritative panel
coastal-wetland-evidence-contract,1.0.0,a4cf9efdecf6735f87d398acc56604e66df26e62f1a2f1e96fafd7791aa3bcc6,2002,Nantong,YRD,Mangrove,0.0,spatial_unit,observed raw wetland area from authoritative panel
coastal-wetland-evidence-contract,1.0.0,a4cf9efdecf6735f87d398acc56604e66df26e62f1a2f1e96fafd7791aa3bcc6,2003,Nantong,YRD,Mangrove,0.0,spatial_unit,observed raw wetland area from authoritative panel
coastal-wetland-evidence-contract,1.0.0,a4cf9efdecf6735f87d398acc56604e66df26e62f1a2f1e96fafd7791aa3bcc6,2004,Nantong,YRD,Mangrove,0.0,spatial_unit,observed raw wetland area from authoritative panel
coastal-wetland-evidence-contract,1.0.0,a4cf9efdecf6735f87d398acc56604e66df26e62f1a2f1e96fafd7791aa3bcc6,2005,Nantong,YRD,Mangrove,0.0,spatial_unit,observed raw wetland area from authoritative panel
coastal-wetland-evidence-contract,1.0.0,a4cf9efdecf6735f87d398acc56604e66df26e62f1a2f1e96fafd7791aa3bcc6,2006,Nantong,YRD,Mangrove,0.0,spatial_unit,observed raw wetland area from authoritative panel
coastal-wetland-evidence-contract,1.0.0,a4cf9efdecf6735f87d398acc56604e66df26e62f1a2f1e96fafd7791aa3bcc6,2007,Nantong,YRD,Mangrove,0.0,spatial_unit,observed raw wetland area from authoritative panel
coastal-wetland-evidence-contract,1.0.0,a4cf9efdecf6735f87d398acc56604e66df26e62f1a2f1e96fafd7791aa3bcc6,2008,Nantong,YRD,Mangrove,0.0,spatial_unit,observed raw wetland area from authoritative panel
coastal-wetland-evidence-contract,1.0.0,a4cf9efdecf6735f87d398acc56604e66df26e62f1a2f1e96fafd7791aa3bcc6,2009,Nantong,YRD,Mangrove,0.0,spatial_unit,observed raw wetland area from authoritative panel
coastal-wetland-evidence-contract,1.0.0,a4cf9efdecf6735f87d398acc56604e66df26e62f1a2f1e96fafd7791aa3bcc6,2010,Nantong,YRD,Mangrove,0.0,spatial_unit,observed raw wetland area from authoritative panel
coastal-wetland-evidence-contract,1.0.0,a4cf9efdecf6735f87d398acc56604e66df26e62f1a2f1e96fafd7791aa3bcc6,2011,Nantong,YRD,Mangrove,0.0,spatial_unit,observed raw wetland area from authoritative panel
coastal-wetland-evidence-contract,1.0.0,a4cf9efdecf6735f87d398acc56604e66df26e62f1a2f1e96fafd7791aa3bcc6,2012,Nantong,YRD,Mangrove,0.0,spatial_unit,observed raw wetland area from authoritative panel
coastal-wetland-evidence-contract,1.0.0,a4cf9efdecf6735f87d398acc56604e66df26e62f1a2f1e96fafd7791aa3bcc6,2013,Nantong,YRD,Mangrove,0.0,spatial_unit,observed raw wetland area from authoritative panel
coastal-wetland-evidence-contract,1.0.0,a4cf9efdecf6735f87d398acc56604e66df26e62f1a2f1e96fafd7791aa3bcc6,2014,Nantong,YRD,Mangrove,0.0,spatial_unit,observed raw wetland area from authoritative panel
coastal-wetland-evidence-contract,1.0.0,a4cf9efdecf6735f87d398acc56604e66df26e62f1a2f1e96fafd7791aa3bcc6,2015,Nantong,YRD,Mangrove,0.0,spatial_unit,observed raw wetland area from authoritative panel
coastal-wetland-evidence-contract,1.0.0,a4cf9efdecf6735f87d398acc56604e66df26e62f1a2f1e96fafd7791aa3bcc6,2016,Nantong,YRD,Mangrove,0.0,spatial_unit,observed raw wetland area from authoritative panel
coastal-wetland-evidence-contract,1.0.0,a4cf9efdecf6735f87d398acc56604e66df26e62f1a2f1e96fafd7791aa3bcc6,2017,Nantong,YRD,Mangrove,0.0,spatial_unit,observed raw wetland area from authoritative panel
coastal-wetland-evidence-contract,1.0.0,a4cf9efdecf6735f87d398acc56604e66df26e62f1a2f1e96fafd7791aa3bcc6,2018,Nantong,YRD,Mangrove,0.0,spatial_unit,observed raw wetland area from authoritative panel
coastal-wetland-evidence-contract,1.0.0,a4cf9efdecf6735f87d398acc56604e66df26e62f1a2f1e96fafd7791aa3bcc6,2019,Nantong,YRD,Mangrove,0.0,spatial_unit,observed raw wetland area from authoritative panel
coastal-wetland-evidence-contract,1.0.0,a4cf9efdecf6735f87d398acc56604e66df26e62f1a2f1e96fafd7791aa3bcc6,2020,Nantong,YRD,Mangrove,0.0,spatial_unit,observed raw wetland area from authoritative panel
coastal-wetland-evidence-contract,1.0.0,a4cf9efdecf6735f87d398acc56604e66df26e62f1a2f1e96fafd7791aa3bcc6,2021,Nantong,YRD,Mangrove,0.0,spatial_unit,observed raw wetland area from authoritative panel
coastal-wetland-evidence-contract,1.0.0,a4cf9efdecf6735f87d398acc56604e66df26e62f1a2f1e96fafd7791aa3bcc6,2022,Nantong,YRD,Mangrove,0.0,spatial_unit,observed raw wetland area from authoritative panel
coastal-wetland-evidence-contract,1.0.0,a4cf9efdecf6735f87d398acc56604e66df26e62f1a2f1e96fafd7791aa3bcc6,2001,Ningbo,YRD,Mangrove,0.252499868907016,spatial_unit,observed raw wetland area from authoritative panel
coastal-wetland-evidence-contract,1.0.0,a4cf9efdecf6735f87d398acc56604e66df26e62f1a2f1e96fafd7791aa3bcc6,2002,Ningbo,YRD,Mangrove,0.386441535397518,spatial_unit,observed raw wetland area from authoritative panel
coastal-wetland-evidence-contract,1.0.0,a4cf9efdecf6735f87d398acc56604e66df26e62f1a2f1e96fafd7791aa3bcc6,2003,Ningbo,YRD,Mangrove,0.319175397123928,spatial_unit,observed raw wetland area from authoritative panel
coastal-wetland-evidence-contract,1.0.0,a4cf9efdecf6735f87d398acc56604e66df26e62f1a2f1e96fafd7791aa3bcc6,2004,Ningbo,YRD,Mangrove,0.370608772602635,spatial_unit,observed raw wetland area from authoritative panel
coastal-wetland-evidence-contract,1.0.0,a4cf9efdecf6735f87d398acc56604e66df26e62f1a2f1e96fafd7791aa3bcc6,2005,Ningbo,YRD,Mangrove,0.308790449077053,spatial_unit,observed raw wetland area from authoritative panel
coastal-wetland-evidence-contract,1.0.0,a4cf9efdecf6735f87d398acc56604e66df26e62f1a2f1e96fafd7791aa3bcc6,2006,Ningbo,YRD,Mangrove,0.249852639973958,spatial_unit,observed raw wetland area from authoritative panel
coastal-wetland-evidence-contract,1.0.0,a4cf9efdecf6735f87d398acc56604e66df26e62f1a2f1e96fafd7791aa3bcc6,2007,Ningbo,YRD,Mangrove,0.263272604783241,spatial_unit,observed raw wetland area from authoritative panel
coastal-wetland-evidence-contract,1.0.0,a4cf9efdecf6735f87d398acc56604e66df26e62f1a2f1e96fafd7791aa3bcc6,2008,Ningbo,YRD,Mangrove,0.259788611550245,spatial_unit,observed raw wetland area from authoritative panel
coastal-wetland-evidence-contract,1.0.0,a4cf9efdecf6735f87d398acc56604e66df26e62f1a2f1e96fafd7791aa3bcc6,2009,Ningbo,YRD,Mangrove,0.375058726217831,spatial_unit,observed raw wetland area from authoritative panel
coastal-wetland-evidence-contract,1.0.0,a4cf9efdecf6735f87d398acc56604e66df26e62f1a2f1e96fafd7791aa3bcc6,2010,Ningbo,YRD,Mangrove,0.258226706184896,spatial_unit,observed raw wetland area from authoritative panel
coastal-wetland-evidence-contract,1.0.0,a4cf9efdecf6735f87d398acc56604e66df26e62f1a2f1e96fafd7791aa3bcc6,2011,Ningbo,YRD,Mangrove,0.0896109158356311,spatial_unit,observed raw wetland area from authoritative panel
coastal-wetland-evidence-contract,1.0.0,a4cf9efdecf6735f87d398acc56604e66df26e62f1a2f1e96fafd7791aa3bcc6,2012,Ningbo,YRD,Mangrove,0.527420199211091,spatial_unit,observed raw wetland area from authoritative panel
coastal-wetland-evidence-contract,1.0.0,a4cf9efdecf6735f87d398acc56604e66df26e62f1a2f1e96fafd7791aa3bcc6,2013,Ningbo,YRD,Mangrove,0.524707473606005,spatial_unit,observed raw wetland area from authoritative panel
coastal-wetland-evidence-contract,1.0.0,a4cf9efdecf6735f87d398acc56604e66df26e62f1a2f1e96fafd7791aa3bcc6,2014,Ningbo,YRD,Mangrove,0.790581370584405,spatial_unit,observed raw wetland area from authoritative panel
coastal-wetland-evidence-contract,1.0.0,a4cf9efdecf6735f87d398acc56604e66df26e62f1a2f1e96fafd7791aa3bcc6,2015,Ningbo,YRD,Mangrove,0.476812593259804,spatial_unit,observed raw wetland area from authoritative panel
coastal-wetland-evidence-contract,1.0.0,a4cf9efdecf6735f87d398acc56604e66df26e62f1a2f1e96fafd7791aa3bcc6,2016,Ningbo,YRD,Mangrove,0.301419279672181,spatial_unit,observed raw wetland area from authoritative panel
coastal-wetland-evidence-contract,1.0.0,a4cf9efdecf6735f87d398acc56604e66df26e62f1a2f1e96fafd7791aa3bcc6,2017,Ningbo,YRD,Mangrove,0.278368599119179,spatial_unit,observed raw wetland area from authoritative panel
coastal-wetland-evidence-contract,1.0.0,a4cf9efdecf6735f87d398acc56604e66df26e62f1a2f1e96fafd7791aa3bcc6,2018,Ningbo,YRD,Mangrove,0.302196389483762,spatial_unit,observed raw wetland area from authoritative panel
coastal-wetland-evidence-contract,1.0.0,a4cf9efdecf6735f87d398acc56604e66df26e62f1a2f1e96fafd7791aa3bcc6,2019,Ningbo,YRD,Mangrove,0.38696269933364,spatial_unit,observed raw wetland area from authoritative panel
coastal-wetland-evidence-contract,1.0.0,a4cf9efdecf6735f87d398acc56604e66df26e62f1a2f1e96fafd7791aa3bcc6,2020,Ningbo,YRD,Mangrove,0.725687700911458,spatial_unit,observed raw wetland area from authoritative panel
coastal-wetland-evidence-contract,1.0.0,a4cf9efdecf6735f87d398acc56604e66df26e62f1a2f1e96fafd7791aa3bcc6,2021,Ningbo,YRD,Mangrove,0.951471658088235,spatial_unit,observed raw wetland area from authoritative panel
coastal-wetland-evidence-contract,1.0.0,a4cf9efdecf6735f87d398acc56604e66df26e62f1a2f1e96fafd7791aa3bcc6,2022,Ningbo,YRD,Mangrove,1.17810339362745,spatial_unit,observed raw wetland area from authoritative panel
coastal-wetland-evidence-contract,1.0.0,a4cf9efdecf6735f87d398acc56604e66df26e62f1a2f1e96fafd7791aa3bcc6,2001,Shanghai_Shi,YRD,Mangrove,0.0,spatial_unit,observed raw wetland area from authoritative panel
coastal-wetland-evidence-contract,1.0.0,a4cf9efdecf6735f87d398acc56604e66df26e62f1a2f1e96fafd7791aa3bcc6,2002,Shanghai_Shi,YRD,Mangrove,0.0,spatial_unit,observed raw wetland area from authoritative panel
coastal-wetland-evidence-contract,1.0.0,a4cf9efdecf6735f87d398acc56604e66df26e62f1a2f1e96fafd7791aa3bcc6,2003,Shanghai_Shi,YRD,Mangrove,0.0,spatial_unit,observed raw wetland area from authoritative panel
coastal-wetland-evidence-contract,1.0.0,a4cf9efdecf6735f87d398acc56604e66df26e62f1a2f1e96fafd7791aa3bcc6,2004,Shanghai_Shi,YRD,Mangrove,0.0,spatial_unit,observed raw wetland area from authoritative panel
coastal-wetland-evidence-contract,1.0.0,a4cf9efdecf6735f87d398acc56604e66df26e62f1a2f1e96fafd7791aa3bcc6,2005,Shanghai_Shi,YRD,Mangrove,0.0,spatial_unit,observed raw wetland area from authoritative panel
coastal-wetland-evidence-contract,1.0.0,a4cf9efdecf6735f87d398acc56604e66df26e62f1a2f1e96fafd7791aa3bcc6,2006,Shanghai_Shi,YRD,Mangrove,0.0,spatial_unit,observed raw wetland area from authoritative panel
coastal-wetland-evidence-contract,1.0.0,a4cf9efdecf6735f87d398acc56604e66df26e62f1a2f1e96fafd7791aa3bcc6,2007,Shanghai_Shi,YRD,Mangrove,0.0,spatial_unit,observed raw wetland area from authoritative panel
coastal-wetland-evidence-contract,1.0.0,a4cf9efdecf6735f87d398acc56604e66df26e62f1a2f1e96fafd7791aa3bcc6,2008,Shanghai_Shi,YRD,Mangrove,0.0,spatial_unit,observed raw wetland area from authoritative panel
coastal-wetland-evidence-contract,1.0.0,a4cf9efdecf6735f87d398acc56604e66df26e62f1a2f1e96fafd7791aa3bcc6,2009,Shanghai_Shi,YRD,Mangrove,0.0,spatial_unit,observed raw wetland area from authoritative panel
coastal-wetland-evidence-contract,1.0.0,a4cf9efdecf6735f87d398acc56604e66df26e62f1a2f1e96fafd7791aa3bcc6,2010,Shanghai_Shi,YRD,Mangrove,0.0,spatial_unit,observed raw wetland area from authoritative panel
coastal-wetland-evidence-contract,1.0.0,a4cf9efdecf6735f87d398acc56604e66df26e62f1a2f1e96fafd7791aa3bcc6,2011,Shanghai_Shi,YRD,Mangrove,0.0,spatial_unit,observed raw wetland area from authoritative panel
coastal-wetland-evidence-contract,1.0.0,a4cf9efdecf6735f87d398acc56604e66df26e62f1a2f1e96fafd7791aa3bcc6,2012,Shanghai_Shi,YRD,Mangrove,0.0,spatial_unit,observed raw wetland area from authoritative panel
coastal-wetland-evidence-contract,1.0.0,a4cf9efdecf6735f87d398acc56604e66df26e62f1a2f1e96fafd7791aa3bcc6,2013,Shanghai_Shi,YRD,Mangrove,0.0,spatial_unit,observed raw wetland area from authoritative panel
coastal-wetland-evidence-contract,1.0.0,a4cf9efdecf6735f87d398acc56604e66df26e62f1a2f1e96fafd7791aa3bcc6,2014,Shanghai_Shi,YRD,Mangrove,0.0,spatial_unit,observed raw wetland area from authoritative panel
coastal-wetland-evidence-contract,1.0.0,a4cf9efdecf6735f87d398acc56604e66df26e62f1a2f1e96fafd7791aa3bcc6,2015,Shanghai_Shi,YRD,Mangrove,0.0,spatial_unit,observed raw wetland area from authoritative panel
coastal-wetland-evidence-contract,1.0.0,a4cf9efdecf6735f87d398acc56604e66df26e62f1a2f1e96fafd7791aa3bcc6,2016,Shanghai_Shi,YRD,Mangrove,0.0,spatial_unit,observed raw wetland area from authoritative panel
coastal-wetland-evidence-contract,1.0.0,a4cf9efdecf6735f87d398acc56604e66df26e62f1a2f1e96fafd7791aa3bcc6,2017,Shanghai_Shi,YRD,Mangrove,0.0,spatial_unit,observed raw wetland area from authoritative panel
coastal-wetland-evidence-contract,1.0.0,a4cf9efdecf6735f87d398acc56604e66df26e62f1a2f1e96fafd7791aa3bcc6,2018,Shanghai_Shi,YRD,Mangrove,0.0,spatial_unit,observed raw wetland area from authoritative panel
coastal-wetland-evidence-contract,1.0.0,a4cf9efdecf6735f87d398acc56604e66df26e62f1a2f1e96fafd7791aa3bcc6,2019,Shanghai_Shi,YRD,Mangrove,0.0,spatial_unit,observed raw wetland area from authoritative panel
coastal-wetland-evidence-contract,1.0.0,a4cf9efdecf6735f87d398acc56604e66df26e62f1a2f1e96fafd7791aa3bcc6,2020,Shanghai_Shi,YRD,Mangrove,0.0,spatial_unit,observed raw wetland area from authoritative panel
coastal-wetland-evidence-contract,1.0.0,a4cf9efdecf6735f87d398acc56604e66df26e62f1a2f1e96fafd7791aa3bcc6,2021,Shanghai_Shi,YRD,Mangrove,0.0,spatial_unit,observed raw wetland area from authoritative panel
coastal-wetland-evidence-contract,1.0.0,a4cf9efdecf6735f87d398acc56604e66df26e62f1a2f1e96fafd7791aa3bcc6,2022,Shanghai_Shi,YRD,Mangrove,0.0,spatial_unit,observed raw wetland area from authoritative panel
coastal-wetland-evidence-contract,1.0.0,a4cf9efdecf6735f87d398acc56604e66df26e62f1a2f1e96fafd7791aa3bcc6,2001,Shaoxing,YRD,Mangrove,0.0,spatial_unit,observed raw wetland area from authoritative panel
coastal-wetland-evidence-contract,1.0.0,a4cf9efdecf6735f87d398acc56604e66df26e62f1a2f1e96fafd7791aa3bcc6,2002,Shaoxing,YRD,Mangrove,0.0,spatial_unit,observed raw wetland area from authoritative panel
coastal-wetland-evidence-contract,1.0.0,a4cf9efdecf6735f87d398acc56604e66df26e62f1a2f1e96fafd7791aa3bcc6,2003,Shaoxing,YRD,Mangrove,0.0,spatial_unit,observed raw wetland area from authoritative panel
coastal-wetland-evidence-contract,1.0.0,a4cf9efdecf6735f87d398acc56604e66df26e62f1a2f1e96fafd7791aa3bcc6,2004,Shaoxing,YRD,Mangrove,0.0,spatial_unit,observed raw wetland area from authoritative panel
coastal-wetland-evidence-contract,1.0.0,a4cf9efdecf6735f87d398acc56604e66df26e62f1a2f1e96fafd7791aa3bcc6,2005,Shaoxing,YRD,Mangrove,0.0,spatial_unit,observed raw wetland area from authoritative panel
coastal-wetland-evidence-contract,1.0.0,a4cf9efdecf6735f87d398acc56604e66df26e62f1a2f1e96fafd7791aa3bcc6,2006,Shaoxing,YRD,Mangrove,0.0,spatial_unit,observed raw wetland area from authoritative panel
coastal-wetland-evidence-contract,1.0.0,a4cf9efdecf6735f87d398acc56604e66df26e62f1a2f1e96fafd7791aa3bcc6,2007,Shaoxing,YRD,Mangrove,0.0,spatial_unit,observed raw wetland area from authoritative panel
coastal-wetland-evidence-contract,1.0.0,a4cf9efdecf6735f87d398acc56604e66df26e62f1a2f1e96fafd7791aa3bcc6,2008,Shaoxing,YRD,Mangrove,0.0,spatial_unit,observed raw wetland area from authoritative panel
coastal-wetland-evidence-contract,1.0.0,a4cf9efdecf6735f87d398acc56604e66df26e62f1a2f1e96fafd7791aa3bcc6,2009,Shaoxing,YRD,Mangrove,0.0,spatial_unit,observed raw wetland area from authoritative panel
coastal-wetland-evidence-contract,1.0.0,a4cf9efdecf6735f87d398acc56604e66df26e62f1a2f1e96fafd7791aa3bcc6,2010,Shaoxing,YRD,Mangrove,0.0,spatial_unit,observed raw wetland area from authoritative panel
coastal-wetland-evidence-contract,1.0.0,a4cf9efdecf6735f87d398acc56604e66df26e62f1a2f1e96fafd7791aa3bcc6,2011,Shaoxing,YRD,Mangrove,0.0,spatial_unit,observed raw wetland area from authoritative panel
coastal-wetland-evidence-contract,1.0.0,a4cf9efdecf6735f87d398acc56604e66df26e62f1a2f1e96fafd7791aa3bcc6,2012,Shaoxing,YRD,Mangrove,0.0,spatial_unit,observed raw wetland area from authoritative panel
coastal-wetland-evidence-contract,1.0.0,a4cf9efdecf6735f87d398acc56604e66df26e62f1a2f1e96fafd7791aa3bcc6,2013,Shaoxing,YRD,Mangrove,0.0,spatial_unit,observed raw wetland area from authoritative panel
coastal-wetland-evidence-contract,1.0.0,a4cf9efdecf6735f87d398acc56604e66df26e62f1a2f1e96fafd7791aa3bcc6,2014,Shaoxing,YRD,Mangrove,0.0,spatial_unit,observed raw wetland area from authoritative panel
coastal-wetland-evidence-contract,1.0.0,a4cf9efdecf6735f87d398acc56604e66df26e62f1a2f1e96fafd7791aa3bcc6,2015,Shaoxing,YRD,Mangrove,0.0,spatial_unit,observed raw wetland area from authoritative panel
coastal-wetland-evidence-contract,1.0.0,a4cf9efdecf6735f87d398acc56604e66df26e62f1a2f1e96fafd7791aa3bcc6,2016,Shaoxing,YRD,Mangrove,0.0,spatial_unit,observed raw wetland area from authoritative panel
coastal-wetland-evidence-contract,1.0.0,a4cf9efdecf6735f87d398acc56604e66df26e62f1a2f1e96fafd7791aa3bcc6,2017,Shaoxing,YRD,Mangrove,0.0,spatial_unit,observed raw wetland area from authoritative panel
coastal-wetland-evidence-contract,1.0.0,a4cf9efdecf6735f87d398acc56604e66df26e62f1a2f1e96fafd7791aa3bcc6,2018,Shaoxing,YRD,Mangrove,0.0,spatial_unit,observed raw wetland area from authoritative panel
coastal-wetland-evidence-contract,1.0.0,a4cf9efdecf6735f87d398acc56604e66df26e62f1a2f1e96fafd7791aa3bcc6,2019,Shaoxing,YRD,Mangrove,0.0,spatial_unit,observed raw wetland area from authoritative panel
coastal-wetland-evidence-contract,1.0.0,a4cf9efdecf6735f87d398acc56604e66df26e62f1a2f1e96fafd7791aa3bcc6,2020,Shaoxing,YRD,Mangrove,0.0,spatial_unit,observed raw wetland area from authoritative panel
coastal-wetland-evidence-contract,1.0.0,a4cf9efdecf6735f87d398acc56604e66df26e62f1a2f1e96fafd7791aa3bcc6,2021,Shaoxing,YRD,Mangrove,0.0,spatial_unit,observed raw wetland area from authoritative panel
coastal-wetland-evidence-contract,1.0.0,a4cf9efdecf6735f87d398acc56604e66df26e62f1a2f1e96fafd7791aa3bcc6,2022,Shaoxing,YRD,Mangrove,0.0,spatial_unit,observed raw wetland area from authoritative panel
coastal-wetland-evidence-contract,1.0.0,a4cf9efdecf6735f87d398acc56604e66df26e62f1a2f1e96fafd7791aa3bcc6,2001,Taizhou,YRD,Mangrove,0.167158456043199,spatial_unit,observed raw wetland area from authoritative panel
coastal-wetland-evidence-contract,1.0.0,a4cf9efdecf6735f87d398acc56604e66df26e62f1a2f1e96fafd7791aa3bcc6,2002,Taizhou,YRD,Mangrove,0.199582618125766,spatial_unit,observed raw wetland area from authoritative panel
coastal-wetland-evidence-contract,1.0.0,a4cf9efdecf6735f87d398acc56604e66df26e62f1a2f1e96fafd7791aa3bcc6,2003,Taizhou,YRD,Mangrove,0.142889351776961,spatial_unit,observed raw wetland area from authoritative panel
coastal-wetland-evidence-contract,1.0.0,a4cf9efdecf6735f87d398acc56604e66df26e62f1a2f1e96fafd7791aa3bcc6,2004,Taizhou,YRD,Mangrove,0.266456969818474,spatial_unit,observed raw wetland area from authoritative panel
coastal-wetland-evidence-contract,1.0.0,a4cf9efdecf6735f87d398acc56604e66df26e62f1a2f1e96fafd7791aa3bcc6,2005,Taizhou,YRD,Mangrove,0.34052850881204,spatial_unit,observed raw wetland area from authoritative panel
coastal-wetland-evidence-contract,1.0.0,a4cf9efdecf6735f87d398acc56604e66df26e62f1a2f1e96fafd7791aa3bcc6,2006,Taizhou,YRD,Mangrove,0.3747571910769,spatial_unit,observed raw wetland area from authoritative panel
coastal-wetland-evidence-contract,1.0.0,a4cf9efdecf6735f87d398acc56604e66df26e62f1a2f1e96fafd7791aa3bcc6,2007,Taizhou,YRD,Mangrove,0.217337893547028,spatial_unit,observed raw wetland area from authoritative panel
coastal-wetland-evidence-contract,1.0.0,a4cf9efdecf6735f87d398acc56604e66df26e62f1a2f1e96fafd7791aa3bcc6,2008,Taizhou,YRD,Mangrove,0.181446622958793,spatial_unit,observed raw wetland area from authoritative panel
coastal-wetland-evidence-contract,1.0.0,a4cf9efdecf6735f87d398acc56604e66df26e62f1a2f1e96fafd7791aa3bcc6,2009,Taizhou,YRD,Mangrove,0.188588693110447,spatial_unit,observed raw wetland area from authoritative panel
coastal-wetland-evidence-contract,1.0.0,a4cf9efdecf6735f87d398acc56604e66df26e62f1a2f1e96fafd7791aa3bcc6,2010,Taizhou,YRD,Mangrove,0.323361379147518,spatial_unit,observed raw wetland area from authoritative panel
coastal-wetland-evidence-contract,1.0.0,a4cf9efdecf6735f87d398acc56604e66df26e62f1a2f1e96fafd7791aa3bcc6,2011,Taizhou,YRD,Mangrove,0.255365413591452,spatial_unit,observed raw wetland area from authoritative panel
coastal-wetland-evidence-contract,1.0.0,a4cf9efdecf6735f87d398acc56604e66df26e62f1a2f1e96fafd7791aa3bcc6,2012,Taizhou,YRD,Mangrove,0.316020421070772,spatial_unit,observed raw wetland area from authoritative panel
coastal-wetland-evidence-contract,1.0.0,a4cf9efdecf6735f87d398acc56604e66df26e62f1a2f1e96fafd7791aa3bcc6,2013,Taizhou,YRD,Mangrove,0.409884469492953,spatial_unit,observed raw wetland area from authoritative panel
coastal-wetland-evidence-contract,1.0.0,a4cf9efdecf6735f87d398acc56604e66df26e62f1a2f1e96fafd7791aa3bcc6,2014,Taizhou,YRD,Mangrove,0.376075296499694,spatial_unit,observed raw wetland area from authoritative panel
coastal-wetland-evidence-contract,1.0.0,a4cf9efdecf6735f87d398acc56604e66df26e62f1a2f1e96fafd7791aa3bcc6,2015,Taizhou,YRD,Mangrove,0.247581350359988,spatial_unit,observed raw wetland area from authoritative panel
coastal-wetland-evidence-contract,1.0.0,a4cf9efdecf6735f87d398acc56604e66df26e62f1a2f1e96fafd7791aa3bcc6,2016,Taizhou,YRD,Mangrove,0.172391776907169,spatial_unit,observed raw wetland area from authoritative panel
coastal-wetland-evidence-contract,1.0.0,a4cf9efdecf6735f87d398acc56604e66df26e62f1a2f1e96fafd7791aa3bcc6,2017,Taizhou,YRD,Mangrove,0.154669546978401,spatial_unit,observed raw wetland area from authoritative panel
coastal-wetland-evidence-contract,1.0.0,a4cf9efdecf6735f87d398acc56604e66df26e62f1a2f1e96fafd7791aa3bcc6,2018,Taizhou,YRD,Mangrove,0.139705639663756,spatial_unit,observed raw wetland area from authoritative panel
coastal-wetland-evidence-contract,1.0.0,a4cf9efdecf6735f87d398acc56604e66df26e62f1a2f1e96fafd7791aa3bcc6,2019,Taizhou,YRD,Mangrove,0.290257810091146,spatial_unit,observed raw wetland area from authoritative panel
coastal-wetland-evidence-contract,1.0.0,a4cf9efdecf6735f87d398acc56604e66df26e62f1a2f1e96fafd7791aa3bcc6,2020,Taizhou,YRD,Mangrove,0.392553269175092,spatial_unit,observed raw wetland area from authoritative panel
coastal-wetland-evidence-contract,1.0.0,a4cf9efdecf6735f87d398acc56604e66df26e62f1a2f1e96fafd7791aa3bcc6,2021,Taizhou,YRD,Mangrove,0.528027850103401,spatial_unit,observed raw wetland area from authoritative panel
coastal-wetland-evidence-contract,1.0.0,a4cf9efdecf6735f87d398acc56604e66df26e62f1a2f1e96fafd7791aa3bcc6,2022,Taizhou,YRD,Mangrove,0.423806020971201,spatial_unit,observed raw wetland area from authoritative panel
coastal-wetland-evidence-contract,1.0.0,a4cf9efdecf6735f87d398acc56604e66df26e62f1a2f1e96fafd7791aa3bcc6,2001,Wenzhou,YRD,Mangrove,0.312705579316023,spatial_unit,observed raw wetland area from authoritative panel
coastal-wetland-evidence-contract,1.0.0,a4cf9efdecf6735f87d398acc56604e66df26e62f1a2f1e96fafd7791aa3bcc6,2002,Wenzhou,YRD,Mangrove,0.256467730101103,spatial_unit,observed raw wetland area from authoritative panel
coastal-wetland-evidence-contract,1.0.0,a4cf9efdecf6735f87d398acc56604e66df26e62f1a2f1e96fafd7791aa3bcc6,2003,Wenzhou,YRD,Mangrove,0.305162632303156,spatial_unit,observed raw wetland area from authoritative panel
coastal-wetland-evidence-contract,1.0.0,a4cf9efdecf6735f87d398acc56604e66df26e62f1a2f1e96fafd7791aa3bcc6,2004,Wenzhou,YRD,Mangrove,0.512636259083946,spatial_unit,observed raw wetland area from authoritative panel
coastal-wetland-evidence-contract,1.0.0,a4cf9efdecf6735f87d398acc56604e66df26e62f1a2f1e96fafd7791aa3bcc6,2005,Wenzhou,YRD,Mangrove,0.580213169780178,spatial_unit,observed raw wetland area from authoritative panel
coastal-wetland-evidence-contract,1.0.0,a4cf9efdecf6735f87d398acc56604e66df26e62f1a2f1e96fafd7791aa3bcc6,2006,Wenzhou,YRD,Mangrove,0.487125650543811,spatial_unit,observed raw wetland area from authoritative panel
coastal-wetland-evidence-contract,1.0.0,a4cf9efdecf6735f87d398acc56604e66df26e62f1a2f1e96fafd7791aa3bcc6,2007,Wenzhou,YRD,Mangrove,0.404374828419883,spatial_unit,observed raw wetland area from authoritative panel
coastal-wetland-evidence-contract,1.0.0,a4cf9efdecf6735f87d398acc56604e66df26e62f1a2f1e96fafd7791aa3bcc6,2008,Wenzhou,YRD,Mangrove,0.325652253400735,spatial_unit,observed raw wetland area from authoritative panel
coastal-wetland-evidence-contract,1.0.0,a4cf9efdecf6735f87d398acc56604e66df26e62f1a2f1e96fafd7791aa3bcc6,2009,Wenzhou,YRD,Mangrove,0.487816166302849,spatial_unit,observed raw wetland area from authoritative panel
coastal-wetland-evidence-contract,1.0.0,a4cf9efdecf6735f87d398acc56604e66df26e62f1a2f1e96fafd7791aa3bcc6,2010,Wenzhou,YRD,Mangrove,0.51450494676777,spatial_unit,observed raw wetland area from authoritative panel
coastal-wetland-evidence-contract,1.0.0,a4cf9efdecf6735f87d398acc56604e66df26e62f1a2f1e96fafd7791aa3bcc6,2011,Wenzhou,YRD,Mangrove,0.497928979993873,spatial_unit,observed raw wetland area from authoritative panel
coastal-wetland-evidence-contract,1.0.0,a4cf9efdecf6735f87d398acc56604e66df26e62f1a2f1e96fafd7791aa3bcc6,2012,Wenzhou,YRD,Mangrove,0.480629143121936,spatial_unit,observed raw wetland area from authoritative panel
coastal-wetland-evidence-contract,1.0.0,a4cf9efdecf6735f87d398acc56604e66df26e62f1a2f1e96fafd7791aa3bcc6,2013,Wenzhou,YRD,Mangrove,0.487667466999847,spatial_unit,observed raw wetland area from authoritative panel
coastal-wetland-evidence-contract,1.0.0,a4cf9efdecf6735f87d398acc56604e66df26e62f1a2f1e96fafd7791aa3bcc6,2014,Wenzhou,YRD,Mangrove,0.442819558103554,spatial_unit,observed raw wetland area from authoritative panel
coastal-wetland-evidence-contract,1.0.0,a4cf9efdecf6735f87d398acc56604e66df26e62f1a2f1e96fafd7791aa3bcc6,2015,Wenzhou,YRD,Mangrove,0.366826744875919,spatial_unit,observed raw wetland area from authoritative panel
coastal-wetland-evidence-contract,1.0.0,a4cf9efdecf6735f87d398acc56604e66df26e62f1a2f1e96fafd7791aa3bcc6,2016,Wenzhou,YRD,Mangrove,0.470176947388174,spatial_unit,observed raw wetland area from authoritative panel
coastal-wetland-evidence-contract,1.0.0,a4cf9efdecf6735f87d398acc56604e66df26e62f1a2f1e96fafd7791aa3bcc6,2017,Wenzhou,YRD,Mangrove,0.357105541115196,spatial_unit,observed raw wetland area from authoritative panel
coastal-wetland-evidence-contract,1.0.0,a4cf9efdecf6735f87d398acc56604e66df26e62f1a2f1e96fafd7791aa3bcc6,2018,Wenzhou,YRD,Mangrove,0.297074234007353,spatial_unit,observed raw wetland area from authoritative panel
coastal-wetland-evidence-contract,1.0.0,a4cf9efdecf6735f87d398acc56604e66df26e62f1a2f1e96fafd7791aa3bcc6,2019,Wenzhou,YRD,Mangrove,0.352525414016544,spatial_unit,observed raw wetland area from authoritative panel
coastal-wetland-evidence-contract,1.0.0,a4cf9efdecf6735f87d398acc56604e66df26e62f1a2f1e96fafd7791aa3bcc6,2020,Wenzhou,YRD,Mangrove,0.40333856428079,spatial_unit,observed raw wetland area from authoritative panel
coastal-wetland-evidence-contract,1.0.0,a4cf9efdecf6735f87d398acc56604e66df26e62f1a2f1e96fafd7791aa3bcc6,2021,Wenzhou,YRD,Mangrove,0.570624317149203,spatial_unit,observed raw wetland area from authoritative panel
coastal-wetland-evidence-contract,1.0.0,a4cf9efdecf6735f87d398acc56604e66df26e62f1a2f1e96fafd7791aa3bcc6,2022,Wenzhou,YRD,Mangrove,0.628714884183517,spatial_unit,observed raw wetland area from authoritative panel
coastal-wetland-evidence-contract,1.0.0,a4cf9efdecf6735f87d398acc56604e66df26e62f1a2f1e96fafd7791aa3bcc6,2001,Yancheng,YRD,Mangrove,0.0,spatial_unit,observed raw wetland area from authoritative panel
coastal-wetland-evidence-contract,1.0.0,a4cf9efdecf6735f87d398acc56604e66df26e62f1a2f1e96fafd7791aa3bcc6,2002,Yancheng,YRD,Mangrove,0.0,spatial_unit,observed raw wetland area from authoritative panel
coastal-wetland-evidence-contract,1.0.0,a4cf9efdecf6735f87d398acc56604e66df26e62f1a2f1e96fafd7791aa3bcc6,2003,Yancheng,YRD,Mangrove,0.0,spatial_unit,observed raw wetland area from authoritative panel
coastal-wetland-evidence-contract,1.0.0,a4cf9efdecf6735f87d398acc56604e66df26e62f1a2f1e96fafd7791aa3bcc6,2004,Yancheng,YRD,Mangrove,0.0,spatial_unit,observed raw wetland area from authoritative panel
coastal-wetland-evidence-contract,1.0.0,a4cf9efdecf6735f87d398acc56604e66df26e62f1a2f1e96fafd7791aa3bcc6,2005,Yancheng,YRD,Mangrove,0.0,spatial_unit,observed raw wetland area from authoritative panel
coastal-wetland-evidence-contract,1.0.0,a4cf9efdecf6735f87d398acc56604e66df26e62f1a2f1e96fafd7791aa3bcc6,2006,Yancheng,YRD,Mangrove,0.0,spatial_unit,observed raw wetland area from authoritative panel
coastal-wetland-evidence-contract,1.0.0,a4cf9efdecf6735f87d398acc56604e66df26e62f1a2f1e96fafd7791aa3bcc6,2007,Yancheng,YRD,Mangrove,0.0,spatial_unit,observed raw wetland area from authoritative panel
coastal-wetland-evidence-contract,1.0.0,a4cf9efdecf6735f87d398acc56604e66df26e62f1a2f1e96fafd7791aa3bcc6,2008,Yancheng,YRD,Mangrove,0.0,spatial_unit,observed raw wetland area from authoritative panel
coastal-wetland-evidence-contract,1.0.0,a4cf9efdecf6735f87d398acc56604e66df26e62f1a2f1e96fafd7791aa3bcc6,2009,Yancheng,YRD,Mangrove,0.0,spatial_unit,observed raw wetland area from authoritative panel
coastal-wetland-evidence-contract,1.0.0,a4cf9efdecf6735f87d398acc56604e66df26e62f1a2f1e96fafd7791aa3bcc6,2010,Yancheng,YRD,Mangrove,0.0,spatial_unit,observed raw wetland area from authoritative panel
coastal-wetland-evidence-contract,1.0.0,a4cf9efdecf6735f87d398acc56604e66df26e62f1a2f1e96fafd7791aa3bcc6,2011,Yancheng,YRD,Mangrove,0.0,spatial_unit,observed raw wetland area from authoritative panel
coastal-wetland-evidence-contract,1.0.0,a4cf9efdecf6735f87d398acc56604e66df26e62f1a2f1e96fafd7791aa3bcc6,2012,Yancheng,YRD,Mangrove,0.0,spatial_unit,observed raw wetland area from authoritative panel
coastal-wetland-evidence-contract,1.0.0,a4cf9efdecf6735f87d398acc56604e66df26e62f1a2f1e96fafd7791aa3bcc6,2013,Yancheng,YRD,Mangrove,0.0,spatial_unit,observed raw wetland area from authoritative panel
coastal-wetland-evidence-contract,1.0.0,a4cf9efdecf6735f87d398acc56604e66df26e62f1a2f1e96fafd7791aa3bcc6,2014,Yancheng,YRD,Mangrove,0.0,spatial_unit,observed raw wetland area from authoritative panel
coastal-wetland-evidence-contract,1.0.0,a4cf9efdecf6735f87d398acc56604e66df26e62f1a2f1e96fafd7791aa3bcc6,2015,Yancheng,YRD,Mangrove,0.0,spatial_unit,observed raw wetland area from authoritative panel
coastal-wetland-evidence-contract,1.0.0,a4cf9efdecf6735f87d398acc56604e66df26e62f1a2f1e96fafd7791aa3bcc6,2016,Yancheng,YRD,Mangrove,0.0,spatial_unit,observed raw wetland area from authoritative panel
coastal-wetland-evidence-contract,1.0.0,a4cf9efdecf6735f87d398acc56604e66df26e62f1a2f1e96fafd7791aa3bcc6,2017,Yancheng,YRD,Mangrove,0.0,spatial_unit,observed raw wetland area from authoritative panel
coastal-wetland-evidence-contract,1.0.0,a4cf9efdecf6735f87d398acc56604e66df26e62f1a2f1e96fafd7791aa3bcc6,2018,Yancheng,YRD,Mangrove,0.0,spatial_unit,observed raw wetland area from authoritative panel
coastal-wetland-evidence-contract,1.0.0,a4cf9efdecf6735f87d398acc56604e66df26e62f1a2f1e96fafd7791aa3bcc6,2019,Yancheng,YRD,Mangrove,0.0,spatial_unit,observed raw wetland area from authoritative panel
coastal-wetland-evidence-contract,1.0.0,a4cf9efdecf6735f87d398acc56604e66df26e62f1a2f1e96fafd7791aa3bcc6,2020,Yancheng,YRD,Mangrove,0.0,spatial_unit,observed raw wetland area from authoritative panel
coastal-wetland-evidence-contract,1.0.0,a4cf9efdecf6735f87d398acc56604e66df26e62f1a2f1e96fafd7791aa3bcc6,2021,Yancheng,YRD,Mangrove,0.0,spatial_unit,observed raw wetland area from authoritative panel
coastal-wetland-evidence-contract,1.0.0,a4cf9efdecf6735f87d398acc56604e66df26e62f1a2f1e96fafd7791aa3bcc6,2022,Yancheng,YRD,Mangrove,0.0,spatial_unit,observed raw wetland area from authoritative panel
coastal-wetland-evidence-contract,1.0.0,a4cf9efdecf6735f87d398acc56604e66df26e62f1a2f1e96fafd7791aa3bcc6,2001,Zhoushan,YRD,Mangrove,0.0074147561006433,spatial_unit,observed raw wetland area from authoritative panel
coastal-wetland-evidence-contract,1.0.0,a4cf9efdecf6735f87d398acc56604e66df26e62f1a2f1e96fafd7791aa3bcc6,2002,Zhoushan,YRD,Mangrove,0.0250863333180147,spatial_unit,observed raw wetland area from authoritative panel
coastal-wetland-evidence-contract,1.0.0,a4cf9efdecf6735f87d398acc56604e66df26e62f1a2f1e96fafd7791aa3bcc6,2003,Zhoushan,YRD,Mangrove,0.0352532017118566,spatial_unit,observed raw wetland area from authoritative panel
coastal-wetland-evidence-contract,1.0.0,a4cf9efdecf6735f87d398acc56604e66df26e62f1a2f1e96fafd7791aa3bcc6,2004,Zhoushan,YRD,Mangrove,0.0373575246515012,spatial_unit,observed raw wetland area from authoritative panel
coastal-wetland-evidence-contract,1.0.0,a4cf9efdecf6735f87d398acc56604e66df26e62f1a2f1e96fafd7791aa3bcc6,2005,Zhoushan,YRD,Mangrove,0.0388730571078431,spatial_unit,observed raw wetland area from authoritative panel
coastal-wetland-evidence-contract,1.0.0,a4cf9efdecf6735f87d398acc56604e66df26e62f1a2f1e96fafd7791aa3bcc6,2006,Zhoushan,YRD,Mangrove,0.047920637254902,spatial_unit,observed raw wetland area from authoritative panel
coastal-wetland-evidence-contract,1.0.0,a4cf9efdecf6735f87d398acc56604e66df26e62f1a2f1e96fafd7791aa3bcc6,2007,Zhoushan,YRD,Mangrove,0.0373602697686887,spatial_unit,observed raw wetland area from authoritative panel
coastal-wetland-evidence-contract,1.0.0,a4cf9efdecf6735f87d398acc56604e66df26e62f1a2f1e96fafd7791aa3bcc6,2008,Zhoushan,YRD,Mangrove,0.0373480549249387,spatial_unit,observed raw wetland area from authoritative panel
coastal-wetland-evidence-contract,1.0.0,a4cf9efdecf6735f87d398acc56604e66df26e62f1a2f1e96fafd7791aa3bcc6,2009,Zhoushan,YRD,Mangrove,0.0302499008578431,spatial_unit,observed raw wetland area from authoritative panel
coastal-wetland-evidence-contract,1.0.0,a4cf9efdecf6735f87d398acc56604e66df26e62f1a2f1e96fafd7791aa3bcc6,2010,Zhoushan,YRD,Mangrove,0.0216069643344056,spatial_unit,observed raw wetland area from authoritative panel
coastal-wetland-evidence-contract,1.0.0,a4cf9efdecf6735f87d398acc56604e66df26e62f1a2f1e96fafd7791aa3bcc6,2011,Zhoushan,YRD,Mangrove,0.0141922082337623,spatial_unit,observed raw wetland area from authoritative panel
coastal-wetland-evidence-contract,1.0.0,a4cf9efdecf6735f87d398acc56604e66df26e62f1a2f1e96fafd7791aa3bcc6,2012,Zhoushan,YRD,Mangrove,0.0141922082337623,spatial_unit,observed raw wetland area from authoritative panel
coastal-wetland-evidence-contract,1.0.0,a4cf9efdecf6735f87d398acc56604e66df26e62f1a2f1e96fafd7791aa3bcc6,2013,Zhoushan,YRD,Mangrove,0.0314594484681373,spatial_unit,observed raw wetland area from authoritative panel
coastal-wetland-evidence-contract,1.0.0,a4cf9efdecf6735f87d398acc56604e66df26e62f1a2f1e96fafd7791aa3bcc6,2014,Zhoushan,YRD,Mangrove,0.0487265353821998,spatial_unit,observed raw wetland area from authoritative panel
coastal-wetland-evidence-contract,1.0.0,a4cf9efdecf6735f87d398acc56604e66df26e62f1a2f1e96fafd7791aa3bcc6,2015,Zhoushan,YRD,Mangrove,0.0400919982728248,spatial_unit,observed raw wetland area from authoritative panel
coastal-wetland-evidence-contract,1.0.0,a4cf9efdecf6735f87d398acc56604e66df26e62f1a2f1e96fafd7791aa3bcc6,2016,Zhoushan,YRD,Mangrove,0.077511510435815,spatial_unit,observed raw wetland area from authoritative panel
coastal-wetland-evidence-contract,1.0.0,a4cf9efdecf6735f87d398acc56604e66df26e62f1a2f1e96fafd7791aa3bcc6,2017,Zhoushan,YRD,Mangrove,0.0771059096660539,spatial_unit,observed raw wetland area from authoritative panel
coastal-wetland-evidence-contract,1.0.0,a4cf9efdecf6735f87d398acc56604e66df26e62f1a2f1e96fafd7791aa3bcc6,2018,Zhoushan,YRD,Mangrove,0.0511961918926164,spatial_unit,observed raw wetland area from authoritative panel
coastal-wetland-evidence-contract,1.0.0,a4cf9efdecf6735f87d398acc56604e66df26e62f1a2f1e96fafd7791aa3bcc6,2019,Zhoushan,YRD,Mangrove,0.0775051774280025,spatial_unit,observed raw wetland area from authoritative panel
coastal-wetland-evidence-contract,1.0.0,a4cf9efdecf6735f87d398acc56604e66df26e62f1a2f1e96fafd7791aa3bcc6,2020,Zhoushan,YRD,Mangrove,0.120808227577359,spatial_unit,observed raw wetland area from authoritative panel
coastal-wetland-evidence-contract,1.0.0,a4cf9efdecf6735f87d398acc56604e66df26e62f1a2f1e96fafd7791aa3bcc6,2021,Zhoushan,YRD,Mangrove,0.0508266041168811,spatial_unit,observed raw wetland area from authoritative panel
coastal-wetland-evidence-contract,1.0.0,a4cf9efdecf6735f87d398acc56604e66df26e62f1a2f1e96fafd7791aa3bcc6,2022,Zhoushan,YRD,Mangrove,0.0977588411343444,spatial_unit,observed raw wetland area from authoritative panel
coastal-wetland-evidence-contract,1.0.0,a4cf9efdecf6735f87d398acc56604e66df26e62f1a2f1e96fafd7791aa3bcc6,2001,Beihai,BBG,Marsh,17.207040101191,spatial_unit,observed raw wetland area from authoritative panel
coastal-wetland-evidence-contract,1.0.0,a4cf9efdecf6735f87d398acc56604e66df26e62f1a2f1e96fafd7791aa3bcc6,2002,Beihai,BBG,Marsh,13.7606445661037,spatial_unit,observed raw wetland area from authoritative panel
coastal-wetland-evidence-contract,1.0.0,a4cf9efdecf6735f87d398acc56604e66df26e62f1a2f1e96fafd7791aa3bcc6,2003,Beihai,BBG,Marsh,16.831085360455,spatial_unit,observed raw wetland area from authoritative panel
coastal-wetland-evidence-contract,1.0.0,a4cf9efdecf6735f87d398acc56604e66df26e62f1a2f1e96fafd7791aa3bcc6,2004,Beihai,BBG,Marsh,22.2641003163757,spatial_unit,observed raw wetland area from authoritative panel
coastal-wetland-evidence-contract,1.0.0,a4cf9efdecf6735f87d398acc56604e66df26e62f1a2f1e96fafd7791aa3bcc6,2005,Beihai,BBG,Marsh,24.5208525607844,spatial_unit,observed raw wetland area from authoritative panel
coastal-wetland-evidence-contract,1.0.0,a4cf9efdecf6735f87d398acc56604e66df26e62f1a2f1e96fafd7791aa3bcc6,2006,Beihai,BBG,Marsh,28.1902915659123,spatial_unit,observed raw wetland area from authoritative panel
coastal-wetland-evidence-contract,1.0.0,a4cf9efdecf6735f87d398acc56604e66df26e62f1a2f1e96fafd7791aa3bcc6,2007,Beihai,BBG,Marsh,25.7706794077283,spatial_unit,observed raw wetland area from authoritative panel
coastal-wetland-evidence-contract,1.0.0,a4cf9efdecf6735f87d398acc56604e66df26e62f1a2f1e96fafd7791aa3bcc6,2008,Beihai,BBG,Marsh,28.2346120548943,spatial_unit,observed raw wetland area from authoritative panel
coastal-wetland-evidence-contract,1.0.0,a4cf9efdecf6735f87d398acc56604e66df26e62f1a2f1e96fafd7791aa3bcc6,2009,Beihai,BBG,Marsh,27.2957263026769,spatial_unit,observed raw wetland area from authoritative panel
coastal-wetland-evidence-contract,1.0.0,a4cf9efdecf6735f87d398acc56604e66df26e62f1a2f1e96fafd7791aa3bcc6,2010,Beihai,BBG,Marsh,25.3705235376723,spatial_unit,observed raw wetland area from authoritative panel
coastal-wetland-evidence-contract,1.0.0,a4cf9efdecf6735f87d398acc56604e66df26e62f1a2f1e96fafd7791aa3bcc6,2011,Beihai,BBG,Marsh,27.3158071393037,spatial_unit,observed raw wetland area from authoritative panel
coastal-wetland-evidence-contract,1.0.0,a4cf9efdecf6735f87d398acc56604e66df26e62f1a2f1e96fafd7791aa3bcc6,2012,Beihai,BBG,Marsh,24.8008606705156,spatial_unit,observed raw wetland area from authoritative panel
coastal-wetland-evidence-contract,1.0.0,a4cf9efdecf6735f87d398acc56604e66df26e62f1a2f1e96fafd7791aa3bcc6,2013,Beihai,BBG,Marsh,24.8006641948721,spatial_unit,observed raw wetland area from authoritative panel
coastal-wetland-evidence-contract,1.0.0,a4cf9efdecf6735f87d398acc56604e66df26e62f1a2f1e96fafd7791aa3bcc6,2014,Beihai,BBG,Marsh,26.1611557871592,spatial_unit,observed raw wetland area from authoritative panel
coastal-wetland-evidence-contract,1.0.0,a4cf9efdecf6735f87d398acc56604e66df26e62f1a2f1e96fafd7791aa3bcc6,2015,Beihai,BBG,Marsh,26.6376533043811,spatial_unit,observed raw wetland area from authoritative panel
coastal-wetland-evidence-contract,1.0.0,a4cf9efdecf6735f87d398acc56604e66df26e62f1a2f1e96fafd7791aa3bcc6,2016,Beihai,BBG,Marsh,25.9519621831036,spatial_unit,observed raw wetland area from authoritative panel
coastal-wetland-evidence-contract,1.0.0,a4cf9efdecf6735f87d398acc56604e66df26e62f1a2f1e96fafd7791aa3bcc6,2017,Beihai,BBG,Marsh,26.9182951855967,spatial_unit,observed raw wetland area from authoritative panel
coastal-wetland-evidence-contract,1.0.0,a4cf9efdecf6735f87d398acc56604e66df26e62f1a2f1e96fafd7791aa3bcc6,2018,Beihai,BBG,Marsh,29.1263107462852,spatial_unit,observed raw wetland area from authoritative panel
coastal-wetland-evidence-contract,1.0.0,a4cf9efdecf6735f87d398acc56604e66df26e62f1a2f1e96fafd7791aa3bcc6,2019,Beihai,BBG,Marsh,25.9781894964423,spatial_unit,observed raw wetland area from authoritative panel
coastal-wetland-evidence-contract,1.0.0,a4cf9efdecf6735f87d398acc56604e66df26e62f1a2f1e96fafd7791aa3bcc6,2020,Beihai,BBG,Marsh,28.1522559859299,spatial_unit,observed raw wetland area from authoritative panel
coastal-wetland-evidence-contract,1.0.0,a4cf9efdecf6735f87d398acc56604e66df26e62f1a2f1e96fafd7791aa3bcc6,2021,Beihai,BBG,Marsh,30.3818268560049,spatial_unit,observed raw wetland area from authoritative panel
coastal-wetland-evidence-contract,1.0.0,a4cf9efdecf6735f87d398acc56604e66df26e62f1a2f1e96fafd7791aa3bcc6,2022,Beihai,BBG,Marsh,32.4684057217409,spatial_unit,observed raw wetland area from authoritative panel
coastal-wetland-evidence-contract,1.0.0,a4cf9efdecf6735f87d398acc56604e66df26e62f1a2f1e96fafd7791aa3bcc6,2001,Fangchenggang,BBG,Marsh,12.109151839005,spatial_unit,observed raw wetland area from authoritative panel
coastal-wetland-evidence-contract,1.0.0,a4cf9efdecf6735f87d398acc56604e66df26e62f1a2f1e96fafd7791aa3bcc6,2002,Fangchenggang,BBG,Marsh,9.9807189392693,spatial_unit,observed raw wetland area from authoritative panel
coastal-wetland-evidence-contract,1.0.0,a4cf9efdecf6735f87d398acc56604e66df26e62f1a2f1e96fafd7791aa3bcc6,2003,Fangchenggang,BBG,Marsh,11.0016054542585,spatial_unit,observed raw wetland area from authoritative panel
coastal-wetland-evidence-contract,1.0.0,a4cf9efdecf6735f87d398acc56604e66df26e62f1a2f1e96fafd7791aa3bcc6,2004,Fangchenggang,BBG,Marsh,13.613639166502,spatial_unit,observed raw wetland area from authoritative panel
coastal-wetland-evidence-contract,1.0.0,a4cf9efdecf6735f87d398acc56604e66df26e62f1a2f1e96fafd7791aa3bcc6,2005,Fangchenggang,BBG,Marsh,16.9642822119715,spatial_unit,observed raw wetland area from authoritative panel
coastal-wetland-evidence-contract,1.0.0,a4cf9efdecf6735f87d398acc56604e66df26e62f1a2f1e96fafd7791aa3bcc6,2006,Fangchenggang,BBG,Marsh,17.488205593792,spatial_unit,observed raw wetland area from authoritative panel
coastal-wetland-evidence-contract,1.0.0,a4cf9efdecf6735f87d398acc56604e66df26e62f1a2f1e96fafd7791aa3bcc6,2007,Fangchenggang,BBG,Marsh,20.1552297961205,spatial_unit,observed raw wetland area from authoritative panel
coastal-wetland-evidence-contract,1.0.0,a4cf9efdecf6735f87d398acc56604e66df26e62f1a2f1e96fafd7791aa3bcc6,2008,Fangchenggang,BBG,Marsh,17.7041751850988,spatial_unit,observed raw wetland area from authoritative panel
coastal-wetland-evidence-contract,1.0.0,a4cf9efdecf6735f87d398acc56604e66df26e62f1a2f1e96fafd7791aa3bcc6,2009,Fangchenggang,BBG,Marsh,16.5642869530062,spatial_unit,observed raw wetland area from authoritative panel
coastal-wetland-evidence-contract,1.0.0,a4cf9efdecf6735f87d398acc56604e66df26e62f1a2f1e96fafd7791aa3bcc6,2010,Fangchenggang,BBG,Marsh,16.6879848511642,spatial_unit,observed raw wetland area from authoritative panel
coastal-wetland-evidence-contract,1.0.0,a4cf9efdecf6735f87d398acc56604e66df26e62f1a2f1e96fafd7791aa3bcc6,2011,Fangchenggang,BBG,Marsh,17.2415752398858,spatial_unit,observed raw wetland area from authoritative panel
coastal-wetland-evidence-contract,1.0.0,a4cf9efdecf6735f87d398acc56604e66df26e62f1a2f1e96fafd7791aa3bcc6,2012,Fangchenggang,BBG,Marsh,18.4319040760225,spatial_unit,observed raw wetland area from authoritative panel
coastal-wetland-evidence-contract,1.0.0,a4cf9efdecf6735f87d398acc56604e66df26e62f1a2f1e96fafd7791aa3bcc6,2013,Fangchenggang,BBG,Marsh,15.3986008866689,spatial_unit,observed raw wetland area from authoritative panel
coastal-wetland-evidence-contract,1.0.0,a4cf9efdecf6735f87d398acc56604e66df26e62f1a2f1e96fafd7791aa3bcc6,2014,Fangchenggang,BBG,Marsh,17.0379143916896,spatial_unit,observed raw wetland area from authoritative panel
coastal-wetland-evidence-contract,1.0.0,a4cf9efdecf6735f87d398acc56604e66df26e62f1a2f1e96fafd7791aa3bcc6,2015,Fangchenggang,BBG,Marsh,16.620560328642,spatial_unit,observed raw wetland area from authoritative panel
coastal-wetland-evidence-contract,1.0.0,a4cf9efdecf6735f87d398acc56604e66df26e62f1a2f1e96fafd7791aa3bcc6,2016,Fangchenggang,BBG,Marsh,17.1042579579465,spatial_unit,observed raw wetland area from authoritative panel
coastal-wetland-evidence-contract,1.0.0,a4cf9efdecf6735f87d398acc56604e66df26e62f1a2f1e96fafd7791aa3bcc6,2017,Fangchenggang,BBG,Marsh,17.1367227286496,spatial_unit,observed raw wetland area from authoritative panel
coastal-wetland-evidence-contract,1.0.0,a4cf9efdecf6735f87d398acc56604e66df26e62f1a2f1e96fafd7791aa3bcc6,2018,Fangchenggang,BBG,Marsh,18.0814582644416,spatial_unit,observed raw wetland area from authoritative panel
coastal-wetland-evidence-contract,1.0.0,a4cf9efdecf6735f87d398acc56604e66df26e62f1a2f1e96fafd7791aa3bcc6,2019,Fangchenggang,BBG,Marsh,16.2634269922181,spatial_unit,observed raw wetland area from authoritative panel
coastal-wetland-evidence-contract,1.0.0,a4cf9efdecf6735f87d398acc56604e66df26e62f1a2f1e96fafd7791aa3bcc6,2020,Fangchenggang,BBG,Marsh,17.4375637893765,spatial_unit,observed raw wetland area from authoritative panel
coastal-wetland-evidence-contract,1.0.0,a4cf9efdecf6735f87d398acc56604e66df26e62f1a2f1e96fafd7791aa3bcc6,2021,Fangchenggang,BBG,Marsh,20.2217059847541,spatial_unit,observed raw wetland area from authoritative panel
coastal-wetland-evidence-contract,1.0.0,a4cf9efdecf6735f87d398acc56604e66df26e62f1a2f1e96fafd7791aa3bcc6,2022,Fangchenggang,BBG,Marsh,23.1514419705308,spatial_unit,observed raw wetland area from authoritative panel
coastal-wetland-evidence-contract,1.0.0,a4cf9efdecf6735f87d398acc56604e66df26e62f1a2f1e96fafd7791aa3bcc6,2001,Hainan_Sheng,BBG,Marsh,142.327521403745,spatial_unit,observed raw wetland area from authoritative panel
coastal-wetland-evidence-contract,1.0.0,a4cf9efdecf6735f87d398acc56604e66df26e62f1a2f1e96fafd7791aa3bcc6,2002,Hainan_Sheng,BBG,Marsh,143.647481031165,spatial_unit,observed raw wetland area from authoritative panel
coastal-wetland-evidence-contract,1.0.0,a4cf9efdecf6735f87d398acc56604e66df26e62f1a2f1e96fafd7791aa3bcc6,2003,Hainan_Sheng,BBG,Marsh,160.475563103967,spatial_unit,observed raw wetland area from authoritative panel
coastal-wetland-evidence-contract,1.0.0,a4cf9efdecf6735f87d398acc56604e66df26e62f1a2f1e96fafd7791aa3bcc6,2004,Hainan_Sheng,BBG,Marsh,185.617530921695,spatial_unit,observed raw wetland area from authoritative panel
coastal-wetland-evidence-contract,1.0.0,a4cf9efdecf6735f87d398acc56604e66df26e62f1a2f1e96fafd7791aa3bcc6,2005,Hainan_Sheng,BBG,Marsh,180.283953636435,spatial_unit,observed raw wetland area from authoritative panel
coastal-wetland-evidence-contract,1.0.0,a4cf9efdecf6735f87d398acc56604e66df26e62f1a2f1e96fafd7791aa3bcc6,2006,Hainan_Sheng,BBG,Marsh,201.703433485719,spatial_unit,observed raw wetland area from authoritative panel
coastal-wetland-evidence-contract,1.0.0,a4cf9efdecf6735f87d398acc56604e66df26e62f1a2f1e96fafd7791aa3bcc6,2007,Hainan_Sheng,BBG,Marsh,178.881302358031,spatial_unit,observed raw wetland area from authoritative panel
coastal-wetland-evidence-contract,1.0.0,a4cf9efdecf6735f87d398acc56604e66df26e62f1a2f1e96fafd7791aa3bcc6,2008,Hainan_Sheng,BBG,Marsh,176.239250802252,spatial_unit,observed raw wetland area from authoritative panel
coastal-wetland-evidence-contract,1.0.0,a4cf9efdecf6735f87d398acc56604e66df26e62f1a2f1e96fafd7791aa3bcc6,2009,Hainan_Sheng,BBG,Marsh,165.951967174448,spatial_unit,observed raw wetland area from authoritative panel
coastal-wetland-evidence-contract,1.0.0,a4cf9efdecf6735f87d398acc56604e66df26e62f1a2f1e96fafd7791aa3bcc6,2010,Hainan_Sheng,BBG,Marsh,155.181925377887,spatial_unit,observed raw wetland area from authoritative panel
coastal-wetland-evidence-contract,1.0.0,a4cf9efdecf6735f87d398acc56604e66df26e62f1a2f1e96fafd7791aa3bcc6,2011,Hainan_Sheng,BBG,Marsh,154.504532774889,spatial_unit,observed raw wetland area from authoritative panel
coastal-wetland-evidence-contract,1.0.0,a4cf9efdecf6735f87d398acc56604e66df26e62f1a2f1e96fafd7791aa3bcc6,2012,Hainan_Sheng,BBG,Marsh,136.185238431028,spatial_unit,observed raw wetland area from authoritative panel
coastal-wetland-evidence-contract,1.0.0,a4cf9efdecf6735f87d398acc56604e66df26e62f1a2f1e96fafd7791aa3bcc6,2013,Hainan_Sheng,BBG,Marsh,123.966857889411,spatial_unit,observed raw wetland area from authoritative panel
coastal-wetland-evidence-contract,1.0.0,a4cf9efdecf6735f87d398acc56604e66df26e62f1a2f1e96fafd7791aa3bcc6,2014,Hainan_Sheng,BBG,Marsh,154.189316816628,spatial_unit,observed raw wetland area from authoritative panel
coastal-wetland-evidence-contract,1.0.0,a4cf9efdecf6735f87d398acc56604e66df26e62f1a2f1e96fafd7791aa3bcc6,2015,Hainan_Sheng,BBG,Marsh,175.049742793845,spatial_unit,observed raw wetland area from authoritative panel
coastal-wetland-evidence-contract,1.0.0,a4cf9efdecf6735f87d398acc56604e66df26e62f1a2f1e96fafd7791aa3bcc6,2016,Hainan_Sheng,BBG,Marsh,169.102803433501,spatial_unit,observed raw wetland area from authoritative panel
coastal-wetland-evidence-contract,1.0.0,a4cf9efdecf6735f87d398acc56604e66df26e62f1a2f1e96fafd7791aa3bcc6,2017,Hainan_Sheng,BBG,Marsh,145.916511922962,spatial_unit,observed raw wetland area from authoritative panel
coastal-wetland-evidence-contract,1.0.0,a4cf9efdecf6735f87d398acc56604e66df26e62f1a2f1e96fafd7791aa3bcc6,2018,Hainan_Sheng,BBG,Marsh,117.06368512598,spatial_unit,observed raw wetland area from authoritative panel
coastal-wetland-evidence-contract,1.0.0,a4cf9efdecf6735f87d398acc56604e66df26e62f1a2f1e96fafd7791aa3bcc6,2019,Hainan_Sheng,BBG,Marsh,166.189665944975,spatial_unit,observed raw wetland area from authoritative panel
coastal-wetland-evidence-contract,1.0.0,a4cf9efdecf6735f87d398acc56604e66df26e62f1a2f1e96fafd7791aa3bcc6,2020,Hainan_Sheng,BBG,Marsh,166.526872708796,spatial_unit,observed raw wetland area from authoritative panel
coastal-wetland-evidence-contract,1.0.0,a4cf9efdecf6735f87d398acc56604e66df26e62f1a2f1e96fafd7791aa3bcc6,2021,Hainan_Sheng,BBG,Marsh,168.488087077818,spatial_unit,observed raw wetland area from authoritative panel
coastal-wetland-evidence-contract,1.0.0,a4cf9efdecf6735f87d398acc56604e66df26e62f1a2f1e96fafd7791aa3bcc6,2022,Hainan_Sheng,BBG,Marsh,150.490910911611,spatial_unit,observed raw wetland area from authoritative panel
coastal-wetland-evidence-contract,1.0.0,a4cf9efdecf6735f87d398acc56604e66df26e62f1a2f1e96fafd7791aa3bcc6,2001,Maoming,BBG,Marsh,17.2801250610065,spatial_unit,observed raw wetland area from authoritative panel
coastal-wetland-evidence-contract,1.0.0,a4cf9efdecf6735f87d398acc56604e66df26e62f1a2f1e96fafd7791aa3bcc6,2002,Maoming,BBG,Marsh,13.6115408030867,spatial_unit,observed raw wetland area from authoritative panel
coastal-wetland-evidence-contract,1.0.0,a4cf9efdecf6735f87d398acc56604e66df26e62f1a2f1e96fafd7791aa3bcc6,2003,Maoming,BBG,Marsh,13.8454558924403,spatial_unit,observed raw wetland area from authoritative panel
coastal-wetland-evidence-contract,1.0.0,a4cf9efdecf6735f87d398acc56604e66df26e62f1a2f1e96fafd7791aa3bcc6,2004,Maoming,BBG,Marsh,15.4729056535501,spatial_unit,observed raw wetland area from authoritative panel
coastal-wetland-evidence-contract,1.0.0,a4cf9efdecf6735f87d398acc56604e66df26e62f1a2f1e96fafd7791aa3bcc6,2005,Maoming,BBG,Marsh,15.2954502874004,spatial_unit,observed raw wetland area from authoritative panel
coastal-wetland-evidence-contract,1.0.0,a4cf9efdecf6735f87d398acc56604e66df26e62f1a2f1e96fafd7791aa3bcc6,2006,Maoming,BBG,Marsh,16.8728599928807,spatial_unit,observed raw wetland area from authoritative panel
coastal-wetland-evidence-contract,1.0.0,a4cf9efdecf6735f87d398acc56604e66df26e62f1a2f1e96fafd7791aa3bcc6,2007,Maoming,BBG,Marsh,15.8799711650046,spatial_unit,observed raw wetland area from authoritative panel
coastal-wetland-evidence-contract,1.0.0,a4cf9efdecf6735f87d398acc56604e66df26e62f1a2f1e96fafd7791aa3bcc6,2008,Maoming,BBG,Marsh,16.7009537065372,spatial_unit,observed raw wetland area from authoritative panel
coastal-wetland-evidence-contract,1.0.0,a4cf9efdecf6735f87d398acc56604e66df26e62f1a2f1e96fafd7791aa3bcc6,2009,Maoming,BBG,Marsh,16.1135811752221,spatial_unit,observed raw wetland area from authoritative panel
coastal-wetland-evidence-contract,1.0.0,a4cf9efdecf6735f87d398acc56604e66df26e62f1a2f1e96fafd7791aa3bcc6,2010,Maoming,BBG,Marsh,17.0377228004289,spatial_unit,observed raw wetland area from authoritative panel
coastal-wetland-evidence-contract,1.0.0,a4cf9efdecf6735f87d398acc56604e66df26e62f1a2f1e96fafd7791aa3bcc6,2011,Maoming,BBG,Marsh,17.814386579385,spatial_unit,observed raw wetland area from authoritative panel
coastal-wetland-evidence-contract,1.0.0,a4cf9efdecf6735f87d398acc56604e66df26e62f1a2f1e96fafd7791aa3bcc6,2012,Maoming,BBG,Marsh,16.5024805893459,spatial_unit,observed raw wetland area from authoritative panel
coastal-wetland-evidence-contract,1.0.0,a4cf9efdecf6735f87d398acc56604e66df26e62f1a2f1e96fafd7791aa3bcc6,2013,Maoming,BBG,Marsh,14.2600010041667,spatial_unit,observed raw wetland area from authoritative panel
coastal-wetland-evidence-contract,1.0.0,a4cf9efdecf6735f87d398acc56604e66df26e62f1a2f1e96fafd7791aa3bcc6,2014,Maoming,BBG,Marsh,18.102677430285,spatial_unit,observed raw wetland area from authoritative panel
coastal-wetland-evidence-contract,1.0.0,a4cf9efdecf6735f87d398acc56604e66df26e62f1a2f1e96fafd7791aa3bcc6,2015,Maoming,BBG,Marsh,18.2385358690641,spatial_unit,observed raw wetland area from authoritative panel
coastal-wetland-evidence-contract,1.0.0,a4cf9efdecf6735f87d398acc56604e66df26e62f1a2f1e96fafd7791aa3bcc6,2016,Maoming,BBG,Marsh,20.0664552320504,spatial_unit,observed raw wetland area from authoritative panel
coastal-wetland-evidence-contract,1.0.0,a4cf9efdecf6735f87d398acc56604e66df26e62f1a2f1e96fafd7791aa3bcc6,2017,Maoming,BBG,Marsh,17.1967485044578,spatial_unit,observed raw wetland area from authoritative panel
coastal-wetland-evidence-contract,1.0.0,a4cf9efdecf6735f87d398acc56604e66df26e62f1a2f1e96fafd7791aa3bcc6,2018,Maoming,BBG,Marsh,17.5532053730086,spatial_unit,observed raw wetland area from authoritative panel
coastal-wetland-evidence-contract,1.0.0,a4cf9efdecf6735f87d398acc56604e66df26e62f1a2f1e96fafd7791aa3bcc6,2019,Maoming,BBG,Marsh,19.185949662749,spatial_unit,observed raw wetland area from authoritative panel
coastal-wetland-evidence-contract,1.0.0,a4cf9efdecf6735f87d398acc56604e66df26e62f1a2f1e96fafd7791aa3bcc6,2020,Maoming,BBG,Marsh,20.8942226278991,spatial_unit,observed raw wetland area from authoritative panel
coastal-wetland-evidence-contract,1.0.0,a4cf9efdecf6735f87d398acc56604e66df26e62f1a2f1e96fafd7791aa3bcc6,2021,Maoming,BBG,Marsh,22.1356099968674,spatial_unit,observed raw wetland area from authoritative panel
coastal-wetland-evidence-contract,1.0.0,a4cf9efdecf6735f87d398acc56604e66df26e62f1a2f1e96fafd7791aa3bcc6,2022,Maoming,BBG,Marsh,21.2275293824755,spatial_unit,observed raw wetland area from authoritative panel
coastal-wetland-evidence-contract,1.0.0,a4cf9efdecf6735f87d398acc56604e66df26e62f1a2f1e96fafd7791aa3bcc6,2001,Qinzhou,BBG,Marsh,19.5428467389438,spatial_unit,observed raw wetland area from authoritative panel
coastal-wetland-evidence-contract,1.0.0,a4cf9efdecf6735f87d398acc56604e66df26e62f1a2f1e96fafd7791aa3bcc6,2002,Qinzhou,BBG,Marsh,8.8358773844784,spatial_unit,observed raw wetland area from authoritative panel
coastal-wetland-evidence-contract,1.0.0,a4cf9efdecf6735f87d398acc56604e66df26e62f1a2f1e96fafd7791aa3bcc6,2003,Qinzhou,BBG,Marsh,13.2289899971814,spatial_unit,observed raw wetland area from authoritative panel
coastal-wetland-evidence-contract,1.0.0,a4cf9efdecf6735f87d398acc56604e66df26e62f1a2f1e96fafd7791aa3bcc6,2004,Qinzhou,BBG,Marsh,16.1611653011642,spatial_unit,observed raw wetland area from authoritative panel
coastal-wetland-evidence-contract,1.0.0,a4cf9efdecf6735f87d398acc56604e66df26e62f1a2f1e96fafd7791aa3bcc6,2005,Qinzhou,BBG,Marsh,17.3381076966184,spatial_unit,observed raw wetland area from authoritative panel
coastal-wetland-evidence-contract,1.0.0,a4cf9efdecf6735f87d398acc56604e66df26e62f1a2f1e96fafd7791aa3bcc6,2006,Qinzhou,BBG,Marsh,20.6656202391888,spatial_unit,observed raw wetland area from authoritative panel
coastal-wetland-evidence-contract,1.0.0,a4cf9efdecf6735f87d398acc56604e66df26e62f1a2f1e96fafd7791aa3bcc6,2007,Qinzhou,BBG,Marsh,20.8473280833831,spatial_unit,observed raw wetland area from authoritative panel
coastal-wetland-evidence-contract,1.0.0,a4cf9efdecf6735f87d398acc56604e66df26e62f1a2f1e96fafd7791aa3bcc6,2008,Qinzhou,BBG,Marsh,20.9783755462584,spatial_unit,observed raw wetland area from authoritative panel
coastal-wetland-evidence-contract,1.0.0,a4cf9efdecf6735f87d398acc56604e66df26e62f1a2f1e96fafd7791aa3bcc6,2009,Qinzhou,BBG,Marsh,22.2639184214499,spatial_unit,observed raw wetland area from authoritative panel
coastal-wetland-evidence-contract,1.0.0,a4cf9efdecf6735f87d398acc56604e66df26e62f1a2f1e96fafd7791aa3bcc6,2010,Qinzhou,BBG,Marsh,22.7163701133349,spatial_unit,observed raw wetland area from authoritative panel
coastal-wetland-evidence-contract,1.0.0,a4cf9efdecf6735f87d398acc56604e66df26e62f1a2f1e96fafd7791aa3bcc6,2011,Qinzhou,BBG,Marsh,24.4746428928999,spatial_unit,observed raw wetland area from authoritative panel
coastal-wetland-evidence-contract,1.0.0,a4cf9efdecf6735f87d398acc56604e66df26e62f1a2f1e96fafd7791aa3bcc6,2012,Qinzhou,BBG,Marsh,22.628290586757,spatial_unit,observed raw wetland area from authoritative panel
coastal-wetland-evidence-contract,1.0.0,a4cf9efdecf6735f87d398acc56604e66df26e62f1a2f1e96fafd7791aa3bcc6,2013,Qinzhou,BBG,Marsh,19.1849540221163,spatial_unit,observed raw wetland area from authoritative panel
coastal-wetland-evidence-contract,1.0.0,a4cf9efdecf6735f87d398acc56604e66df26e62f1a2f1e96fafd7791aa3bcc6,2014,Qinzhou,BBG,Marsh,20.1286464278224,spatial_unit,observed raw wetland area from authoritative panel
coastal-wetland-evidence-contract,1.0.0,a4cf9efdecf6735f87d398acc56604e66df26e62f1a2f1e96fafd7791aa3bcc6,2015,Qinzhou,BBG,Marsh,19.9240869302351,spatial_unit,observed raw wetland area from authoritative panel
coastal-wetland-evidence-contract,1.0.0,a4cf9efdecf6735f87d398acc56604e66df26e62f1a2f1e96fafd7791aa3bcc6,2016,Qinzhou,BBG,Marsh,19.5971948130093,spatial_unit,observed raw wetland area from authoritative panel
coastal-wetland-evidence-contract,1.0.0,a4cf9efdecf6735f87d398acc56604e66df26e62f1a2f1e96fafd7791aa3bcc6,2017,Qinzhou,BBG,Marsh,19.0289282966107,spatial_unit,observed raw wetland area from authoritative panel
coastal-wetland-evidence-contract,1.0.0,a4cf9efdecf6735f87d398acc56604e66df26e62f1a2f1e96fafd7791aa3bcc6,2018,Qinzhou,BBG,Marsh,20.1763198880515,spatial_unit,observed raw wetland area from authoritative panel
coastal-wetland-evidence-contract,1.0.0,a4cf9efdecf6735f87d398acc56604e66df26e62f1a2f1e96fafd7791aa3bcc6,2019,Qinzhou,BBG,Marsh,18.4929713590265,spatial_unit,observed raw wetland area from authoritative panel
coastal-wetland-evidence-contract,1.0.0,a4cf9efdecf6735f87d398acc56604e66df26e62f1a2f1e96fafd7791aa3bcc6,2020,Qinzhou,BBG,Marsh,21.8393511245787,spatial_unit,observed raw wetland area from authoritative panel
coastal-wetland-evidence-contract,1.0.0,a4cf9efdecf6735f87d398acc56604e66df26e62f1a2f1e96fafd7791aa3bcc6,2021,Qinzhou,BBG,Marsh,25.7508805965572,spatial_unit,observed raw wetland area from authoritative panel
coastal-wetland-evidence-contract,1.0.0,a4cf9efdecf6735f87d398acc56604e66df26e62f1a2f1e96fafd7791aa3bcc6,2022,Qinzhou,BBG,Marsh,29.116152565131,spatial_unit,observed raw wetland area from authoritative panel
coastal-wetland-evidence-contract,1.0.0,a4cf9efdecf6735f87d398acc56604e66df26e62f1a2f1e96fafd7791aa3bcc6,2001,Yangjiang,BBG,Marsh,28.8509142867647,spatial_unit,observed raw wetland area from authoritative panel
coastal-wetland-evidence-contract,1.0.0,a4cf9efdecf6735f87d398acc56604e66df26e62f1a2f1e96fafd7791aa3bcc6,2002,Yangjiang,BBG,Marsh,20.7784458138328,spatial_unit,observed raw wetland area from authoritative panel
coastal-wetland-evidence-contract,1.0.0,a4cf9efdecf6735f87d398acc56604e66df26e62f1a2f1e96fafd7791aa3bcc6,2003,Yangjiang,BBG,Marsh,22.1897794393191,spatial_unit,observed raw wetland area from authoritative panel
coastal-wetland-evidence-contract,1.0.0,a4cf9efdecf6735f87d398acc56604e66df26e62f1a2f1e96fafd7791aa3bcc6,2004,Yangjiang,BBG,Marsh,24.8961398247549,spatial_unit,observed raw wetland area from authoritative panel
coastal-wetland-evidence-contract,1.0.0,a4cf9efdecf6735f87d398acc56604e66df26e62f1a2f1e96fafd7791aa3bcc6,2005,Yangjiang,BBG,Marsh,26.7858501885723,spatial_unit,observed raw wetland area from authoritative panel
coastal-wetland-evidence-contract,1.0.0,a4cf9efdecf6735f87d398acc56604e66df26e62f1a2f1e96fafd7791aa3bcc6,2006,Yangjiang,BBG,Marsh,27.8180690479319,spatial_unit,observed raw wetland area from authoritative panel
coastal-wetland-evidence-contract,1.0.0,a4cf9efdecf6735f87d398acc56604e66df26e62f1a2f1e96fafd7791aa3bcc6,2007,Yangjiang,BBG,Marsh,27.2745353203048,spatial_unit,observed raw wetland area from authoritative panel
coastal-wetland-evidence-contract,1.0.0,a4cf9efdecf6735f87d398acc56604e66df26e62f1a2f1e96fafd7791aa3bcc6,2008,Yangjiang,BBG,Marsh,29.2274026732422,spatial_unit,observed raw wetland area from authoritative panel
coastal-wetland-evidence-contract,1.0.0,a4cf9efdecf6735f87d398acc56604e66df26e62f1a2f1e96fafd7791aa3bcc6,2009,Yangjiang,BBG,Marsh,29.0861856018152,spatial_unit,observed raw wetland area from authoritative panel
coastal-wetland-evidence-contract,1.0.0,a4cf9efdecf6735f87d398acc56604e66df26e62f1a2f1e96fafd7791aa3bcc6,2010,Yangjiang,BBG,Marsh,31.0064000583563,spatial_unit,observed raw wetland area from authoritative panel
coastal-wetland-evidence-contract,1.0.0,a4cf9efdecf6735f87d398acc56604e66df26e62f1a2f1e96fafd7791aa3bcc6,2011,Yangjiang,BBG,Marsh,33.0600016482269,spatial_unit,observed raw wetland area from authoritative panel
coastal-wetland-evidence-contract,1.0.0,a4cf9efdecf6735f87d398acc56604e66df26e62f1a2f1e96fafd7791aa3bcc6,2012,Yangjiang,BBG,Marsh,30.4500776323453,spatial_unit,observed raw wetland area from authoritative panel
coastal-wetland-evidence-contract,1.0.0,a4cf9efdecf6735f87d398acc56604e66df26e62f1a2f1e96fafd7791aa3bcc6,2013,Yangjiang,BBG,Marsh,30.8545553167394,spatial_unit,observed raw wetland area from authoritative panel
coastal-wetland-evidence-contract,1.0.0,a4cf9efdecf6735f87d398acc56604e66df26e62f1a2f1e96fafd7791aa3bcc6,2014,Yangjiang,BBG,Marsh,33.3898109415863,spatial_unit,observed raw wetland area from authoritative panel
coastal-wetland-evidence-contract,1.0.0,a4cf9efdecf6735f87d398acc56604e66df26e62f1a2f1e96fafd7791aa3bcc6,2015,Yangjiang,BBG,Marsh,32.1102539419808,spatial_unit,observed raw wetland area from authoritative panel
coastal-wetland-evidence-contract,1.0.0,a4cf9efdecf6735f87d398acc56604e66df26e62f1a2f1e96fafd7791aa3bcc6,2016,Yangjiang,BBG,Marsh,36.4971017082031,spatial_unit,observed raw wetland area from authoritative panel
coastal-wetland-evidence-contract,1.0.0,a4cf9efdecf6735f87d398acc56604e66df26e62f1a2f1e96fafd7791aa3bcc6,2017,Yangjiang,BBG,Marsh,33.0420815688687,spatial_unit,observed raw wetland area from authoritative panel
coastal-wetland-evidence-contract,1.0.0,a4cf9efdecf6735f87d398acc56604e66df26e62f1a2f1e96fafd7791aa3bcc6,2018,Yangjiang,BBG,Marsh,33.5527386974341,spatial_unit,observed raw wetland area from authoritative panel
coastal-wetland-evidence-contract,1.0.0,a4cf9efdecf6735f87d398acc56604e66df26e62f1a2f1e96fafd7791aa3bcc6,2019,Yangjiang,BBG,Marsh,34.1514124550973,spatial_unit,observed raw wetland area from authoritative panel
coastal-wetland-evidence-contract,1.0.0,a4cf9efdecf6735f87d398acc56604e66df26e62f1a2f1e96fafd7791aa3bcc6,2020,Yangjiang,BBG,Marsh,35.4147510506741,spatial_unit,observed raw wetland area from authoritative panel
coastal-wetland-evidence-contract,1.0.0,a4cf9efdecf6735f87d398acc56604e66df26e62f1a2f1e96fafd7791aa3bcc6,2021,Yangjiang,BBG,Marsh,40.4808365983647,spatial_unit,observed raw wetland area from authoritative panel
coastal-wetland-evidence-contract,1.0.0,a4cf9efdecf6735f87d398acc56604e66df26e62f1a2f1e96fafd7791aa3bcc6,2022,Yangjiang,BBG,Marsh,40.3545061219478,spatial_unit,observed raw wetland area from authoritative panel
coastal-wetland-evidence-contract,1.0.0,a4cf9efdecf6735f87d398acc56604e66df26e62f1a2f1e96fafd7791aa3bcc6,2001,Zhanjiang,BBG,Marsh,64.9369147152268,spatial_unit,observed raw wetland area from authoritative panel
coastal-wetland-evidence-contract,1.0.0,a4cf9efdecf6735f87d398acc56604e66df26e62f1a2f1e96fafd7791aa3bcc6,2002,Zhanjiang,BBG,Marsh,40.4820437175399,spatial_unit,observed raw wetland area from authoritative panel
coastal-wetland-evidence-contract,1.0.0,a4cf9efdecf6735f87d398acc56604e66df26e62f1a2f1e96fafd7791aa3bcc6,2003,Zhanjiang,BBG,Marsh,57.8918139633501,spatial_unit,observed raw wetland area from authoritative panel
coastal-wetland-evidence-contract,1.0.0,a4cf9efdecf6735f87d398acc56604e66df26e62f1a2f1e96fafd7791aa3bcc6,2004,Zhanjiang,BBG,Marsh,80.9819875098958,spatial_unit,observed raw wetland area from authoritative panel
coastal-wetland-evidence-contract,1.0.0,a4cf9efdecf6735f87d398acc56604e66df26e62f1a2f1e96fafd7791aa3bcc6,2005,Zhanjiang,BBG,Marsh,74.1649404234297,spatial_unit,observed raw wetland area from authoritative panel
coastal-wetland-evidence-contract,1.0.0,a4cf9efdecf6735f87d398acc56604e66df26e62f1a2f1e96fafd7791aa3bcc6,2006,Zhanjiang,BBG,Marsh,78.8866555923407,spatial_unit,observed raw wetland area from authoritative panel
coastal-wetland-evidence-contract,1.0.0,a4cf9efdecf6735f87d398acc56604e66df26e62f1a2f1e96fafd7791aa3bcc6,2007,Zhanjiang,BBG,Marsh,81.1844757158931,spatial_unit,observed raw wetland area from authoritative panel
coastal-wetland-evidence-contract,1.0.0,a4cf9efdecf6735f87d398acc56604e66df26e62f1a2f1e96fafd7791aa3bcc6,2008,Zhanjiang,BBG,Marsh,76.3413017491497,spatial_unit,observed raw wetland area from authoritative panel
coastal-wetland-evidence-contract,1.0.0,a4cf9efdecf6735f87d398acc56604e66df26e62f1a2f1e96fafd7791aa3bcc6,2009,Zhanjiang,BBG,Marsh,54.2603844426816,spatial_unit,observed raw wetland area from authoritative panel
coastal-wetland-evidence-contract,1.0.0,a4cf9efdecf6735f87d398acc56604e66df26e62f1a2f1e96fafd7791aa3bcc6,2010,Zhanjiang,BBG,Marsh,51.1472514683019,spatial_unit,observed raw wetland area from authoritative panel
coastal-wetland-evidence-contract,1.0.0,a4cf9efdecf6735f87d398acc56604e66df26e62f1a2f1e96fafd7791aa3bcc6,2011,Zhanjiang,BBG,Marsh,57.8503371611672,spatial_unit,observed raw wetland area from authoritative panel
coastal-wetland-evidence-contract,1.0.0,a4cf9efdecf6735f87d398acc56604e66df26e62f1a2f1e96fafd7791aa3bcc6,2012,Zhanjiang,BBG,Marsh,60.2954707491842,spatial_unit,observed raw wetland area from authoritative panel
coastal-wetland-evidence-contract,1.0.0,a4cf9efdecf6735f87d398acc56604e66df26e62f1a2f1e96fafd7791aa3bcc6,2013,Zhanjiang,BBG,Marsh,53.5855077984758,spatial_unit,observed raw wetland area from authoritative panel
coastal-wetland-evidence-contract,1.0.0,a4cf9efdecf6735f87d398acc56604e66df26e62f1a2f1e96fafd7791aa3bcc6,2014,Zhanjiang,BBG,Marsh,73.494092323357,spatial_unit,observed raw wetland area from authoritative panel
coastal-wetland-evidence-contract,1.0.0,a4cf9efdecf6735f87d398acc56604e66df26e62f1a2f1e96fafd7791aa3bcc6,2015,Zhanjiang,BBG,Marsh,71.6682142201133,spatial_unit,observed raw wetland area from authoritative panel
coastal-wetland-evidence-contract,1.0.0,a4cf9efdecf6735f87d398acc56604e66df26e62f1a2f1e96fafd7791aa3bcc6,2016,Zhanjiang,BBG,Marsh,79.244575030013,spatial_unit,observed raw wetland area from authoritative panel
coastal-wetland-evidence-contract,1.0.0,a4cf9efdecf6735f87d398acc56604e66df26e62f1a2f1e96fafd7791aa3bcc6,2017,Zhanjiang,BBG,Marsh,66.1893083763555,spatial_unit,observed raw wetland area from authoritative panel
coastal-wetland-evidence-contract,1.0.0,a4cf9efdecf6735f87d398acc56604e66df26e62f1a2f1e96fafd7791aa3bcc6,2018,Zhanjiang,BBG,Marsh,67.4983768149508,spatial_unit,observed raw wetland area from authoritative panel
coastal-wetland-evidence-contract,1.0.0,a4cf9efdecf6735f87d398acc56604e66df26e62f1a2f1e96fafd7791aa3bcc6,2019,Zhanjiang,BBG,Marsh,82.1940731132084,spatial_unit,observed raw wetland area from authoritative panel
coastal-wetland-evidence-contract,1.0.0,a4cf9efdecf6735f87d398acc56604e66df26e62f1a2f1e96fafd7791aa3bcc6,2020,Zhanjiang,BBG,Marsh,82.6959495341335,spatial_unit,observed raw wetland area from authoritative panel
coastal-wetland-evidence-contract,1.0.0,a4cf9efdecf6735f87d398acc56604e66df26e62f1a2f1e96fafd7791aa3bcc6,2021,Zhanjiang,BBG,Marsh,89.8995529747739,spatial_unit,observed raw wetland area from authoritative panel
coastal-wetland-evidence-contract,1.0.0,a4cf9efdecf6735f87d398acc56604e66df26e62f1a2f1e96fafd7791aa3bcc6,2022,Zhanjiang,BBG,Marsh,88.5702393463272,spatial_unit,observed raw wetland area from authoritative panel
coastal-wetland-evidence-contract,1.0.0,a4cf9efdecf6735f87d398acc56604e66df26e62f1a2f1e96fafd7791aa3bcc6,2001,Binzhou,BYS,Marsh,92.4471971348787,spatial_unit,observed raw wetland area from authoritative panel
coastal-wetland-evidence-contract,1.0.0,a4cf9efdecf6735f87d398acc56604e66df26e62f1a2f1e96fafd7791aa3bcc6,2002,Binzhou,BYS,Marsh,93.3335404870535,spatial_unit,observed raw wetland area from authoritative panel
coastal-wetland-evidence-contract,1.0.0,a4cf9efdecf6735f87d398acc56604e66df26e62f1a2f1e96fafd7791aa3bcc6,2003,Binzhou,BYS,Marsh,86.2163737584478,spatial_unit,observed raw wetland area from authoritative panel
coastal-wetland-evidence-contract,1.0.0,a4cf9efdecf6735f87d398acc56604e66df26e62f1a2f1e96fafd7791aa3bcc6,2004,Binzhou,BYS,Marsh,95.0559513216018,spatial_unit,observed raw wetland area from authoritative panel
coastal-wetland-evidence-contract,1.0.0,a4cf9efdecf6735f87d398acc56604e66df26e62f1a2f1e96fafd7791aa3bcc6,2005,Binzhou,BYS,Marsh,87.1577337733349,spatial_unit,observed raw wetland area from authoritative panel
coastal-wetland-evidence-contract,1.0.0,a4cf9efdecf6735f87d398acc56604e66df26e62f1a2f1e96fafd7791aa3bcc6,2006,Binzhou,BYS,Marsh,88.9640158929181,spatial_unit,observed raw wetland area from authoritative panel
coastal-wetland-evidence-contract,1.0.0,a4cf9efdecf6735f87d398acc56604e66df26e62f1a2f1e96fafd7791aa3bcc6,2007,Binzhou,BYS,Marsh,92.942104228063,spatial_unit,observed raw wetland area from authoritative panel
coastal-wetland-evidence-contract,1.0.0,a4cf9efdecf6735f87d398acc56604e66df26e62f1a2f1e96fafd7791aa3bcc6,2008,Binzhou,BYS,Marsh,96.2668193227954,spatial_unit,observed raw wetland area from authoritative panel
coastal-wetland-evidence-contract,1.0.0,a4cf9efdecf6735f87d398acc56604e66df26e62f1a2f1e96fafd7791aa3bcc6,2009,Binzhou,BYS,Marsh,89.9342242561091,spatial_unit,observed raw wetland area from authoritative panel
coastal-wetland-evidence-contract,1.0.0,a4cf9efdecf6735f87d398acc56604e66df26e62f1a2f1e96fafd7791aa3bcc6,2010,Binzhou,BYS,Marsh,87.3670736126334,spatial_unit,observed raw wetland area from authoritative panel
coastal-wetland-evidence-contract,1.0.0,a4cf9efdecf6735f87d398acc56604e66df26e62f1a2f1e96fafd7791aa3bcc6,2011,Binzhou,BYS,Marsh,94.8826983081198,spatial_unit,observed raw wetland area from authoritative panel
coastal-wetland-evidence-contract,1.0.0,a4cf9efdecf6735f87d398acc56604e66df26e62f1a2f1e96fafd7791aa3bcc6,2012,Binzhou,BYS,Marsh,112.079333914407,spatial_unit,observed raw wetland area from authoritative panel
coastal-wetland-evidence-contract,1.0.0,a4cf9efdecf6735f87d398acc56604e66df26e62f1a2f1e96fafd7791aa3bcc6,2013,Binzhou,BYS,Marsh,96.373321960668,spatial_unit,observed raw wetland area from authoritative panel
coastal-wetland-evidence-contract,1.0.0,a4cf9efdecf6735f87d398acc56604e66df26e62f1a2f1e96fafd7791aa3bcc6,2014,Binzhou,BYS,Marsh,107.622751077026,spatial_unit,observed raw wetland area from authoritative panel
coastal-wetland-evidence-contract,1.0.0,a4cf9efdecf6735f87d398acc56604e66df26e62f1a2f1e96fafd7791aa3bcc6,2015,Binzhou,BYS,Marsh,107.880339903391,spatial_unit,observed raw wetland area from authoritative panel
coastal-wetland-evidence-contract,1.0.0,a4cf9efdecf6735f87d398acc56604e66df26e62f1a2f1e96fafd7791aa3bcc6,2016,Binzhou,BYS,Marsh,115.579603912919,spatial_unit,observed raw wetland area from authoritative panel
coastal-wetland-evidence-contract,1.0.0,a4cf9efdecf6735f87d398acc56604e66df26e62f1a2f1e96fafd7791aa3bcc6,2017,Binzhou,BYS,Marsh,120.283030449365,spatial_unit,observed raw wetland area from authoritative panel
coastal-wetland-evidence-contract,1.0.0,a4cf9efdecf6735f87d398acc56604e66df26e62f1a2f1e96fafd7791aa3bcc6,2018,Binzhou,BYS,Marsh,110.402153438719,spatial_unit,observed raw wetland area from authoritative panel
coastal-wetland-evidence-contract,1.0.0,a4cf9efdecf6735f87d398acc56604e66df26e62f1a2f1e96fafd7791aa3bcc6,2019,Binzhou,BYS,Marsh,109.005328017912,spatial_unit,observed raw wetland area from authoritative panel
coastal-wetland-evidence-contract,1.0.0,a4cf9efdecf6735f87d398acc56604e66df26e62f1a2f1e96fafd7791aa3bcc6,2020,Binzhou,BYS,Marsh,105.589592583243,spatial_unit,observed raw wetland area from authoritative panel
coastal-wetland-evidence-contract,1.0.0,a4cf9efdecf6735f87d398acc56604e66df26e62f1a2f1e96fafd7791aa3bcc6,2021,Binzhou,BYS,Marsh,95.4745701318654,spatial_unit,observed raw wetland area from authoritative panel
coastal-wetland-evidence-contract,1.0.0,a4cf9efdecf6735f87d398acc56604e66df26e62f1a2f1e96fafd7791aa3bcc6,2022,Binzhou,BYS,Marsh,89.3782915378938,spatial_unit,observed raw wetland area from authoritative panel
coastal-wetland-evidence-contract,1.0.0,a4cf9efdecf6735f87d398acc56604e66df26e62f1a2f1e96fafd7791aa3bcc6,2001,Cangzhou,BYS,Marsh,156.565489807484,spatial_unit,observed raw wetland area from authoritative panel
coastal-wetland-evidence-contract,1.0.0,a4cf9efdecf6735f87d398acc56604e66df26e62f1a2f1e96fafd7791aa3bcc6,2002,Cangzhou,BYS,Marsh,156.894907218462,spatial_unit,observed raw wetland area from authoritative panel
coastal-wetland-evidence-contract,1.0.0,a4cf9efdecf6735f87d398acc56604e66df26e62f1a2f1e96fafd7791aa3bcc6,2003,Cangzhou,BYS,Marsh,161.535461052185,spatial_unit,observed raw wetland area from authoritative panel
coastal-wetland-evidence-contract,1.0.0,a4cf9efdecf6735f87d398acc56604e66df26e62f1a2f1e96fafd7791aa3bcc6,2004,Cangzhou,BYS,Marsh,168.088792489607,spatial_unit,observed raw wetland area from authoritative panel
coastal-wetland-evidence-contract,1.0.0,a4cf9efdecf6735f87d398acc56604e66df26e62f1a2f1e96fafd7791aa3bcc6,2005,Cangzhou,BYS,Marsh,163.325711761523,spatial_unit,observed raw wetland area from authoritative panel
coastal-wetland-evidence-contract,1.0.0,a4cf9efdecf6735f87d398acc56604e66df26e62f1a2f1e96fafd7791aa3bcc6,2006,Cangzhou,BYS,Marsh,168.697051575875,spatial_unit,observed raw wetland area from authoritative panel
coastal-wetland-evidence-contract,1.0.0,a4cf9efdecf6735f87d398acc56604e66df26e62f1a2f1e96fafd7791aa3bcc6,2007,Cangzhou,BYS,Marsh,172.706909783207,spatial_unit,observed raw wetland area from authoritative panel
coastal-wetland-evidence-contract,1.0.0,a4cf9efdecf6735f87d398acc56604e66df26e62f1a2f1e96fafd7791aa3bcc6,2008,Cangzhou,BYS,Marsh,172.135779708828,spatial_unit,observed raw wetland area from authoritative panel
coastal-wetland-evidence-contract,1.0.0,a4cf9efdecf6735f87d398acc56604e66df26e62f1a2f1e96fafd7791aa3bcc6,2009,Cangzhou,BYS,Marsh,174.030213223116,spatial_unit,observed raw wetland area from authoritative panel
coastal-wetland-evidence-contract,1.0.0,a4cf9efdecf6735f87d398acc56604e66df26e62f1a2f1e96fafd7791aa3bcc6,2010,Cangzhou,BYS,Marsh,172.513735838232,spatial_unit,observed raw wetland area from authoritative panel
coastal-wetland-evidence-contract,1.0.0,a4cf9efdecf6735f87d398acc56604e66df26e62f1a2f1e96fafd7791aa3bcc6,2011,Cangzhou,BYS,Marsh,168.182136023488,spatial_unit,observed raw wetland area from authoritative panel
coastal-wetland-evidence-contract,1.0.0,a4cf9efdecf6735f87d398acc56604e66df26e62f1a2f1e96fafd7791aa3bcc6,2012,Cangzhou,BYS,Marsh,179.664784765122,spatial_unit,observed raw wetland area from authoritative panel
coastal-wetland-evidence-contract,1.0.0,a4cf9efdecf6735f87d398acc56604e66df26e62f1a2f1e96fafd7791aa3bcc6,2013,Cangzhou,BYS,Marsh,156.798112555936,spatial_unit,observed raw wetland area from authoritative panel
coastal-wetland-evidence-contract,1.0.0,a4cf9efdecf6735f87d398acc56604e66df26e62f1a2f1e96fafd7791aa3bcc6,2014,Cangzhou,BYS,Marsh,167.896588427921,spatial_unit,observed raw wetland area from authoritative panel
coastal-wetland-evidence-contract,1.0.0,a4cf9efdecf6735f87d398acc56604e66df26e62f1a2f1e96fafd7791aa3bcc6,2015,Cangzhou,BYS,Marsh,161.392399061227,spatial_unit,observed raw wetland area from authoritative panel
coastal-wetland-evidence-contract,1.0.0,a4cf9efdecf6735f87d398acc56604e66df26e62f1a2f1e96fafd7791aa3bcc6,2016,Cangzhou,BYS,Marsh,152.326795731338,spatial_unit,observed raw wetland area from authoritative panel
coastal-wetland-evidence-contract,1.0.0,a4cf9efdecf6735f87d398acc56604e66df26e62f1a2f1e96fafd7791aa3bcc6,2017,Cangzhou,BYS,Marsh,144.918240669574,spatial_unit,observed raw wetland area from authoritative panel
coastal-wetland-evidence-contract,1.0.0,a4cf9efdecf6735f87d398acc56604e66df26e62f1a2f1e96fafd7791aa3bcc6,2018,Cangzhou,BYS,Marsh,130.529706347239,spatial_unit,observed raw wetland area from authoritative panel
coastal-wetland-evidence-contract,1.0.0,a4cf9efdecf6735f87d398acc56604e66df26e62f1a2f1e96fafd7791aa3bcc6,2019,Cangzhou,BYS,Marsh,141.291010321018,spatial_unit,observed raw wetland area from authoritative panel
coastal-wetland-evidence-contract,1.0.0,a4cf9efdecf6735f87d398acc56604e66df26e62f1a2f1e96fafd7791aa3bcc6,2020,Cangzhou,BYS,Marsh,143.222871540053,spatial_unit,observed raw wetland area from authoritative panel
coastal-wetland-evidence-contract,1.0.0,a4cf9efdecf6735f87d398acc56604e66df26e62f1a2f1e96fafd7791aa3bcc6,2021,Cangzhou,BYS,Marsh,151.05418675361,spatial_unit,observed raw wetland area from authoritative panel
coastal-wetland-evidence-contract,1.0.0,a4cf9efdecf6735f87d398acc56604e66df26e62f1a2f1e96fafd7791aa3bcc6,2022,Cangzhou,BYS,Marsh,142.638503893352,spatial_unit,observed raw wetland area from authoritative panel
coastal-wetland-evidence-contract,1.0.0,a4cf9efdecf6735f87d398acc56604e66df26e62f1a2f1e96fafd7791aa3bcc6,2001,Dalian,BYS,Marsh,57.2469660779298,spatial_unit,observed raw wetland area from authoritative panel
coastal-wetland-evidence-contract,1.0.0,a4cf9efdecf6735f87d398acc56604e66df26e62f1a2f1e96fafd7791aa3bcc6,2002,Dalian,BYS,Marsh,66.6346005026637,spatial_unit,observed raw wetland area from authoritative panel
coastal-wetland-evidence-contract,1.0.0,a4cf9efdecf6735f87d398acc56604e66df26e62f1a2f1e96fafd7791aa3bcc6,2003,Dalian,BYS,Marsh,83.5633002598492,spatial_unit,observed raw wetland area from authoritative panel
coastal-wetland-evidence-contract,1.0.0,a4cf9efdecf6735f87d398acc56604e66df26e62f1a2f1e96fafd7791aa3bcc6,2004,Dalian,BYS,Marsh,86.1107087672994,spatial_unit,observed raw wetland area from authoritative panel
coastal-wetland-evidence-contract,1.0.0,a4cf9efdecf6735f87d398acc56604e66df26e62f1a2f1e96fafd7791aa3bcc6,2005,Dalian,BYS,Marsh,54.8755166351849,spatial_unit,observed raw wetland area from authoritative panel
coastal-wetland-evidence-contract,1.0.0,a4cf9efdecf6735f87d398acc56604e66df26e62f1a2f1e96fafd7791aa3bcc6,2006,Dalian,BYS,Marsh,25.9079448543084,spatial_unit,observed raw wetland area from authoritative panel
coastal-wetland-evidence-contract,1.0.0,a4cf9efdecf6735f87d398acc56604e66df26e62f1a2f1e96fafd7791aa3bcc6,2007,Dalian,BYS,Marsh,25.9237453304382,spatial_unit,observed raw wetland area from authoritative panel
coastal-wetland-evidence-contract,1.0.0,a4cf9efdecf6735f87d398acc56604e66df26e62f1a2f1e96fafd7791aa3bcc6,2008,Dalian,BYS,Marsh,36.2903032734911,spatial_unit,observed raw wetland area from authoritative panel
coastal-wetland-evidence-contract,1.0.0,a4cf9efdecf6735f87d398acc56604e66df26e62f1a2f1e96fafd7791aa3bcc6,2009,Dalian,BYS,Marsh,45.5506689944872,spatial_unit,observed raw wetland area from authoritative panel
coastal-wetland-evidence-contract,1.0.0,a4cf9efdecf6735f87d398acc56604e66df26e62f1a2f1e96fafd7791aa3bcc6,2010,Dalian,BYS,Marsh,46.8941752670937,spatial_unit,observed raw wetland area from authoritative panel
coastal-wetland-evidence-contract,1.0.0,a4cf9efdecf6735f87d398acc56604e66df26e62f1a2f1e96fafd7791aa3bcc6,2011,Dalian,BYS,Marsh,40.235458928956,spatial_unit,observed raw wetland area from authoritative panel
coastal-wetland-evidence-contract,1.0.0,a4cf9efdecf6735f87d398acc56604e66df26e62f1a2f1e96fafd7791aa3bcc6,2012,Dalian,BYS,Marsh,27.2971343937366,spatial_unit,observed raw wetland area from authoritative panel
coastal-wetland-evidence-contract,1.0.0,a4cf9efdecf6735f87d398acc56604e66df26e62f1a2f1e96fafd7791aa3bcc6,2013,Dalian,BYS,Marsh,54.2489972648649,spatial_unit,observed raw wetland area from authoritative panel
coastal-wetland-evidence-contract,1.0.0,a4cf9efdecf6735f87d398acc56604e66df26e62f1a2f1e96fafd7791aa3bcc6,2014,Dalian,BYS,Marsh,93.3657599931654,spatial_unit,observed raw wetland area from authoritative panel
coastal-wetland-evidence-contract,1.0.0,a4cf9efdecf6735f87d398acc56604e66df26e62f1a2f1e96fafd7791aa3bcc6,2015,Dalian,BYS,Marsh,96.9023157491142,spatial_unit,observed raw wetland area from authoritative panel
coastal-wetland-evidence-contract,1.0.0,a4cf9efdecf6735f87d398acc56604e66df26e62f1a2f1e96fafd7791aa3bcc6,2016,Dalian,BYS,Marsh,83.9377494975988,spatial_unit,observed raw wetland area from authoritative panel
coastal-wetland-evidence-contract,1.0.0,a4cf9efdecf6735f87d398acc56604e66df26e62f1a2f1e96fafd7791aa3bcc6,2017,Dalian,BYS,Marsh,102.174396847613,spatial_unit,observed raw wetland area from authoritative panel
coastal-wetland-evidence-contract,1.0.0,a4cf9efdecf6735f87d398acc56604e66df26e62f1a2f1e96fafd7791aa3bcc6,2018,Dalian,BYS,Marsh,89.5319649153502,spatial_unit,observed raw wetland area from authoritative panel
coastal-wetland-evidence-contract,1.0.0,a4cf9efdecf6735f87d398acc56604e66df26e62f1a2f1e96fafd7791aa3bcc6,2019,Dalian,BYS,Marsh,85.2170407474123,spatial_unit,observed raw wetland area from authoritative panel
coastal-wetland-evidence-contract,1.0.0,a4cf9efdecf6735f87d398acc56604e66df26e62f1a2f1e96fafd7791aa3bcc6,2020,Dalian,BYS,Marsh,65.5482775545345,spatial_unit,observed raw wetland area from authoritative panel
coastal-wetland-evidence-contract,1.0.0,a4cf9efdecf6735f87d398acc56604e66df26e62f1a2f1e96fafd7791aa3bcc6,2021,Dalian,BYS,Marsh,55.7101842958333,spatial_unit,observed raw wetland area from authoritative panel
coastal-wetland-evidence-contract,1.0.0,a4cf9efdecf6735f87d398acc56604e66df26e62f1a2f1e96fafd7791aa3bcc6,2022,Dalian,BYS,Marsh,46.4987309384861,spatial_unit,observed raw wetland area from authoritative panel
coastal-wetland-evidence-contract,1.0.0,a4cf9efdecf6735f87d398acc56604e66df26e62f1a2f1e96fafd7791aa3bcc6,2001,Dandong,BYS,Marsh,88.9000456946291,spatial_unit,observed raw wetland area from authoritative panel
coastal-wetland-evidence-contract,1.0.0,a4cf9efdecf6735f87d398acc56604e66df26e62f1a2f1e96fafd7791aa3bcc6,2002,Dandong,BYS,Marsh,81.3095572060072,spatial_unit,observed raw wetland area from authoritative panel
coastal-wetland-evidence-contract,1.0.0,a4cf9efdecf6735f87d398acc56604e66df26e62f1a2f1e96fafd7791aa3bcc6,2003,Dandong,BYS,Marsh,81.471327610423,spatial_unit,observed raw wetland area from authoritative panel
coastal-wetland-evidence-contract,1.0.0,a4cf9efdecf6735f87d398acc56604e66df26e62f1a2f1e96fafd7791aa3bcc6,2004,Dandong,BYS,Marsh,67.1226306978232,spatial_unit,observed raw wetland area from authoritative panel
coastal-wetland-evidence-contract,1.0.0,a4cf9efdecf6735f87d398acc56604e66df26e62f1a2f1e96fafd7791aa3bcc6,2005,Dandong,BYS,Marsh,39.1724971471508,spatial_unit,observed raw wetland area from authoritative panel
coastal-wetland-evidence-contract,1.0.0,a4cf9efdecf6735f87d398acc56604e66df26e62f1a2f1e96fafd7791aa3bcc6,2006,Dandong,BYS,Marsh,38.0545067949851,spatial_unit,observed raw wetland area from authoritative panel
coastal-wetland-evidence-contract,1.0.0,a4cf9efdecf6735f87d398acc56604e66df26e62f1a2f1e96fafd7791aa3bcc6,2007,Dandong,BYS,Marsh,45.2038043569317,spatial_unit,observed raw wetland area from authoritative panel
coastal-wetland-evidence-contract,1.0.0,a4cf9efdecf6735f87d398acc56604e66df26e62f1a2f1e96fafd7791aa3bcc6,2008,Dandong,BYS,Marsh,69.3511053333947,spatial_unit,observed raw wetland area from authoritative panel
coastal-wetland-evidence-contract,1.0.0,a4cf9efdecf6735f87d398acc56604e66df26e62f1a2f1e96fafd7791aa3bcc6,2009,Dandong,BYS,Marsh,70.6359068662666,spatial_unit,observed raw wetland area from authoritative panel
coastal-wetland-evidence-contract,1.0.0,a4cf9efdecf6735f87d398acc56604e66df26e62f1a2f1e96fafd7791aa3bcc6,2010,Dandong,BYS,Marsh,72.2262452449641,spatial_unit,observed raw wetland area from authoritative panel
coastal-wetland-evidence-contract,1.0.0,a4cf9efdecf6735f87d398acc56604e66df26e62f1a2f1e96fafd7791aa3bcc6,2011,Dandong,BYS,Marsh,55.3982088102349,spatial_unit,observed raw wetland area from authoritative panel
coastal-wetland-evidence-contract,1.0.0,a4cf9efdecf6735f87d398acc56604e66df26e62f1a2f1e96fafd7791aa3bcc6,2012,Dandong,BYS,Marsh,55.4863730557541,spatial_unit,observed raw wetland area from authoritative panel
coastal-wetland-evidence-contract,1.0.0,a4cf9efdecf6735f87d398acc56604e66df26e62f1a2f1e96fafd7791aa3bcc6,2013,Dandong,BYS,Marsh,82.5115528938957,spatial_unit,observed raw wetland area from authoritative panel
coastal-wetland-evidence-contract,1.0.0,a4cf9efdecf6735f87d398acc56604e66df26e62f1a2f1e96fafd7791aa3bcc6,2014,Dandong,BYS,Marsh,103.281202992546,spatial_unit,observed raw wetland area from authoritative panel
coastal-wetland-evidence-contract,1.0.0,a4cf9efdecf6735f87d398acc56604e66df26e62f1a2f1e96fafd7791aa3bcc6,2015,Dandong,BYS,Marsh,99.2823843143196,spatial_unit,observed raw wetland area from authoritative panel
coastal-wetland-evidence-contract,1.0.0,a4cf9efdecf6735f87d398acc56604e66df26e62f1a2f1e96fafd7791aa3bcc6,2016,Dandong,BYS,Marsh,95.2786244899248,spatial_unit,observed raw wetland area from authoritative panel
coastal-wetland-evidence-contract,1.0.0,a4cf9efdecf6735f87d398acc56604e66df26e62f1a2f1e96fafd7791aa3bcc6,2017,Dandong,BYS,Marsh,91.4689082203704,spatial_unit,observed raw wetland area from authoritative panel
coastal-wetland-evidence-contract,1.0.0,a4cf9efdecf6735f87d398acc56604e66df26e62f1a2f1e96fafd7791aa3bcc6,2018,Dandong,BYS,Marsh,94.01466028832,spatial_unit,observed raw wetland area from authoritative panel
coastal-wetland-evidence-contract,1.0.0,a4cf9efdecf6735f87d398acc56604e66df26e62f1a2f1e96fafd7791aa3bcc6,2019,Dandong,BYS,Marsh,92.7477542212111,spatial_unit,observed raw wetland area from authoritative panel
coastal-wetland-evidence-contract,1.0.0,a4cf9efdecf6735f87d398acc56604e66df26e62f1a2f1e96fafd7791aa3bcc6,2020,Dandong,BYS,Marsh,87.6291756584122,spatial_unit,observed raw wetland area from authoritative panel
coastal-wetland-evidence-contract,1.0.0,a4cf9efdecf6735f87d398acc56604e66df26e62f1a2f1e96fafd7791aa3bcc6,2021,Dandong,BYS,Marsh,59.3932199006205,spatial_unit,observed raw wetland area from authoritative panel
coastal-wetland-evidence-contract,1.0.0,a4cf9efdecf6735f87d398acc56604e66df26e62f1a2f1e96fafd7791aa3bcc6,2022,Dandong,BYS,Marsh,38.6317056999273,spatial_unit,observed raw wetland area from authoritative panel
coastal-wetland-evidence-contract,1.0.0,a4cf9efdecf6735f87d398acc56604e66df26e62f1a2f1e96fafd7791aa3bcc6,2001,Dongying,BYS,Marsh,346.993444105758,spatial_unit,observed raw wetland area from authoritative panel
coastal-wetland-evidence-contract,1.0.0,a4cf9efdecf6735f87d398acc56604e66df26e62f1a2f1e96fafd7791aa3bcc6,2002,Dongying,BYS,Marsh,373.42983236213,spatial_unit,observed raw wetland area from authoritative panel
coastal-wetland-evidence-contract,1.0.0,a4cf9efdecf6735f87d398acc56604e66df26e62f1a2f1e96fafd7791aa3bcc6,2003,Dongying,BYS,Marsh,322.32452394713,spatial_unit,observed raw wetland area from authoritative panel
coastal-wetland-evidence-contract,1.0.0,a4cf9efdecf6735f87d398acc56604e66df26e62f1a2f1e96fafd7791aa3bcc6,2004,Dongying,BYS,Marsh,332.962732545175,spatial_unit,observed raw wetland area from authoritative panel
coastal-wetland-evidence-contract,1.0.0,a4cf9efdecf6735f87d398acc56604e66df26e62f1a2f1e96fafd7791aa3bcc6,2005,Dongying,BYS,Marsh,314.813701650122,spatial_unit,observed raw wetland area from authoritative panel
coastal-wetland-evidence-contract,1.0.0,a4cf9efdecf6735f87d398acc56604e66df26e62f1a2f1e96fafd7791aa3bcc6,2006,Dongying,BYS,Marsh,293.501140871321,spatial_unit,observed raw wetland area from authoritative panel
coastal-wetland-evidence-contract,1.0.0,a4cf9efdecf6735f87d398acc56604e66df26e62f1a2f1e96fafd7791aa3bcc6,2007,Dongying,BYS,Marsh,321.625270637122,spatial_unit,observed raw wetland area from authoritative panel
coastal-wetland-evidence-contract,1.0.0,a4cf9efdecf6735f87d398acc56604e66df26e62f1a2f1e96fafd7791aa3bcc6,2008,Dongying,BYS,Marsh,343.607741880281,spatial_unit,observed raw wetland area from authoritative panel
coastal-wetland-evidence-contract,1.0.0,a4cf9efdecf6735f87d398acc56604e66df26e62f1a2f1e96fafd7791aa3bcc6,2009,Dongying,BYS,Marsh,317.490960483002,spatial_unit,observed raw wetland area from authoritative panel
coastal-wetland-evidence-contract,1.0.0,a4cf9efdecf6735f87d398acc56604e66df26e62f1a2f1e96fafd7791aa3bcc6,2010,Dongying,BYS,Marsh,312.99083545016,spatial_unit,observed raw wetland area from authoritative panel
coastal-wetland-evidence-contract,1.0.0,a4cf9efdecf6735f87d398acc56604e66df26e62f1a2f1e96fafd7791aa3bcc6,2011,Dongying,BYS,Marsh,308.572479230918,spatial_unit,observed raw wetland area from authoritative panel
coastal-wetland-evidence-contract,1.0.0,a4cf9efdecf6735f87d398acc56604e66df26e62f1a2f1e96fafd7791aa3bcc6,2012,Dongying,BYS,Marsh,333.25617966127,spatial_unit,observed raw wetland area from authoritative panel
coastal-wetland-evidence-contract,1.0.0,a4cf9efdecf6735f87d398acc56604e66df26e62f1a2f1e96fafd7791aa3bcc6,2013,Dongying,BYS,Marsh,313.985357667372,spatial_unit,observed raw wetland area from authoritative panel
coastal-wetland-evidence-contract,1.0.0,a4cf9efdecf6735f87d398acc56604e66df26e62f1a2f1e96fafd7791aa3bcc6,2014,Dongying,BYS,Marsh,320.217684781464,spatial_unit,observed raw wetland area from authoritative panel
coastal-wetland-evidence-contract,1.0.0,a4cf9efdecf6735f87d398acc56604e66df26e62f1a2f1e96fafd7791aa3bcc6,2015,Dongying,BYS,Marsh,323.918951985055,spatial_unit,observed raw wetland area from authoritative panel
coastal-wetland-evidence-contract,1.0.0,a4cf9efdecf6735f87d398acc56604e66df26e62f1a2f1e96fafd7791aa3bcc6,2016,Dongying,BYS,Marsh,309.293721175035,spatial_unit,observed raw wetland area from authoritative panel
coastal-wetland-evidence-contract,1.0.0,a4cf9efdecf6735f87d398acc56604e66df26e62f1a2f1e96fafd7791aa3bcc6,2017,Dongying,BYS,Marsh,337.385095082714,spatial_unit,observed raw wetland area from authoritative panel
coastal-wetland-evidence-contract,1.0.0,a4cf9efdecf6735f87d398acc56604e66df26e62f1a2f1e96fafd7791aa3bcc6,2018,Dongying,BYS,Marsh,294.441067016054,spatial_unit,observed raw wetland area from authoritative panel
coastal-wetland-evidence-contract,1.0.0,a4cf9efdecf6735f87d398acc56604e66df26e62f1a2f1e96fafd7791aa3bcc6,2019,Dongying,BYS,Marsh,299.725650952362,spatial_unit,observed raw wetland area from authoritative panel
coastal-wetland-evidence-contract,1.0.0,a4cf9efdecf6735f87d398acc56604e66df26e62f1a2f1e96fafd7791aa3bcc6,2020,Dongying,BYS,Marsh,297.531433803425,spatial_unit,observed raw wetland area from authoritative panel
coastal-wetland-evidence-contract,1.0.0,a4cf9efdecf6735f87d398acc56604e66df26e62f1a2f1e96fafd7791aa3bcc6,2021,Dongying,BYS,Marsh,282.925041260713,spatial_unit,observed raw wetland area from authoritative panel
coastal-wetland-evidence-contract,1.0.0,a4cf9efdecf6735f87d398acc56604e66df26e62f1a2f1e96fafd7791aa3bcc6,2022,Dongying,BYS,Marsh,251.664115180491,spatial_unit,observed raw wetland area from authoritative panel
coastal-wetland-evidence-contract,1.0.0,a4cf9efdecf6735f87d398acc56604e66df26e62f1a2f1e96fafd7791aa3bcc6,2001,Huludao,BYS,Marsh,18.8028117154029,spatial_unit,observed raw wetland area from authoritative panel
coastal-wetland-evidence-contract,1.0.0,a4cf9efdecf6735f87d398acc56604e66df26e62f1a2f1e96fafd7791aa3bcc6,2002,Huludao,BYS,Marsh,17.4576639327857,spatial_unit,observed raw wetland area from authoritative panel
coastal-wetland-evidence-contract,1.0.0,a4cf9efdecf6735f87d398acc56604e66df26e62f1a2f1e96fafd7791aa3bcc6,2003,Huludao,BYS,Marsh,18.668763567626,spatial_unit,observed raw wetland area from authoritative panel
coastal-wetland-evidence-contract,1.0.0,a4cf9efdecf6735f87d398acc56604e66df26e62f1a2f1e96fafd7791aa3bcc6,2004,Huludao,BYS,Marsh,21.5813742678673,spatial_unit,observed raw wetland area from authoritative panel
coastal-wetland-evidence-contract,1.0.0,a4cf9efdecf6735f87d398acc56604e66df26e62f1a2f1e96fafd7791aa3bcc6,2005,Huludao,BYS,Marsh,21.0016487992762,spatial_unit,observed raw wetland area from authoritative panel
coastal-wetland-evidence-contract,1.0.0,a4cf9efdecf6735f87d398acc56604e66df26e62f1a2f1e96fafd7791aa3bcc6,2006,Huludao,BYS,Marsh,17.6267127292528,spatial_unit,observed raw wetland area from authoritative panel
coastal-wetland-evidence-contract,1.0.0,a4cf9efdecf6735f87d398acc56604e66df26e62f1a2f1e96fafd7791aa3bcc6,2007,Huludao,BYS,Marsh,19.1457332436485,spatial_unit,observed raw wetland area from authoritative panel
coastal-wetland-evidence-contract,1.0.0,a4cf9efdecf6735f87d398acc56604e66df26e62f1a2f1e96fafd7791aa3bcc6,2008,Huludao,BYS,Marsh,23.7784485313591,spatial_unit,observed raw wetland area from authoritative panel
coastal-wetland-evidence-contract,1.0.0,a4cf9efdecf6735f87d398acc56604e66df26e62f1a2f1e96fafd7791aa3bcc6,2009,Huludao,BYS,Marsh,25.1875766221737,spatial_unit,observed raw wetland area from authoritative panel
coastal-wetland-evidence-contract,1.0.0,a4cf9efdecf6735f87d398acc56604e66df26e62f1a2f1e96fafd7791aa3bcc6,2010,Huludao,BYS,Marsh,28.0625416944431,spatial_unit,observed raw wetland area from authoritative panel
coastal-wetland-evidence-contract,1.0.0,a4cf9efdecf6735f87d398acc56604e66df26e62f1a2f1e96fafd7791aa3bcc6,2011,Huludao,BYS,Marsh,25.2993404671473,spatial_unit,observed raw wetland area from authoritative panel
coastal-wetland-evidence-contract,1.0.0,a4cf9efdecf6735f87d398acc56604e66df26e62f1a2f1e96fafd7791aa3bcc6,2012,Huludao,BYS,Marsh,19.1298152172507,spatial_unit,observed raw wetland area from authoritative panel
coastal-wetland-evidence-contract,1.0.0,a4cf9efdecf6735f87d398acc56604e66df26e62f1a2f1e96fafd7791aa3bcc6,2013,Huludao,BYS,Marsh,24.5465033174039,spatial_unit,observed raw wetland area from authoritative panel
coastal-wetland-evidence-contract,1.0.0,a4cf9efdecf6735f87d398acc56604e66df26e62f1a2f1e96fafd7791aa3bcc6,2014,Huludao,BYS,Marsh,31.5333112066196,spatial_unit,observed raw wetland area from authoritative panel
coastal-wetland-evidence-contract,1.0.0,a4cf9efdecf6735f87d398acc56604e66df26e62f1a2f1e96fafd7791aa3bcc6,2015,Huludao,BYS,Marsh,32.8738509544214,spatial_unit,observed raw wetland area from authoritative panel
coastal-wetland-evidence-contract,1.0.0,a4cf9efdecf6735f87d398acc56604e66df26e62f1a2f1e96fafd7791aa3bcc6,2016,Huludao,BYS,Marsh,32.2067879302179,spatial_unit,observed raw wetland area from authoritative panel
coastal-wetland-evidence-contract,1.0.0,a4cf9efdecf6735f87d398acc56604e66df26e62f1a2f1e96fafd7791aa3bcc6,2017,Huludao,BYS,Marsh,22.0979903195504,spatial_unit,observed raw wetland area from authoritative panel
coastal-wetland-evidence-contract,1.0.0,a4cf9efdecf6735f87d398acc56604e66df26e62f1a2f1e96fafd7791aa3bcc6,2018,Huludao,BYS,Marsh,20.1594432708793,spatial_unit,observed raw wetland area from authoritative panel
coastal-wetland-evidence-contract,1.0.0,a4cf9efdecf6735f87d398acc56604e66df26e62f1a2f1e96fafd7791aa3bcc6,2019,Huludao,BYS,Marsh,21.5360906837335,spatial_unit,observed raw wetland area from authoritative panel
coastal-wetland-evidence-contract,1.0.0,a4cf9efdecf6735f87d398acc56604e66df26e62f1a2f1e96fafd7791aa3bcc6,2020,Huludao,BYS,Marsh,21.8631216949927,spatial_unit,observed raw wetland area from authoritative panel
coastal-wetland-evidence-contract,1.0.0,a4cf9efdecf6735f87d398acc56604e66df26e62f1a2f1e96fafd7791aa3bcc6,2021,Huludao,BYS,Marsh,18.5818751669194,spatial_unit,observed raw wetland area from authoritative panel
coastal-wetland-evidence-contract,1.0.0,a4cf9efdecf6735f87d398acc56604e66df26e62f1a2f1e96fafd7791aa3bcc6,2022,Huludao,BYS,Marsh,18.4776913500134,spatial_unit,observed raw wetland area from authoritative panel
coastal-wetland-evidence-contract,1.0.0,a4cf9efdecf6735f87d398acc56604e66df26e62f1a2f1e96fafd7791aa3bcc6,2001,Jinzhou,BYS,Marsh,112.327777182538,spatial_unit,observed raw wetland area from authoritative panel
coastal-wetland-evidence-contract,1.0.0,a4cf9efdecf6735f87d398acc56604e66df26e62f1a2f1e96fafd7791aa3bcc6,2002,Jinzhou,BYS,Marsh,110.007690181638,spatial_unit,observed raw wetland area from authoritative panel
coastal-wetland-evidence-contract,1.0.0,a4cf9efdecf6735f87d398acc56604e66df26e62f1a2f1e96fafd7791aa3bcc6,2003,Jinzhou,BYS,Marsh,110.871653010585,spatial_unit,observed raw wetland area from authoritative panel
coastal-wetland-evidence-contract,1.0.0,a4cf9efdecf6735f87d398acc56604e66df26e62f1a2f1e96fafd7791aa3bcc6,2004,Jinzhou,BYS,Marsh,118.585167329316,spatial_unit,observed raw wetland area from authoritative panel
coastal-wetland-evidence-contract,1.0.0,a4cf9efdecf6735f87d398acc56604e66df26e62f1a2f1e96fafd7791aa3bcc6,2005,Jinzhou,BYS,Marsh,118.803800519046,spatial_unit,observed raw wetland area from authoritative panel
coastal-wetland-evidence-contract,1.0.0,a4cf9efdecf6735f87d398acc56604e66df26e62f1a2f1e96fafd7791aa3bcc6,2006,Jinzhou,BYS,Marsh,117.002629442336,spatial_unit,observed raw wetland area from authoritative panel
coastal-wetland-evidence-contract,1.0.0,a4cf9efdecf6735f87d398acc56604e66df26e62f1a2f1e96fafd7791aa3bcc6,2007,Jinzhou,BYS,Marsh,120.930382285152,spatial_unit,observed raw wetland area from authoritative panel
coastal-wetland-evidence-contract,1.0.0,a4cf9efdecf6735f87d398acc56604e66df26e62f1a2f1e96fafd7791aa3bcc6,2008,Jinzhou,BYS,Marsh,119.570257135019,spatial_unit,observed raw wetland area from authoritative panel
coastal-wetland-evidence-contract,1.0.0,a4cf9efdecf6735f87d398acc56604e66df26e62f1a2f1e96fafd7791aa3bcc6,2009,Jinzhou,BYS,Marsh,119.577457417029,spatial_unit,observed raw wetland area from authoritative panel
coastal-wetland-evidence-contract,1.0.0,a4cf9efdecf6735f87d398acc56604e66df26e62f1a2f1e96fafd7791aa3bcc6,2010,Jinzhou,BYS,Marsh,109.802305363444,spatial_unit,observed raw wetland area from authoritative panel
coastal-wetland-evidence-contract,1.0.0,a4cf9efdecf6735f87d398acc56604e66df26e62f1a2f1e96fafd7791aa3bcc6,2011,Jinzhou,BYS,Marsh,107.822788547675,spatial_unit,observed raw wetland area from authoritative panel
coastal-wetland-evidence-contract,1.0.0,a4cf9efdecf6735f87d398acc56604e66df26e62f1a2f1e96fafd7791aa3bcc6,2012,Jinzhou,BYS,Marsh,101.060741454134,spatial_unit,observed raw wetland area from authoritative panel
coastal-wetland-evidence-contract,1.0.0,a4cf9efdecf6735f87d398acc56604e66df26e62f1a2f1e96fafd7791aa3bcc6,2013,Jinzhou,BYS,Marsh,106.661033648636,spatial_unit,observed raw wetland area from authoritative panel
coastal-wetland-evidence-contract,1.0.0,a4cf9efdecf6735f87d398acc56604e66df26e62f1a2f1e96fafd7791aa3bcc6,2014,Jinzhou,BYS,Marsh,107.720776301842,spatial_unit,observed raw wetland area from authoritative panel
coastal-wetland-evidence-contract,1.0.0,a4cf9efdecf6735f87d398acc56604e66df26e62f1a2f1e96fafd7791aa3bcc6,2015,Jinzhou,BYS,Marsh,114.194988302549,spatial_unit,observed raw wetland area from authoritative panel
coastal-wetland-evidence-contract,1.0.0,a4cf9efdecf6735f87d398acc56604e66df26e62f1a2f1e96fafd7791aa3bcc6,2016,Jinzhou,BYS,Marsh,105.425870011959,spatial_unit,observed raw wetland area from authoritative panel
coastal-wetland-evidence-contract,1.0.0,a4cf9efdecf6735f87d398acc56604e66df26e62f1a2f1e96fafd7791aa3bcc6,2017,Jinzhou,BYS,Marsh,95.8072360773456,spatial_unit,observed raw wetland area from authoritative panel
coastal-wetland-evidence-contract,1.0.0,a4cf9efdecf6735f87d398acc56604e66df26e62f1a2f1e96fafd7791aa3bcc6,2018,Jinzhou,BYS,Marsh,88.6980335721525,spatial_unit,observed raw wetland area from authoritative panel
coastal-wetland-evidence-contract,1.0.0,a4cf9efdecf6735f87d398acc56604e66df26e62f1a2f1e96fafd7791aa3bcc6,2019,Jinzhou,BYS,Marsh,89.8707041803115,spatial_unit,observed raw wetland area from authoritative panel
coastal-wetland-evidence-contract,1.0.0,a4cf9efdecf6735f87d398acc56604e66df26e62f1a2f1e96fafd7791aa3bcc6,2020,Jinzhou,BYS,Marsh,92.1767403185104,spatial_unit,observed raw wetland area from authoritative panel
coastal-wetland-evidence-contract,1.0.0,a4cf9efdecf6735f87d398acc56604e66df26e62f1a2f1e96fafd7791aa3bcc6,2021,Jinzhou,BYS,Marsh,90.4419277814564,spatial_unit,observed raw wetland area from authoritative panel
coastal-wetland-evidence-contract,1.0.0,a4cf9efdecf6735f87d398acc56604e66df26e62f1a2f1e96fafd7791aa3bcc6,2022,Jinzhou,BYS,Marsh,85.8211012734009,spatial_unit,observed raw wetland area from authoritative panel
coastal-wetland-evidence-contract,1.0.0,a4cf9efdecf6735f87d398acc56604e66df26e62f1a2f1e96fafd7791aa3bcc6,2001,Panjin,BYS,Marsh,731.908051866872,spatial_unit,observed raw wetland area from authoritative panel
coastal-wetland-evidence-contract,1.0.0,a4cf9efdecf6735f87d398acc56604e66df26e62f1a2f1e96fafd7791aa3bcc6,2002,Panjin,BYS,Marsh,720.492281902843,spatial_unit,observed raw wetland area from authoritative panel
coastal-wetland-evidence-contract,1.0.0,a4cf9efdecf6735f87d398acc56604e66df26e62f1a2f1e96fafd7791aa3bcc6,2003,Panjin,BYS,Marsh,690.713551382546,spatial_unit,observed raw wetland area from authoritative panel
coastal-wetland-evidence-contract,1.0.0,a4cf9efdecf6735f87d398acc56604e66df26e62f1a2f1e96fafd7791aa3bcc6,2004,Panjin,BYS,Marsh,694.499330417776,spatial_unit,observed raw wetland area from authoritative panel
coastal-wetland-evidence-contract,1.0.0,a4cf9efdecf6735f87d398acc56604e66df26e62f1a2f1e96fafd7791aa3bcc6,2005,Panjin,BYS,Marsh,694.183834435983,spatial_unit,observed raw wetland area from authoritative panel
coastal-wetland-evidence-contract,1.0.0,a4cf9efdecf6735f87d398acc56604e66df26e62f1a2f1e96fafd7791aa3bcc6,2006,Panjin,BYS,Marsh,705.874283276222,spatial_unit,observed raw wetland area from authoritative panel
coastal-wetland-evidence-contract,1.0.0,a4cf9efdecf6735f87d398acc56604e66df26e62f1a2f1e96fafd7791aa3bcc6,2007,Panjin,BYS,Marsh,728.644974184144,spatial_unit,observed raw wetland area from authoritative panel
coastal-wetland-evidence-contract,1.0.0,a4cf9efdecf6735f87d398acc56604e66df26e62f1a2f1e96fafd7791aa3bcc6,2008,Panjin,BYS,Marsh,724.410520981345,spatial_unit,observed raw wetland area from authoritative panel
coastal-wetland-evidence-contract,1.0.0,a4cf9efdecf6735f87d398acc56604e66df26e62f1a2f1e96fafd7791aa3bcc6,2009,Panjin,BYS,Marsh,731.67014537974,spatial_unit,observed raw wetland area from authoritative panel
coastal-wetland-evidence-contract,1.0.0,a4cf9efdecf6735f87d398acc56604e66df26e62f1a2f1e96fafd7791aa3bcc6,2010,Panjin,BYS,Marsh,714.58538777266,spatial_unit,observed raw wetland area from authoritative panel
coastal-wetland-evidence-contract,1.0.0,a4cf9efdecf6735f87d398acc56604e66df26e62f1a2f1e96fafd7791aa3bcc6,2011,Panjin,BYS,Marsh,685.630192608096,spatial_unit,observed raw wetland area from authoritative panel
coastal-wetland-evidence-contract,1.0.0,a4cf9efdecf6735f87d398acc56604e66df26e62f1a2f1e96fafd7791aa3bcc6,2012,Panjin,BYS,Marsh,684.861718472853,spatial_unit,observed raw wetland area from authoritative panel
coastal-wetland-evidence-contract,1.0.0,a4cf9efdecf6735f87d398acc56604e66df26e62f1a2f1e96fafd7791aa3bcc6,2013,Panjin,BYS,Marsh,710.269088065078,spatial_unit,observed raw wetland area from authoritative panel
coastal-wetland-evidence-contract,1.0.0,a4cf9efdecf6735f87d398acc56604e66df26e62f1a2f1e96fafd7791aa3bcc6,2014,Panjin,BYS,Marsh,723.613726701037,spatial_unit,observed raw wetland area from authoritative panel
coastal-wetland-evidence-contract,1.0.0,a4cf9efdecf6735f87d398acc56604e66df26e62f1a2f1e96fafd7791aa3bcc6,2015,Panjin,BYS,Marsh,724.894112415514,spatial_unit,observed raw wetland area from authoritative panel
coastal-wetland-evidence-contract,1.0.0,a4cf9efdecf6735f87d398acc56604e66df26e62f1a2f1e96fafd7791aa3bcc6,2016,Panjin,BYS,Marsh,703.3705034455,spatial_unit,observed raw wetland area from authoritative panel
coastal-wetland-evidence-contract,1.0.0,a4cf9efdecf6735f87d398acc56604e66df26e62f1a2f1e96fafd7791aa3bcc6,2017,Panjin,BYS,Marsh,691.558845487545,spatial_unit,observed raw wetland area from authoritative panel
coastal-wetland-evidence-contract,1.0.0,a4cf9efdecf6735f87d398acc56604e66df26e62f1a2f1e96fafd7791aa3bcc6,2018,Panjin,BYS,Marsh,677.9806977667,spatial_unit,observed raw wetland area from authoritative panel
coastal-wetland-evidence-contract,1.0.0,a4cf9efdecf6735f87d398acc56604e66df26e62f1a2f1e96fafd7791aa3bcc6,2019,Panjin,BYS,Marsh,676.862696062619,spatial_unit,observed raw wetland area from authoritative panel
coastal-wetland-evidence-contract,1.0.0,a4cf9efdecf6735f87d398acc56604e66df26e62f1a2f1e96fafd7791aa3bcc6,2020,Panjin,BYS,Marsh,677.579898841292,spatial_unit,observed raw wetland area from authoritative panel
coastal-wetland-evidence-contract,1.0.0,a4cf9efdecf6735f87d398acc56604e66df26e62f1a2f1e96fafd7791aa3bcc6,2021,Panjin,BYS,Marsh,660.360430651121,spatial_unit,observed raw wetland area from authoritative panel
coastal-wetland-evidence-contract,1.0.0,a4cf9efdecf6735f87d398acc56604e66df26e62f1a2f1e96fafd7791aa3bcc6,2022,Panjin,BYS,Marsh,659.822272688242,spatial_unit,observed raw wetland area from authoritative panel
coastal-wetland-evidence-contract,1.0.0,a4cf9efdecf6735f87d398acc56604e66df26e62f1a2f1e96fafd7791aa3bcc6,2001,Qingdao,BYS,Marsh,57.9116203776616,spatial_unit,observed raw wetland area from authoritative panel
coastal-wetland-evidence-contract,1.0.0,a4cf9efdecf6735f87d398acc56604e66df26e62f1a2f1e96fafd7791aa3bcc6,2002,Qingdao,BYS,Marsh,51.6534603533031,spatial_unit,observed raw wetland area from authoritative panel
coastal-wetland-evidence-contract,1.0.0,a4cf9efdecf6735f87d398acc56604e66df26e62f1a2f1e96fafd7791aa3bcc6,2003,Qingdao,BYS,Marsh,28.3922230028053,spatial_unit,observed raw wetland area from authoritative panel
coastal-wetland-evidence-contract,1.0.0,a4cf9efdecf6735f87d398acc56604e66df26e62f1a2f1e96fafd7791aa3bcc6,2004,Qingdao,BYS,Marsh,33.3587483817325,spatial_unit,observed raw wetland area from authoritative panel
coastal-wetland-evidence-contract,1.0.0,a4cf9efdecf6735f87d398acc56604e66df26e62f1a2f1e96fafd7791aa3bcc6,2005,Qingdao,BYS,Marsh,45.0780346079598,spatial_unit,observed raw wetland area from authoritative panel
coastal-wetland-evidence-contract,1.0.0,a4cf9efdecf6735f87d398acc56604e66df26e62f1a2f1e96fafd7791aa3bcc6,2006,Qingdao,BYS,Marsh,53.5644530775025,spatial_unit,observed raw wetland area from authoritative panel
coastal-wetland-evidence-contract,1.0.0,a4cf9efdecf6735f87d398acc56604e66df26e62f1a2f1e96fafd7791aa3bcc6,2007,Qingdao,BYS,Marsh,45.3077494191157,spatial_unit,observed raw wetland area from authoritative panel
coastal-wetland-evidence-contract,1.0.0,a4cf9efdecf6735f87d398acc56604e66df26e62f1a2f1e96fafd7791aa3bcc6,2008,Qingdao,BYS,Marsh,47.4764826286764,spatial_unit,observed raw wetland area from authoritative panel
coastal-wetland-evidence-contract,1.0.0,a4cf9efdecf6735f87d398acc56604e66df26e62f1a2f1e96fafd7791aa3bcc6,2009,Qingdao,BYS,Marsh,43.9040052122031,spatial_unit,observed raw wetland area from authoritative panel
coastal-wetland-evidence-contract,1.0.0,a4cf9efdecf6735f87d398acc56604e66df26e62f1a2f1e96fafd7791aa3bcc6,2010,Qingdao,BYS,Marsh,49.3521799690544,spatial_unit,observed raw wetland area from authoritative panel
coastal-wetland-evidence-contract,1.0.0,a4cf9efdecf6735f87d398acc56604e66df26e62f1a2f1e96fafd7791aa3bcc6,2011,Qingdao,BYS,Marsh,45.9811313408298,spatial_unit,observed raw wetland area from authoritative panel
coastal-wetland-evidence-contract,1.0.0,a4cf9efdecf6735f87d398acc56604e66df26e62f1a2f1e96fafd7791aa3bcc6,2012,Qingdao,BYS,Marsh,59.3583655342868,spatial_unit,observed raw wetland area from authoritative panel
coastal-wetland-evidence-contract,1.0.0,a4cf9efdecf6735f87d398acc56604e66df26e62f1a2f1e96fafd7791aa3bcc6,2013,Qingdao,BYS,Marsh,72.5175387763536,spatial_unit,observed raw wetland area from authoritative panel
coastal-wetland-evidence-contract,1.0.0,a4cf9efdecf6735f87d398acc56604e66df26e62f1a2f1e96fafd7791aa3bcc6,2014,Qingdao,BYS,Marsh,100.880602108358,spatial_unit,observed raw wetland area from authoritative panel
coastal-wetland-evidence-contract,1.0.0,a4cf9efdecf6735f87d398acc56604e66df26e62f1a2f1e96fafd7791aa3bcc6,2015,Qingdao,BYS,Marsh,116.370389505907,spatial_unit,observed raw wetland area from authoritative panel
coastal-wetland-evidence-contract,1.0.0,a4cf9efdecf6735f87d398acc56604e66df26e62f1a2f1e96fafd7791aa3bcc6,2016,Qingdao,BYS,Marsh,103.476144749207,spatial_unit,observed raw wetland area from authoritative panel
coastal-wetland-evidence-contract,1.0.0,a4cf9efdecf6735f87d398acc56604e66df26e62f1a2f1e96fafd7791aa3bcc6,2017,Qingdao,BYS,Marsh,101.572207807391,spatial_unit,observed raw wetland area from authoritative panel
coastal-wetland-evidence-contract,1.0.0,a4cf9efdecf6735f87d398acc56604e66df26e62f1a2f1e96fafd7791aa3bcc6,2018,Qingdao,BYS,Marsh,99.2173089229682,spatial_unit,observed raw wetland area from authoritative panel
coastal-wetland-evidence-contract,1.0.0,a4cf9efdecf6735f87d398acc56604e66df26e62f1a2f1e96fafd7791aa3bcc6,2019,Qingdao,BYS,Marsh,74.5178283169977,spatial_unit,observed raw wetland area from authoritative panel
coastal-wetland-evidence-contract,1.0.0,a4cf9efdecf6735f87d398acc56604e66df26e62f1a2f1e96fafd7791aa3bcc6,2020,Qingdao,BYS,Marsh,75.4847938186501,spatial_unit,observed raw wetland area from authoritative panel
coastal-wetland-evidence-contract,1.0.0,a4cf9efdecf6735f87d398acc56604e66df26e62f1a2f1e96fafd7791aa3bcc6,2021,Qingdao,BYS,Marsh,84.7960973104855,spatial_unit,observed raw wetland area from authoritative panel
coastal-wetland-evidence-contract,1.0.0,a4cf9efdecf6735f87d398acc56604e66df26e62f1a2f1e96fafd7791aa3bcc6,2022,Qingdao,BYS,Marsh,58.025701081338,spatial_unit,observed raw wetland area from authoritative panel
coastal-wetland-evidence-contract,1.0.0,a4cf9efdecf6735f87d398acc56604e66df26e62f1a2f1e96fafd7791aa3bcc6,2001,Qinhuangdao,BYS,Marsh,34.6826121932845,spatial_unit,observed raw wetland area from authoritative panel
coastal-wetland-evidence-contract,1.0.0,a4cf9efdecf6735f87d398acc56604e66df26e62f1a2f1e96fafd7791aa3bcc6,2002,Qinhuangdao,BYS,Marsh,34.5096193917718,spatial_unit,observed raw wetland area from authoritative panel
coastal-wetland-evidence-contract,1.0.0,a4cf9efdecf6735f87d398acc56604e66df26e62f1a2f1e96fafd7791aa3bcc6,2003,Qinhuangdao,BYS,Marsh,34.9500843109277,spatial_unit,observed raw wetland area from authoritative panel
coastal-wetland-evidence-contract,1.0.0,a4cf9efdecf6735f87d398acc56604e66df26e62f1a2f1e96fafd7791aa3bcc6,2004,Qinhuangdao,BYS,Marsh,38.0090656434108,spatial_unit,observed raw wetland area from authoritative panel
coastal-wetland-evidence-contract,1.0.0,a4cf9efdecf6735f87d398acc56604e66df26e62f1a2f1e96fafd7791aa3bcc6,2005,Qinhuangdao,BYS,Marsh,35.7473859361557,spatial_unit,observed raw wetland area from authoritative panel
coastal-wetland-evidence-contract,1.0.0,a4cf9efdecf6735f87d398acc56604e66df26e62f1a2f1e96fafd7791aa3bcc6,2006,Qinhuangdao,BYS,Marsh,31.8563321528798,spatial_unit,observed raw wetland area from authoritative panel
coastal-wetland-evidence-contract,1.0.0,a4cf9efdecf6735f87d398acc56604e66df26e62f1a2f1e96fafd7791aa3bcc6,2007,Qinhuangdao,BYS,Marsh,34.4073666001359,spatial_unit,observed raw wetland area from authoritative panel
coastal-wetland-evidence-contract,1.0.0,a4cf9efdecf6735f87d398acc56604e66df26e62f1a2f1e96fafd7791aa3bcc6,2008,Qinhuangdao,BYS,Marsh,35.5039982493527,spatial_unit,observed raw wetland area from authoritative panel
coastal-wetland-evidence-contract,1.0.0,a4cf9efdecf6735f87d398acc56604e66df26e62f1a2f1e96fafd7791aa3bcc6,2009,Qinhuangdao,BYS,Marsh,43.8608018584365,spatial_unit,observed raw wetland area from authoritative panel
coastal-wetland-evidence-contract,1.0.0,a4cf9efdecf6735f87d398acc56604e66df26e62f1a2f1e96fafd7791aa3bcc6,2010,Qinhuangdao,BYS,Marsh,45.315792873893,spatial_unit,observed raw wetland area from authoritative panel
coastal-wetland-evidence-contract,1.0.0,a4cf9efdecf6735f87d398acc56604e66df26e62f1a2f1e96fafd7791aa3bcc6,2011,Qinhuangdao,BYS,Marsh,45.0774015730907,spatial_unit,observed raw wetland area from authoritative panel
coastal-wetland-evidence-contract,1.0.0,a4cf9efdecf6735f87d398acc56604e66df26e62f1a2f1e96fafd7791aa3bcc6,2012,Qinhuangdao,BYS,Marsh,34.9587232928061,spatial_unit,observed raw wetland area from authoritative panel
coastal-wetland-evidence-contract,1.0.0,a4cf9efdecf6735f87d398acc56604e66df26e62f1a2f1e96fafd7791aa3bcc6,2013,Qinhuangdao,BYS,Marsh,42.4456563620767,spatial_unit,observed raw wetland area from authoritative panel
coastal-wetland-evidence-contract,1.0.0,a4cf9efdecf6735f87d398acc56604e66df26e62f1a2f1e96fafd7791aa3bcc6,2014,Qinhuangdao,BYS,Marsh,50.2427312470394,spatial_unit,observed raw wetland area from authoritative panel
coastal-wetland-evidence-contract,1.0.0,a4cf9efdecf6735f87d398acc56604e66df26e62f1a2f1e96fafd7791aa3bcc6,2015,Qinhuangdao,BYS,Marsh,52.1889526564469,spatial_unit,observed raw wetland area from authoritative panel
coastal-wetland-evidence-contract,1.0.0,a4cf9efdecf6735f87d398acc56604e66df26e62f1a2f1e96fafd7791aa3bcc6,2016,Qinhuangdao,BYS,Marsh,51.8960772201935,spatial_unit,observed raw wetland area from authoritative panel
coastal-wetland-evidence-contract,1.0.0,a4cf9efdecf6735f87d398acc56604e66df26e62f1a2f1e96fafd7791aa3bcc6,2017,Qinhuangdao,BYS,Marsh,40.0561059697303,spatial_unit,observed raw wetland area from authoritative panel
coastal-wetland-evidence-contract,1.0.0,a4cf9efdecf6735f87d398acc56604e66df26e62f1a2f1e96fafd7791aa3bcc6,2018,Qinhuangdao,BYS,Marsh,35.2481651906786,spatial_unit,observed raw wetland area from authoritative panel
coastal-wetland-evidence-contract,1.0.0,a4cf9efdecf6735f87d398acc56604e66df26e62f1a2f1e96fafd7791aa3bcc6,2019,Qinhuangdao,BYS,Marsh,42.3193878256126,spatial_unit,observed raw wetland area from authoritative panel
coastal-wetland-evidence-contract,1.0.0,a4cf9efdecf6735f87d398acc56604e66df26e62f1a2f1e96fafd7791aa3bcc6,2020,Qinhuangdao,BYS,Marsh,43.4630994636756,spatial_unit,observed raw wetland area from authoritative panel
coastal-wetland-evidence-contract,1.0.0,a4cf9efdecf6735f87d398acc56604e66df26e62f1a2f1e96fafd7791aa3bcc6,2021,Qinhuangdao,BYS,Marsh,41.2365916571823,spatial_unit,observed raw wetland area from authoritative panel
coastal-wetland-evidence-contract,1.0.0,a4cf9efdecf6735f87d398acc56604e66df26e62f1a2f1e96fafd7791aa3bcc6,2022,Qinhuangdao,BYS,Marsh,34.6584301460017,spatial_unit,observed raw wetland area from authoritative panel
coastal-wetland-evidence-contract,1.0.0,a4cf9efdecf6735f87d398acc56604e66df26e62f1a2f1e96fafd7791aa3bcc6,2001,Rizhao,BYS,Marsh,49.6375583521636,spatial_unit,observed raw wetland area from authoritative panel
coastal-wetland-evidence-contract,1.0.0,a4cf9efdecf6735f87d398acc56604e66df26e62f1a2f1e96fafd7791aa3bcc6,2002,Rizhao,BYS,Marsh,59.5206211923367,spatial_unit,observed raw wetland area from authoritative panel
coastal-wetland-evidence-contract,1.0.0,a4cf9efdecf6735f87d398acc56604e66df26e62f1a2f1e96fafd7791aa3bcc6,2003,Rizhao,BYS,Marsh,58.711069050042,spatial_unit,observed raw wetland area from authoritative panel
coastal-wetland-evidence-contract,1.0.0,a4cf9efdecf6735f87d398acc56604e66df26e62f1a2f1e96fafd7791aa3bcc6,2004,Rizhao,BYS,Marsh,42.789081277026,spatial_unit,observed raw wetland area from authoritative panel
coastal-wetland-evidence-contract,1.0.0,a4cf9efdecf6735f87d398acc56604e66df26e62f1a2f1e96fafd7791aa3bcc6,2005,Rizhao,BYS,Marsh,30.7807552518037,spatial_unit,observed raw wetland area from authoritative panel
coastal-wetland-evidence-contract,1.0.0,a4cf9efdecf6735f87d398acc56604e66df26e62f1a2f1e96fafd7791aa3bcc6,2006,Rizhao,BYS,Marsh,37.0082927431889,spatial_unit,observed raw wetland area from authoritative panel
coastal-wetland-evidence-contract,1.0.0,a4cf9efdecf6735f87d398acc56604e66df26e62f1a2f1e96fafd7791aa3bcc6,2007,Rizhao,BYS,Marsh,33.4685500724743,spatial_unit,observed raw wetland area from authoritative panel
coastal-wetland-evidence-contract,1.0.0,a4cf9efdecf6735f87d398acc56604e66df26e62f1a2f1e96fafd7791aa3bcc6,2008,Rizhao,BYS,Marsh,37.1432427254557,spatial_unit,observed raw wetland area from authoritative panel
coastal-wetland-evidence-contract,1.0.0,a4cf9efdecf6735f87d398acc56604e66df26e62f1a2f1e96fafd7791aa3bcc6,2009,Rizhao,BYS,Marsh,41.9641424104186,spatial_unit,observed raw wetland area from authoritative panel
coastal-wetland-evidence-contract,1.0.0,a4cf9efdecf6735f87d398acc56604e66df26e62f1a2f1e96fafd7791aa3bcc6,2010,Rizhao,BYS,Marsh,45.7113602656729,spatial_unit,observed raw wetland area from authoritative panel
coastal-wetland-evidence-contract,1.0.0,a4cf9efdecf6735f87d398acc56604e66df26e62f1a2f1e96fafd7791aa3bcc6,2011,Rizhao,BYS,Marsh,42.8419860739508,spatial_unit,observed raw wetland area from authoritative panel
coastal-wetland-evidence-contract,1.0.0,a4cf9efdecf6735f87d398acc56604e66df26e62f1a2f1e96fafd7791aa3bcc6,2012,Rizhao,BYS,Marsh,42.6457034152515,spatial_unit,observed raw wetland area from authoritative panel
coastal-wetland-evidence-contract,1.0.0,a4cf9efdecf6735f87d398acc56604e66df26e62f1a2f1e96fafd7791aa3bcc6,2013,Rizhao,BYS,Marsh,54.1117900626989,spatial_unit,observed raw wetland area from authoritative panel
coastal-wetland-evidence-contract,1.0.0,a4cf9efdecf6735f87d398acc56604e66df26e62f1a2f1e96fafd7791aa3bcc6,2014,Rizhao,BYS,Marsh,66.3216508151693,spatial_unit,observed raw wetland area from authoritative panel
coastal-wetland-evidence-contract,1.0.0,a4cf9efdecf6735f87d398acc56604e66df26e62f1a2f1e96fafd7791aa3bcc6,2015,Rizhao,BYS,Marsh,59.0639338160022,spatial_unit,observed raw wetland area from authoritative panel
coastal-wetland-evidence-contract,1.0.0,a4cf9efdecf6735f87d398acc56604e66df26e62f1a2f1e96fafd7791aa3bcc6,2016,Rizhao,BYS,Marsh,58.9357879355143,spatial_unit,observed raw wetland area from authoritative panel
coastal-wetland-evidence-contract,1.0.0,a4cf9efdecf6735f87d398acc56604e66df26e62f1a2f1e96fafd7791aa3bcc6,2017,Rizhao,BYS,Marsh,53.9847086661092,spatial_unit,observed raw wetland area from authoritative panel
coastal-wetland-evidence-contract,1.0.0,a4cf9efdecf6735f87d398acc56604e66df26e62f1a2f1e96fafd7791aa3bcc6,2018,Rizhao,BYS,Marsh,38.9788301720512,spatial_unit,observed raw wetland area from authoritative panel
coastal-wetland-evidence-contract,1.0.0,a4cf9efdecf6735f87d398acc56604e66df26e62f1a2f1e96fafd7791aa3bcc6,2019,Rizhao,BYS,Marsh,34.3313359762369,spatial_unit,observed raw wetland area from authoritative panel
coastal-wetland-evidence-contract,1.0.0,a4cf9efdecf6735f87d398acc56604e66df26e62f1a2f1e96fafd7791aa3bcc6,2020,Rizhao,BYS,Marsh,29.6274998492762,spatial_unit,observed raw wetland area from authoritative panel
coastal-wetland-evidence-contract,1.0.0,a4cf9efdecf6735f87d398acc56604e66df26e62f1a2f1e96fafd7791aa3bcc6,2021,Rizhao,BYS,Marsh,28.6650205366153,spatial_unit,observed raw wetland area from authoritative panel
coastal-wetland-evidence-contract,1.0.0,a4cf9efdecf6735f87d398acc56604e66df26e62f1a2f1e96fafd7791aa3bcc6,2022,Rizhao,BYS,Marsh,23.2136566216471,spatial_unit,observed raw wetland area from authoritative panel
coastal-wetland-evidence-contract,1.0.0,a4cf9efdecf6735f87d398acc56604e66df26e62f1a2f1e96fafd7791aa3bcc6,2001,Tangshan,BYS,Marsh,380.439726880911,spatial_unit,observed raw wetland area from authoritative panel
coastal-wetland-evidence-contract,1.0.0,a4cf9efdecf6735f87d398acc56604e66df26e62f1a2f1e96fafd7791aa3bcc6,2002,Tangshan,BYS,Marsh,353.407087062862,spatial_unit,observed raw wetland area from authoritative panel
coastal-wetland-evidence-contract,1.0.0,a4cf9efdecf6735f87d398acc56604e66df26e62f1a2f1e96fafd7791aa3bcc6,2003,Tangshan,BYS,Marsh,310.113012438446,spatial_unit,observed raw wetland area from authoritative panel
coastal-wetland-evidence-contract,1.0.0,a4cf9efdecf6735f87d398acc56604e66df26e62f1a2f1e96fafd7791aa3bcc6,2004,Tangshan,BYS,Marsh,320.726867178015,spatial_unit,observed raw wetland area from authoritative panel
coastal-wetland-evidence-contract,1.0.0,a4cf9efdecf6735f87d398acc56604e66df26e62f1a2f1e96fafd7791aa3bcc6,2005,Tangshan,BYS,Marsh,318.570070285626,spatial_unit,observed raw wetland area from authoritative panel
coastal-wetland-evidence-contract,1.0.0,a4cf9efdecf6735f87d398acc56604e66df26e62f1a2f1e96fafd7791aa3bcc6,2006,Tangshan,BYS,Marsh,324.985677250992,spatial_unit,observed raw wetland area from authoritative panel
coastal-wetland-evidence-contract,1.0.0,a4cf9efdecf6735f87d398acc56604e66df26e62f1a2f1e96fafd7791aa3bcc6,2007,Tangshan,BYS,Marsh,320.850725687414,spatial_unit,observed raw wetland area from authoritative panel
coastal-wetland-evidence-contract,1.0.0,a4cf9efdecf6735f87d398acc56604e66df26e62f1a2f1e96fafd7791aa3bcc6,2008,Tangshan,BYS,Marsh,332.916792148458,spatial_unit,observed raw wetland area from authoritative panel
coastal-wetland-evidence-contract,1.0.0,a4cf9efdecf6735f87d398acc56604e66df26e62f1a2f1e96fafd7791aa3bcc6,2009,Tangshan,BYS,Marsh,319.071545154,spatial_unit,observed raw wetland area from authoritative panel
coastal-wetland-evidence-contract,1.0.0,a4cf9efdecf6735f87d398acc56604e66df26e62f1a2f1e96fafd7791aa3bcc6,2010,Tangshan,BYS,Marsh,319.531513281426,spatial_unit,observed raw wetland area from authoritative panel
coastal-wetland-evidence-contract,1.0.0,a4cf9efdecf6735f87d398acc56604e66df26e62f1a2f1e96fafd7791aa3bcc6,2011,Tangshan,BYS,Marsh,318.14950688494,spatial_unit,observed raw wetland area from authoritative panel
coastal-wetland-evidence-contract,1.0.0,a4cf9efdecf6735f87d398acc56604e66df26e62f1a2f1e96fafd7791aa3bcc6,2012,Tangshan,BYS,Marsh,341.908549893849,spatial_unit,observed raw wetland area from authoritative panel
coastal-wetland-evidence-contract,1.0.0,a4cf9efdecf6735f87d398acc56604e66df26e62f1a2f1e96fafd7791aa3bcc6,2013,Tangshan,BYS,Marsh,281.554047285359,spatial_unit,observed raw wetland area from authoritative panel
coastal-wetland-evidence-contract,1.0.0,a4cf9efdecf6735f87d398acc56604e66df26e62f1a2f1e96fafd7791aa3bcc6,2014,Tangshan,BYS,Marsh,290.193568350572,spatial_unit,observed raw wetland area from authoritative panel
coastal-wetland-evidence-contract,1.0.0,a4cf9efdecf6735f87d398acc56604e66df26e62f1a2f1e96fafd7791aa3bcc6,2015,Tangshan,BYS,Marsh,289.630912557504,spatial_unit,observed raw wetland area from authoritative panel
coastal-wetland-evidence-contract,1.0.0,a4cf9efdecf6735f87d398acc56604e66df26e62f1a2f1e96fafd7791aa3bcc6,2016,Tangshan,BYS,Marsh,301.198319595857,spatial_unit,observed raw wetland area from authoritative panel
coastal-wetland-evidence-contract,1.0.0,a4cf9efdecf6735f87d398acc56604e66df26e62f1a2f1e96fafd7791aa3bcc6,2017,Tangshan,BYS,Marsh,312.394418867235,spatial_unit,observed raw wetland area from authoritative panel
coastal-wetland-evidence-contract,1.0.0,a4cf9efdecf6735f87d398acc56604e66df26e62f1a2f1e96fafd7791aa3bcc6,2018,Tangshan,BYS,Marsh,280.410383280426,spatial_unit,observed raw wetland area from authoritative panel
coastal-wetland-evidence-contract,1.0.0,a4cf9efdecf6735f87d398acc56604e66df26e62f1a2f1e96fafd7791aa3bcc6,2019,Tangshan,BYS,Marsh,288.930464525658,spatial_unit,observed raw wetland area from authoritative panel
coastal-wetland-evidence-contract,1.0.0,a4cf9efdecf6735f87d398acc56604e66df26e62f1a2f1e96fafd7791aa3bcc6,2020,Tangshan,BYS,Marsh,304.439677448495,spatial_unit,observed raw wetland area from authoritative panel
coastal-wetland-evidence-contract,1.0.0,a4cf9efdecf6735f87d398acc56604e66df26e62f1a2f1e96fafd7791aa3bcc6,2021,Tangshan,BYS,Marsh,309.673201008895,spatial_unit,observed raw wetland area from authoritative panel
coastal-wetland-evidence-contract,1.0.0,a4cf9efdecf6735f87d398acc56604e66df26e62f1a2f1e96fafd7791aa3bcc6,2022,Tangshan,BYS,Marsh,258.042013337237,spatial_unit,observed raw wetland area from authoritative panel
coastal-wetland-evidence-contract,1.0.0,a4cf9efdecf6735f87d398acc56604e66df26e62f1a2f1e96fafd7791aa3bcc6,2001,Tianjin_Shi,BYS,Marsh,771.143084356462,spatial_unit,observed raw wetland area from authoritative panel
coastal-wetland-evidence-contract,1.0.0,a4cf9efdecf6735f87d398acc56604e66df26e62f1a2f1e96fafd7791aa3bcc6,2002,Tianjin_Shi,BYS,Marsh,803.433336043379,spatial_unit,observed raw wetland area from authoritative panel
coastal-wetland-evidence-contract,1.0.0,a4cf9efdecf6735f87d398acc56604e66df26e62f1a2f1e96fafd7791aa3bcc6,2003,Tianjin_Shi,BYS,Marsh,730.968169423474,spatial_unit,observed raw wetland area from authoritative panel
coastal-wetland-evidence-contract,1.0.0,a4cf9efdecf6735f87d398acc56604e66df26e62f1a2f1e96fafd7791aa3bcc6,2004,Tianjin_Shi,BYS,Marsh,645.759396449987,spatial_unit,observed raw wetland area from authoritative panel
coastal-wetland-evidence-contract,1.0.0,a4cf9efdecf6735f87d398acc56604e66df26e62f1a2f1e96fafd7791aa3bcc6,2005,Tianjin_Shi,BYS,Marsh,654.438236140048,spatial_unit,observed raw wetland area from authoritative panel
coastal-wetland-evidence-contract,1.0.0,a4cf9efdecf6735f87d398acc56604e66df26e62f1a2f1e96fafd7791aa3bcc6,2006,Tianjin_Shi,BYS,Marsh,730.131828908332,spatial_unit,observed raw wetland area from authoritative panel
coastal-wetland-evidence-contract,1.0.0,a4cf9efdecf6735f87d398acc56604e66df26e62f1a2f1e96fafd7791aa3bcc6,2007,Tianjin_Shi,BYS,Marsh,761.676060968714,spatial_unit,observed raw wetland area from authoritative panel
coastal-wetland-evidence-contract,1.0.0,a4cf9efdecf6735f87d398acc56604e66df26e62f1a2f1e96fafd7791aa3bcc6,2008,Tianjin_Shi,BYS,Marsh,792.547637734214,spatial_unit,observed raw wetland area from authoritative panel
coastal-wetland-evidence-contract,1.0.0,a4cf9efdecf6735f87d398acc56604e66df26e62f1a2f1e96fafd7791aa3bcc6,2009,Tianjin_Shi,BYS,Marsh,787.329885329636,spatial_unit,observed raw wetland area from authoritative panel
coastal-wetland-evidence-contract,1.0.0,a4cf9efdecf6735f87d398acc56604e66df26e62f1a2f1e96fafd7791aa3bcc6,2010,Tianjin_Shi,BYS,Marsh,771.821097922048,spatial_unit,observed raw wetland area from authoritative panel
coastal-wetland-evidence-contract,1.0.0,a4cf9efdecf6735f87d398acc56604e66df26e62f1a2f1e96fafd7791aa3bcc6,2011,Tianjin_Shi,BYS,Marsh,729.221188013294,spatial_unit,observed raw wetland area from authoritative panel
coastal-wetland-evidence-contract,1.0.0,a4cf9efdecf6735f87d398acc56604e66df26e62f1a2f1e96fafd7791aa3bcc6,2012,Tianjin_Shi,BYS,Marsh,708.102051793583,spatial_unit,observed raw wetland area from authoritative panel
coastal-wetland-evidence-contract,1.0.0,a4cf9efdecf6735f87d398acc56604e66df26e62f1a2f1e96fafd7791aa3bcc6,2013,Tianjin_Shi,BYS,Marsh,658.910150650072,spatial_unit,observed raw wetland area from authoritative panel
coastal-wetland-evidence-contract,1.0.0,a4cf9efdecf6735f87d398acc56604e66df26e62f1a2f1e96fafd7791aa3bcc6,2014,Tianjin_Shi,BYS,Marsh,713.524251759581,spatial_unit,observed raw wetland area from authoritative panel
coastal-wetland-evidence-contract,1.0.0,a4cf9efdecf6735f87d398acc56604e66df26e62f1a2f1e96fafd7791aa3bcc6,2015,Tianjin_Shi,BYS,Marsh,703.781011174442,spatial_unit,observed raw wetland area from authoritative panel
coastal-wetland-evidence-contract,1.0.0,a4cf9efdecf6735f87d398acc56604e66df26e62f1a2f1e96fafd7791aa3bcc6,2016,Tianjin_Shi,BYS,Marsh,689.468772637398,spatial_unit,observed raw wetland area from authoritative panel
coastal-wetland-evidence-contract,1.0.0,a4cf9efdecf6735f87d398acc56604e66df26e62f1a2f1e96fafd7791aa3bcc6,2017,Tianjin_Shi,BYS,Marsh,707.532648224207,spatial_unit,observed raw wetland area from authoritative panel
coastal-wetland-evidence-contract,1.0.0,a4cf9efdecf6735f87d398acc56604e66df26e62f1a2f1e96fafd7791aa3bcc6,2018,Tianjin_Shi,BYS,Marsh,699.089938915541,spatial_unit,observed raw wetland area from authoritative panel
coastal-wetland-evidence-contract,1.0.0,a4cf9efdecf6735f87d398acc56604e66df26e62f1a2f1e96fafd7791aa3bcc6,2019,Tianjin_Shi,BYS,Marsh,678.6832660567,spatial_unit,observed raw wetland area from authoritative panel
coastal-wetland-evidence-contract,1.0.0,a4cf9efdecf6735f87d398acc56604e66df26e62f1a2f1e96fafd7791aa3bcc6,2020,Tianjin_Shi,BYS,Marsh,611.395544929882,spatial_unit,observed raw wetland area from authoritative panel
coastal-wetland-evidence-contract,1.0.0,a4cf9efdecf6735f87d398acc56604e66df26e62f1a2f1e96fafd7791aa3bcc6,2021,Tianjin_Shi,BYS,Marsh,631.998689252807,spatial_unit,observed raw wetland area from authoritative panel
coastal-wetland-evidence-contract,1.0.0,a4cf9efdecf6735f87d398acc56604e66df26e62f1a2f1e96fafd7791aa3bcc6,2022,Tianjin_Shi,BYS,Marsh,568.398235723581,spatial_unit,observed raw wetland area from authoritative panel
coastal-wetland-evidence-contract,1.0.0,a4cf9efdecf6735f87d398acc56604e66df26e62f1a2f1e96fafd7791aa3bcc6,2001,Weifang,BYS,Marsh,167.21070290976,spatial_unit,observed raw wetland area from authoritative panel
coastal-wetland-evidence-contract,1.0.0,a4cf9efdecf6735f87d398acc56604e66df26e62f1a2f1e96fafd7791aa3bcc6,2002,Weifang,BYS,Marsh,177.543703874639,spatial_unit,observed raw wetland area from authoritative panel
coastal-wetland-evidence-contract,1.0.0,a4cf9efdecf6735f87d398acc56604e66df26e62f1a2f1e96fafd7791aa3bcc6,2003,Weifang,BYS,Marsh,135.162049403946,spatial_unit,observed raw wetland area from authoritative panel
coastal-wetland-evidence-contract,1.0.0,a4cf9efdecf6735f87d398acc56604e66df26e62f1a2f1e96fafd7791aa3bcc6,2004,Weifang,BYS,Marsh,124.272791770377,spatial_unit,observed raw wetland area from authoritative panel
coastal-wetland-evidence-contract,1.0.0,a4cf9efdecf6735f87d398acc56604e66df26e62f1a2f1e96fafd7791aa3bcc6,2005,Weifang,BYS,Marsh,96.8053580201683,spatial_unit,observed raw wetland area from authoritative panel
coastal-wetland-evidence-contract,1.0.0,a4cf9efdecf6735f87d398acc56604e66df26e62f1a2f1e96fafd7791aa3bcc6,2006,Weifang,BYS,Marsh,101.264614869548,spatial_unit,observed raw wetland area from authoritative panel
coastal-wetland-evidence-contract,1.0.0,a4cf9efdecf6735f87d398acc56604e66df26e62f1a2f1e96fafd7791aa3bcc6,2007,Weifang,BYS,Marsh,119.23721922292,spatial_unit,observed raw wetland area from authoritative panel
coastal-wetland-evidence-contract,1.0.0,a4cf9efdecf6735f87d398acc56604e66df26e62f1a2f1e96fafd7791aa3bcc6,2008,Weifang,BYS,Marsh,123.20654394366,spatial_unit,observed raw wetland area from authoritative panel
coastal-wetland-evidence-contract,1.0.0,a4cf9efdecf6735f87d398acc56604e66df26e62f1a2f1e96fafd7791aa3bcc6,2009,Weifang,BYS,Marsh,115.591006016528,spatial_unit,observed raw wetland area from authoritative panel
coastal-wetland-evidence-contract,1.0.0,a4cf9efdecf6735f87d398acc56604e66df26e62f1a2f1e96fafd7791aa3bcc6,2010,Weifang,BYS,Marsh,120.529331639382,spatial_unit,observed raw wetland area from authoritative panel
coastal-wetland-evidence-contract,1.0.0,a4cf9efdecf6735f87d398acc56604e66df26e62f1a2f1e96fafd7791aa3bcc6,2011,Weifang,BYS,Marsh,127.175371729264,spatial_unit,observed raw wetland area from authoritative panel
coastal-wetland-evidence-contract,1.0.0,a4cf9efdecf6735f87d398acc56604e66df26e62f1a2f1e96fafd7791aa3bcc6,2012,Weifang,BYS,Marsh,133.524898792667,spatial_unit,observed raw wetland area from authoritative panel
coastal-wetland-evidence-contract,1.0.0,a4cf9efdecf6735f87d398acc56604e66df26e62f1a2f1e96fafd7791aa3bcc6,2013,Weifang,BYS,Marsh,157.069636825307,spatial_unit,observed raw wetland area from authoritative panel
coastal-wetland-evidence-contract,1.0.0,a4cf9efdecf6735f87d398acc56604e66df26e62f1a2f1e96fafd7791aa3bcc6,2014,Weifang,BYS,Marsh,197.735997484644,spatial_unit,observed raw wetland area from authoritative panel
coastal-wetland-evidence-contract,1.0.0,a4cf9efdecf6735f87d398acc56604e66df26e62f1a2f1e96fafd7791aa3bcc6,2015,Weifang,BYS,Marsh,222.18497281564,spatial_unit,observed raw wetland area from authoritative panel
coastal-wetland-evidence-contract,1.0.0,a4cf9efdecf6735f87d398acc56604e66df26e62f1a2f1e96fafd7791aa3bcc6,2016,Weifang,BYS,Marsh,213.91353162943,spatial_unit,observed raw wetland area from authoritative panel
coastal-wetland-evidence-contract,1.0.0,a4cf9efdecf6735f87d398acc56604e66df26e62f1a2f1e96fafd7791aa3bcc6,2017,Weifang,BYS,Marsh,264.919243668822,spatial_unit,observed raw wetland area from authoritative panel
coastal-wetland-evidence-contract,1.0.0,a4cf9efdecf6735f87d398acc56604e66df26e62f1a2f1e96fafd7791aa3bcc6,2018,Weifang,BYS,Marsh,258.25043919863,spatial_unit,observed raw wetland area from authoritative panel
coastal-wetland-evidence-contract,1.0.0,a4cf9efdecf6735f87d398acc56604e66df26e62f1a2f1e96fafd7791aa3bcc6,2019,Weifang,BYS,Marsh,204.015507769045,spatial_unit,observed raw wetland area from authoritative panel
coastal-wetland-evidence-contract,1.0.0,a4cf9efdecf6735f87d398acc56604e66df26e62f1a2f1e96fafd7791aa3bcc6,2020,Weifang,BYS,Marsh,163.347467692052,spatial_unit,observed raw wetland area from authoritative panel
coastal-wetland-evidence-contract,1.0.0,a4cf9efdecf6735f87d398acc56604e66df26e62f1a2f1e96fafd7791aa3bcc6,2021,Weifang,BYS,Marsh,159.429053897044,spatial_unit,observed raw wetland area from authoritative panel
coastal-wetland-evidence-contract,1.0.0,a4cf9efdecf6735f87d398acc56604e66df26e62f1a2f1e96fafd7791aa3bcc6,2022,Weifang,BYS,Marsh,125.373758060527,spatial_unit,observed raw wetland area from authoritative panel
coastal-wetland-evidence-contract,1.0.0,a4cf9efdecf6735f87d398acc56604e66df26e62f1a2f1e96fafd7791aa3bcc6,2001,Weihai,BYS,Marsh,33.7399151186447,spatial_unit,observed raw wetland area from authoritative panel
coastal-wetland-evidence-contract,1.0.0,a4cf9efdecf6735f87d398acc56604e66df26e62f1a2f1e96fafd7791aa3bcc6,2002,Weihai,BYS,Marsh,31.5261375411898,spatial_unit,observed raw wetland area from authoritative panel
coastal-wetland-evidence-contract,1.0.0,a4cf9efdecf6735f87d398acc56604e66df26e62f1a2f1e96fafd7791aa3bcc6,2003,Weihai,BYS,Marsh,24.7423287451287,spatial_unit,observed raw wetland area from authoritative panel
coastal-wetland-evidence-contract,1.0.0,a4cf9efdecf6735f87d398acc56604e66df26e62f1a2f1e96fafd7791aa3bcc6,2004,Weihai,BYS,Marsh,18.5224963371438,spatial_unit,observed raw wetland area from authoritative panel
coastal-wetland-evidence-contract,1.0.0,a4cf9efdecf6735f87d398acc56604e66df26e62f1a2f1e96fafd7791aa3bcc6,2005,Weihai,BYS,Marsh,12.4470028916016,spatial_unit,observed raw wetland area from authoritative panel
coastal-wetland-evidence-contract,1.0.0,a4cf9efdecf6735f87d398acc56604e66df26e62f1a2f1e96fafd7791aa3bcc6,2006,Weihai,BYS,Marsh,15.6133451237266,spatial_unit,observed raw wetland area from authoritative panel
coastal-wetland-evidence-contract,1.0.0,a4cf9efdecf6735f87d398acc56604e66df26e62f1a2f1e96fafd7791aa3bcc6,2007,Weihai,BYS,Marsh,15.2626583750268,spatial_unit,observed raw wetland area from authoritative panel
coastal-wetland-evidence-contract,1.0.0,a4cf9efdecf6735f87d398acc56604e66df26e62f1a2f1e96fafd7791aa3bcc6,2008,Weihai,BYS,Marsh,23.7393553414311,spatial_unit,observed raw wetland area from authoritative panel
coastal-wetland-evidence-contract,1.0.0,a4cf9efdecf6735f87d398acc56604e66df26e62f1a2f1e96fafd7791aa3bcc6,2009,Weihai,BYS,Marsh,23.5725618333754,spatial_unit,observed raw wetland area from authoritative panel
coastal-wetland-evidence-contract,1.0.0,a4cf9efdecf6735f87d398acc56604e66df26e62f1a2f1e96fafd7791aa3bcc6,2010,Weihai,BYS,Marsh,24.2377989394895,spatial_unit,observed raw wetland area from authoritative panel
coastal-wetland-evidence-contract,1.0.0,a4cf9efdecf6735f87d398acc56604e66df26e62f1a2f1e96fafd7791aa3bcc6,2011,Weihai,BYS,Marsh,22.7546757049288,spatial_unit,observed raw wetland area from authoritative panel
coastal-wetland-evidence-contract,1.0.0,a4cf9efdecf6735f87d398acc56604e66df26e62f1a2f1e96fafd7791aa3bcc6,2012,Weihai,BYS,Marsh,18.5931479641736,spatial_unit,observed raw wetland area from authoritative panel
coastal-wetland-evidence-contract,1.0.0,a4cf9efdecf6735f87d398acc56604e66df26e62f1a2f1e96fafd7791aa3bcc6,2013,Weihai,BYS,Marsh,22.2225204561791,spatial_unit,observed raw wetland area from authoritative panel
coastal-wetland-evidence-contract,1.0.0,a4cf9efdecf6735f87d398acc56604e66df26e62f1a2f1e96fafd7791aa3bcc6,2014,Weihai,BYS,Marsh,32.1896315750785,spatial_unit,observed raw wetland area from authoritative panel
coastal-wetland-evidence-contract,1.0.0,a4cf9efdecf6735f87d398acc56604e66df26e62f1a2f1e96fafd7791aa3bcc6,2015,Weihai,BYS,Marsh,35.1509719823931,spatial_unit,observed raw wetland area from authoritative panel
coastal-wetland-evidence-contract,1.0.0,a4cf9efdecf6735f87d398acc56604e66df26e62f1a2f1e96fafd7791aa3bcc6,2016,Weihai,BYS,Marsh,37.308727633678,spatial_unit,observed raw wetland area from authoritative panel
coastal-wetland-evidence-contract,1.0.0,a4cf9efdecf6735f87d398acc56604e66df26e62f1a2f1e96fafd7791aa3bcc6,2017,Weihai,BYS,Marsh,36.5321556659122,spatial_unit,observed raw wetland area from authoritative panel
coastal-wetland-evidence-contract,1.0.0,a4cf9efdecf6735f87d398acc56604e66df26e62f1a2f1e96fafd7791aa3bcc6,2018,Weihai,BYS,Marsh,34.7794032647116,spatial_unit,observed raw wetland area from authoritative panel
coastal-wetland-evidence-contract,1.0.0,a4cf9efdecf6735f87d398acc56604e66df26e62f1a2f1e96fafd7791aa3bcc6,2019,Weihai,BYS,Marsh,30.6880862645642,spatial_unit,observed raw wetland area from authoritative panel
coastal-wetland-evidence-contract,1.0.0,a4cf9efdecf6735f87d398acc56604e66df26e62f1a2f1e96fafd7791aa3bcc6,2020,Weihai,BYS,Marsh,37.6485502193321,spatial_unit,observed raw wetland area from authoritative panel
coastal-wetland-evidence-contract,1.0.0,a4cf9efdecf6735f87d398acc56604e66df26e62f1a2f1e96fafd7791aa3bcc6,2021,Weihai,BYS,Marsh,32.655346868457,spatial_unit,observed raw wetland area from authoritative panel
coastal-wetland-evidence-contract,1.0.0,a4cf9efdecf6735f87d398acc56604e66df26e62f1a2f1e96fafd7791aa3bcc6,2022,Weihai,BYS,Marsh,19.7034307211148,spatial_unit,observed raw wetland area from authoritative panel
coastal-wetland-evidence-contract,1.0.0,a4cf9efdecf6735f87d398acc56604e66df26e62f1a2f1e96fafd7791aa3bcc6,2001,Yantai,BYS,Marsh,75.3695918734298,spatial_unit,observed raw wetland area from authoritative panel
coastal-wetland-evidence-contract,1.0.0,a4cf9efdecf6735f87d398acc56604e66df26e62f1a2f1e96fafd7791aa3bcc6,2002,Yantai,BYS,Marsh,53.5777296449813,spatial_unit,observed raw wetland area from authoritative panel
coastal-wetland-evidence-contract,1.0.0,a4cf9efdecf6735f87d398acc56604e66df26e62f1a2f1e96fafd7791aa3bcc6,2003,Yantai,BYS,Marsh,19.3478281910156,spatial_unit,observed raw wetland area from authoritative panel
coastal-wetland-evidence-contract,1.0.0,a4cf9efdecf6735f87d398acc56604e66df26e62f1a2f1e96fafd7791aa3bcc6,2004,Yantai,BYS,Marsh,22.1283997909256,spatial_unit,observed raw wetland area from authoritative panel
coastal-wetland-evidence-contract,1.0.0,a4cf9efdecf6735f87d398acc56604e66df26e62f1a2f1e96fafd7791aa3bcc6,2005,Yantai,BYS,Marsh,22.6250518367915,spatial_unit,observed raw wetland area from authoritative panel
coastal-wetland-evidence-contract,1.0.0,a4cf9efdecf6735f87d398acc56604e66df26e62f1a2f1e96fafd7791aa3bcc6,2006,Yantai,BYS,Marsh,27.8651679780618,spatial_unit,observed raw wetland area from authoritative panel
coastal-wetland-evidence-contract,1.0.0,a4cf9efdecf6735f87d398acc56604e66df26e62f1a2f1e96fafd7791aa3bcc6,2007,Yantai,BYS,Marsh,31.1748208868183,spatial_unit,observed raw wetland area from authoritative panel
coastal-wetland-evidence-contract,1.0.0,a4cf9efdecf6735f87d398acc56604e66df26e62f1a2f1e96fafd7791aa3bcc6,2008,Yantai,BYS,Marsh,34.1944572187825,spatial_unit,observed raw wetland area from authoritative panel
coastal-wetland-evidence-contract,1.0.0,a4cf9efdecf6735f87d398acc56604e66df26e62f1a2f1e96fafd7791aa3bcc6,2009,Yantai,BYS,Marsh,29.1772462988051,spatial_unit,observed raw wetland area from authoritative panel
coastal-wetland-evidence-contract,1.0.0,a4cf9efdecf6735f87d398acc56604e66df26e62f1a2f1e96fafd7791aa3bcc6,2010,Yantai,BYS,Marsh,30.1559028606579,spatial_unit,observed raw wetland area from authoritative panel
coastal-wetland-evidence-contract,1.0.0,a4cf9efdecf6735f87d398acc56604e66df26e62f1a2f1e96fafd7791aa3bcc6,2011,Yantai,BYS,Marsh,33.0944546785903,spatial_unit,observed raw wetland area from authoritative panel
coastal-wetland-evidence-contract,1.0.0,a4cf9efdecf6735f87d398acc56604e66df26e62f1a2f1e96fafd7791aa3bcc6,2012,Yantai,BYS,Marsh,41.6472426275064,spatial_unit,observed raw wetland area from authoritative panel
coastal-wetland-evidence-contract,1.0.0,a4cf9efdecf6735f87d398acc56604e66df26e62f1a2f1e96fafd7791aa3bcc6,2013,Yantai,BYS,Marsh,44.0117312413945,spatial_unit,observed raw wetland area from authoritative panel
coastal-wetland-evidence-contract,1.0.0,a4cf9efdecf6735f87d398acc56604e66df26e62f1a2f1e96fafd7791aa3bcc6,2014,Yantai,BYS,Marsh,67.5167997995979,spatial_unit,observed raw wetland area from authoritative panel
coastal-wetland-evidence-contract,1.0.0,a4cf9efdecf6735f87d398acc56604e66df26e62f1a2f1e96fafd7791aa3bcc6,2015,Yantai,BYS,Marsh,67.1656912653627,spatial_unit,observed raw wetland area from authoritative panel
coastal-wetland-evidence-contract,1.0.0,a4cf9efdecf6735f87d398acc56604e66df26e62f1a2f1e96fafd7791aa3bcc6,2016,Yantai,BYS,Marsh,79.2077072542392,spatial_unit,observed raw wetland area from authoritative panel
coastal-wetland-evidence-contract,1.0.0,a4cf9efdecf6735f87d398acc56604e66df26e62f1a2f1e96fafd7791aa3bcc6,2017,Yantai,BYS,Marsh,77.4353771776001,spatial_unit,observed raw wetland area from authoritative panel
coastal-wetland-evidence-contract,1.0.0,a4cf9efdecf6735f87d398acc56604e66df26e62f1a2f1e96fafd7791aa3bcc6,2018,Yantai,BYS,Marsh,77.4097334721677,spatial_unit,observed raw wetland area from authoritative panel
coastal-wetland-evidence-contract,1.0.0,a4cf9efdecf6735f87d398acc56604e66df26e62f1a2f1e96fafd7791aa3bcc6,2019,Yantai,BYS,Marsh,65.1628507443475,spatial_unit,observed raw wetland area from authoritative panel
coastal-wetland-evidence-contract,1.0.0,a4cf9efdecf6735f87d398acc56604e66df26e62f1a2f1e96fafd7791aa3bcc6,2020,Yantai,BYS,Marsh,65.581562671785,spatial_unit,observed raw wetland area from authoritative panel
coastal-wetland-evidence-contract,1.0.0,a4cf9efdecf6735f87d398acc56604e66df26e62f1a2f1e96fafd7791aa3bcc6,2021,Yantai,BYS,Marsh,69.167625231388,spatial_unit,observed raw wetland area from authoritative panel
coastal-wetland-evidence-contract,1.0.0,a4cf9efdecf6735f87d398acc56604e66df26e62f1a2f1e96fafd7791aa3bcc6,2022,Yantai,BYS,Marsh,45.9798889008061,spatial_unit,observed raw wetland area from authoritative panel
coastal-wetland-evidence-contract,1.0.0,a4cf9efdecf6735f87d398acc56604e66df26e62f1a2f1e96fafd7791aa3bcc6,2001,Yingkou,BYS,Marsh,71.8180557895727,spatial_unit,observed raw wetland area from authoritative panel
coastal-wetland-evidence-contract,1.0.0,a4cf9efdecf6735f87d398acc56604e66df26e62f1a2f1e96fafd7791aa3bcc6,2002,Yingkou,BYS,Marsh,66.2521440560192,spatial_unit,observed raw wetland area from authoritative panel
coastal-wetland-evidence-contract,1.0.0,a4cf9efdecf6735f87d398acc56604e66df26e62f1a2f1e96fafd7791aa3bcc6,2003,Yingkou,BYS,Marsh,60.0038178560113,spatial_unit,observed raw wetland area from authoritative panel
coastal-wetland-evidence-contract,1.0.0,a4cf9efdecf6735f87d398acc56604e66df26e62f1a2f1e96fafd7791aa3bcc6,2004,Yingkou,BYS,Marsh,67.645115816763,spatial_unit,observed raw wetland area from authoritative panel
coastal-wetland-evidence-contract,1.0.0,a4cf9efdecf6735f87d398acc56604e66df26e62f1a2f1e96fafd7791aa3bcc6,2005,Yingkou,BYS,Marsh,62.4369915532349,spatial_unit,observed raw wetland area from authoritative panel
coastal-wetland-evidence-contract,1.0.0,a4cf9efdecf6735f87d398acc56604e66df26e62f1a2f1e96fafd7791aa3bcc6,2006,Yingkou,BYS,Marsh,56.2646248031314,spatial_unit,observed raw wetland area from authoritative panel
coastal-wetland-evidence-contract,1.0.0,a4cf9efdecf6735f87d398acc56604e66df26e62f1a2f1e96fafd7791aa3bcc6,2007,Yingkou,BYS,Marsh,58.3748424415028,spatial_unit,observed raw wetland area from authoritative panel
coastal-wetland-evidence-contract,1.0.0,a4cf9efdecf6735f87d398acc56604e66df26e62f1a2f1e96fafd7791aa3bcc6,2008,Yingkou,BYS,Marsh,62.015046874587,spatial_unit,observed raw wetland area from authoritative panel
coastal-wetland-evidence-contract,1.0.0,a4cf9efdecf6735f87d398acc56604e66df26e62f1a2f1e96fafd7791aa3bcc6,2009,Yingkou,BYS,Marsh,62.0325785242824,spatial_unit,observed raw wetland area from authoritative panel
coastal-wetland-evidence-contract,1.0.0,a4cf9efdecf6735f87d398acc56604e66df26e62f1a2f1e96fafd7791aa3bcc6,2010,Yingkou,BYS,Marsh,63.778600978405,spatial_unit,observed raw wetland area from authoritative panel
coastal-wetland-evidence-contract,1.0.0,a4cf9efdecf6735f87d398acc56604e66df26e62f1a2f1e96fafd7791aa3bcc6,2011,Yingkou,BYS,Marsh,61.3813857744988,spatial_unit,observed raw wetland area from authoritative panel
coastal-wetland-evidence-contract,1.0.0,a4cf9efdecf6735f87d398acc56604e66df26e62f1a2f1e96fafd7791aa3bcc6,2012,Yingkou,BYS,Marsh,69.6298509187912,spatial_unit,observed raw wetland area from authoritative panel
coastal-wetland-evidence-contract,1.0.0,a4cf9efdecf6735f87d398acc56604e66df26e62f1a2f1e96fafd7791aa3bcc6,2013,Yingkou,BYS,Marsh,82.1625058523505,spatial_unit,observed raw wetland area from authoritative panel
coastal-wetland-evidence-contract,1.0.0,a4cf9efdecf6735f87d398acc56604e66df26e62f1a2f1e96fafd7791aa3bcc6,2014,Yingkou,BYS,Marsh,91.3016786296266,spatial_unit,observed raw wetland area from authoritative panel
coastal-wetland-evidence-contract,1.0.0,a4cf9efdecf6735f87d398acc56604e66df26e62f1a2f1e96fafd7791aa3bcc6,2015,Yingkou,BYS,Marsh,87.5533328175947,spatial_unit,observed raw wetland area from authoritative panel
coastal-wetland-evidence-contract,1.0.0,a4cf9efdecf6735f87d398acc56604e66df26e62f1a2f1e96fafd7791aa3bcc6,2016,Yingkou,BYS,Marsh,87.8770071982753,spatial_unit,observed raw wetland area from authoritative panel
coastal-wetland-evidence-contract,1.0.0,a4cf9efdecf6735f87d398acc56604e66df26e62f1a2f1e96fafd7791aa3bcc6,2017,Yingkou,BYS,Marsh,82.8861590990672,spatial_unit,observed raw wetland area from authoritative panel
coastal-wetland-evidence-contract,1.0.0,a4cf9efdecf6735f87d398acc56604e66df26e62f1a2f1e96fafd7791aa3bcc6,2018,Yingkou,BYS,Marsh,79.2222074132539,spatial_unit,observed raw wetland area from authoritative panel
coastal-wetland-evidence-contract,1.0.0,a4cf9efdecf6735f87d398acc56604e66df26e62f1a2f1e96fafd7791aa3bcc6,2019,Yingkou,BYS,Marsh,84.3242911644013,spatial_unit,observed raw wetland area from authoritative panel
coastal-wetland-evidence-contract,1.0.0,a4cf9efdecf6735f87d398acc56604e66df26e62f1a2f1e96fafd7791aa3bcc6,2020,Yingkou,BYS,Marsh,82.0106418937244,spatial_unit,observed raw wetland area from authoritative panel
coastal-wetland-evidence-contract,1.0.0,a4cf9efdecf6735f87d398acc56604e66df26e62f1a2f1e96fafd7791aa3bcc6,2021,Yingkou,BYS,Marsh,78.6353070429414,spatial_unit,observed raw wetland area from authoritative panel
coastal-wetland-evidence-contract,1.0.0,a4cf9efdecf6735f87d398acc56604e66df26e62f1a2f1e96fafd7791aa3bcc6,2022,Yingkou,BYS,Marsh,79.0091637038102,spatial_unit,observed raw wetland area from authoritative panel
coastal-wetland-evidence-contract,1.0.0,a4cf9efdecf6735f87d398acc56604e66df26e62f1a2f1e96fafd7791aa3bcc6,2001,Chaozhou,HX,Marsh,8.93324684205727,spatial_unit,observed raw wetland area from authoritative panel
coastal-wetland-evidence-contract,1.0.0,a4cf9efdecf6735f87d398acc56604e66df26e62f1a2f1e96fafd7791aa3bcc6,2002,Chaozhou,HX,Marsh,7.91340086874232,spatial_unit,observed raw wetland area from authoritative panel
coastal-wetland-evidence-contract,1.0.0,a4cf9efdecf6735f87d398acc56604e66df26e62f1a2f1e96fafd7791aa3bcc6,2003,Chaozhou,HX,Marsh,8.83566289166665,spatial_unit,observed raw wetland area from authoritative panel
coastal-wetland-evidence-contract,1.0.0,a4cf9efdecf6735f87d398acc56604e66df26e62f1a2f1e96fafd7791aa3bcc6,2004,Chaozhou,HX,Marsh,7.33949255222119,spatial_unit,observed raw wetland area from authoritative panel
coastal-wetland-evidence-contract,1.0.0,a4cf9efdecf6735f87d398acc56604e66df26e62f1a2f1e96fafd7791aa3bcc6,2005,Chaozhou,HX,Marsh,8.77653514330193,spatial_unit,observed raw wetland area from authoritative panel
coastal-wetland-evidence-contract,1.0.0,a4cf9efdecf6735f87d398acc56604e66df26e62f1a2f1e96fafd7791aa3bcc6,2006,Chaozhou,HX,Marsh,5.69052914295726,spatial_unit,observed raw wetland area from authoritative panel
coastal-wetland-evidence-contract,1.0.0,a4cf9efdecf6735f87d398acc56604e66df26e62f1a2f1e96fafd7791aa3bcc6,2007,Chaozhou,HX,Marsh,5.90500004092371,spatial_unit,observed raw wetland area from authoritative panel
coastal-wetland-evidence-contract,1.0.0,a4cf9efdecf6735f87d398acc56604e66df26e62f1a2f1e96fafd7791aa3bcc6,2008,Chaozhou,HX,Marsh,7.16645301829043,spatial_unit,observed raw wetland area from authoritative panel
coastal-wetland-evidence-contract,1.0.0,a4cf9efdecf6735f87d398acc56604e66df26e62f1a2f1e96fafd7791aa3bcc6,2009,Chaozhou,HX,Marsh,7.22490220347731,spatial_unit,observed raw wetland area from authoritative panel
coastal-wetland-evidence-contract,1.0.0,a4cf9efdecf6735f87d398acc56604e66df26e62f1a2f1e96fafd7791aa3bcc6,2010,Chaozhou,HX,Marsh,6.66956529139475,spatial_unit,observed raw wetland area from authoritative panel
coastal-wetland-evidence-contract,1.0.0,a4cf9efdecf6735f87d398acc56604e66df26e62f1a2f1e96fafd7791aa3bcc6,2011,Chaozhou,HX,Marsh,6.97545485542279,spatial_unit,observed raw wetland area from authoritative panel
coastal-wetland-evidence-contract,1.0.0,a4cf9efdecf6735f87d398acc56604e66df26e62f1a2f1e96fafd7791aa3bcc6,2012,Chaozhou,HX,Marsh,5.92631730852864,spatial_unit,observed raw wetland area from authoritative panel
coastal-wetland-evidence-contract,1.0.0,a4cf9efdecf6735f87d398acc56604e66df26e62f1a2f1e96fafd7791aa3bcc6,2013,Chaozhou,HX,Marsh,4.87883046269531,spatial_unit,observed raw wetland area from authoritative panel
coastal-wetland-evidence-contract,1.0.0,a4cf9efdecf6735f87d398acc56604e66df26e62f1a2f1e96fafd7791aa3bcc6,2014,Chaozhou,HX,Marsh,6.5798990299479,spatial_unit,observed raw wetland area from authoritative panel
coastal-wetland-evidence-contract,1.0.0,a4cf9efdecf6735f87d398acc56604e66df26e62f1a2f1e96fafd7791aa3bcc6,2015,Chaozhou,HX,Marsh,6.6878274664139,spatial_unit,observed raw wetland area from authoritative panel
coastal-wetland-evidence-contract,1.0.0,a4cf9efdecf6735f87d398acc56604e66df26e62f1a2f1e96fafd7791aa3bcc6,2016,Chaozhou,HX,Marsh,6.7351274163488,spatial_unit,observed raw wetland area from authoritative panel
coastal-wetland-evidence-contract,1.0.0,a4cf9efdecf6735f87d398acc56604e66df26e62f1a2f1e96fafd7791aa3bcc6,2017,Chaozhou,HX,Marsh,9.21684752542891,spatial_unit,observed raw wetland area from authoritative panel
coastal-wetland-evidence-contract,1.0.0,a4cf9efdecf6735f87d398acc56604e66df26e62f1a2f1e96fafd7791aa3bcc6,2018,Chaozhou,HX,Marsh,7.96619157846964,spatial_unit,observed raw wetland area from authoritative panel
coastal-wetland-evidence-contract,1.0.0,a4cf9efdecf6735f87d398acc56604e66df26e62f1a2f1e96fafd7791aa3bcc6,2019,Chaozhou,HX,Marsh,8.06255903474647,spatial_unit,observed raw wetland area from authoritative panel
coastal-wetland-evidence-contract,1.0.0,a4cf9efdecf6735f87d398acc56604e66df26e62f1a2f1e96fafd7791aa3bcc6,2020,Chaozhou,HX,Marsh,7.29091008409541,spatial_unit,observed raw wetland area from authoritative panel
coastal-wetland-evidence-contract,1.0.0,a4cf9efdecf6735f87d398acc56604e66df26e62f1a2f1e96fafd7791aa3bcc6,2021,Chaozhou,HX,Marsh,8.70230037904028,spatial_unit,observed raw wetland area from authoritative panel
coastal-wetland-evidence-contract,1.0.0,a4cf9efdecf6735f87d398acc56604e66df26e62f1a2f1e96fafd7791aa3bcc6,2022,Chaozhou,HX,Marsh,10.2578220509229,spatial_unit,observed raw wetland area from authoritative panel
coastal-wetland-evidence-contract,1.0.0,a4cf9efdecf6735f87d398acc56604e66df26e62f1a2f1e96fafd7791aa3bcc6,2001,Fuzhou,HX,Marsh,21.6434210192479,spatial_unit,observed raw wetland area from authoritative panel
coastal-wetland-evidence-contract,1.0.0,a4cf9efdecf6735f87d398acc56604e66df26e62f1a2f1e96fafd7791aa3bcc6,2002,Fuzhou,HX,Marsh,20.0514044970282,spatial_unit,observed raw wetland area from authoritative panel
coastal-wetland-evidence-contract,1.0.0,a4cf9efdecf6735f87d398acc56604e66df26e62f1a2f1e96fafd7791aa3bcc6,2003,Fuzhou,HX,Marsh,24.2999973187156,spatial_unit,observed raw wetland area from authoritative panel
coastal-wetland-evidence-contract,1.0.0,a4cf9efdecf6735f87d398acc56604e66df26e62f1a2f1e96fafd7791aa3bcc6,2004,Fuzhou,HX,Marsh,25.7565249164906,spatial_unit,observed raw wetland area from authoritative panel
coastal-wetland-evidence-contract,1.0.0,a4cf9efdecf6735f87d398acc56604e66df26e62f1a2f1e96fafd7791aa3bcc6,2005,Fuzhou,HX,Marsh,28.497629654343,spatial_unit,observed raw wetland area from authoritative panel
coastal-wetland-evidence-contract,1.0.0,a4cf9efdecf6735f87d398acc56604e66df26e62f1a2f1e96fafd7791aa3bcc6,2006,Fuzhou,HX,Marsh,16.7563314680453,spatial_unit,observed raw wetland area from authoritative panel
coastal-wetland-evidence-contract,1.0.0,a4cf9efdecf6735f87d398acc56604e66df26e62f1a2f1e96fafd7791aa3bcc6,2007,Fuzhou,HX,Marsh,18.9641998148246,spatial_unit,observed raw wetland area from authoritative panel
coastal-wetland-evidence-contract,1.0.0,a4cf9efdecf6735f87d398acc56604e66df26e62f1a2f1e96fafd7791aa3bcc6,2008,Fuzhou,HX,Marsh,24.5620478661,spatial_unit,observed raw wetland area from authoritative panel
coastal-wetland-evidence-contract,1.0.0,a4cf9efdecf6735f87d398acc56604e66df26e62f1a2f1e96fafd7791aa3bcc6,2009,Fuzhou,HX,Marsh,26.6265533461743,spatial_unit,observed raw wetland area from authoritative panel
coastal-wetland-evidence-contract,1.0.0,a4cf9efdecf6735f87d398acc56604e66df26e62f1a2f1e96fafd7791aa3bcc6,2010,Fuzhou,HX,Marsh,31.015927713197,spatial_unit,observed raw wetland area from authoritative panel
coastal-wetland-evidence-contract,1.0.0,a4cf9efdecf6735f87d398acc56604e66df26e62f1a2f1e96fafd7791aa3bcc6,2011,Fuzhou,HX,Marsh,29.2269447045152,spatial_unit,observed raw wetland area from authoritative panel
coastal-wetland-evidence-contract,1.0.0,a4cf9efdecf6735f87d398acc56604e66df26e62f1a2f1e96fafd7791aa3bcc6,2012,Fuzhou,HX,Marsh,37.3268285297986,spatial_unit,observed raw wetland area from authoritative panel
coastal-wetland-evidence-contract,1.0.0,a4cf9efdecf6735f87d398acc56604e66df26e62f1a2f1e96fafd7791aa3bcc6,2013,Fuzhou,HX,Marsh,33.5044785250269,spatial_unit,observed raw wetland area from authoritative panel
coastal-wetland-evidence-contract,1.0.0,a4cf9efdecf6735f87d398acc56604e66df26e62f1a2f1e96fafd7791aa3bcc6,2014,Fuzhou,HX,Marsh,36.0764894795957,spatial_unit,observed raw wetland area from authoritative panel
coastal-wetland-evidence-contract,1.0.0,a4cf9efdecf6735f87d398acc56604e66df26e62f1a2f1e96fafd7791aa3bcc6,2015,Fuzhou,HX,Marsh,34.254417977095,spatial_unit,observed raw wetland area from authoritative panel
coastal-wetland-evidence-contract,1.0.0,a4cf9efdecf6735f87d398acc56604e66df26e62f1a2f1e96fafd7791aa3bcc6,2016,Fuzhou,HX,Marsh,31.6509418417395,spatial_unit,observed raw wetland area from authoritative panel
coastal-wetland-evidence-contract,1.0.0,a4cf9efdecf6735f87d398acc56604e66df26e62f1a2f1e96fafd7791aa3bcc6,2017,Fuzhou,HX,Marsh,33.2672505441178,spatial_unit,observed raw wetland area from authoritative panel
coastal-wetland-evidence-contract,1.0.0,a4cf9efdecf6735f87d398acc56604e66df26e62f1a2f1e96fafd7791aa3bcc6,2018,Fuzhou,HX,Marsh,35.664780246002,spatial_unit,observed raw wetland area from authoritative panel
coastal-wetland-evidence-contract,1.0.0,a4cf9efdecf6735f87d398acc56604e66df26e62f1a2f1e96fafd7791aa3bcc6,2019,Fuzhou,HX,Marsh,28.8035194955768,spatial_unit,observed raw wetland area from authoritative panel
coastal-wetland-evidence-contract,1.0.0,a4cf9efdecf6735f87d398acc56604e66df26e62f1a2f1e96fafd7791aa3bcc6,2020,Fuzhou,HX,Marsh,27.5538186884575,spatial_unit,observed raw wetland area from authoritative panel
coastal-wetland-evidence-contract,1.0.0,a4cf9efdecf6735f87d398acc56604e66df26e62f1a2f1e96fafd7791aa3bcc6,2021,Fuzhou,HX,Marsh,28.3171182742264,spatial_unit,observed raw wetland area from authoritative panel
coastal-wetland-evidence-contract,1.0.0,a4cf9efdecf6735f87d398acc56604e66df26e62f1a2f1e96fafd7791aa3bcc6,2022,Fuzhou,HX,Marsh,31.6378775486022,spatial_unit,observed raw wetland area from authoritative panel
coastal-wetland-evidence-contract,1.0.0,a4cf9efdecf6735f87d398acc56604e66df26e62f1a2f1e96fafd7791aa3bcc6,2001,Jieyang,HX,Marsh,14.2411066492073,spatial_unit,observed raw wetland area from authoritative panel
coastal-wetland-evidence-contract,1.0.0,a4cf9efdecf6735f87d398acc56604e66df26e62f1a2f1e96fafd7791aa3bcc6,2002,Jieyang,HX,Marsh,14.539693924349,spatial_unit,observed raw wetland area from authoritative panel
coastal-wetland-evidence-contract,1.0.0,a4cf9efdecf6735f87d398acc56604e66df26e62f1a2f1e96fafd7791aa3bcc6,2003,Jieyang,HX,Marsh,14.9968704891774,spatial_unit,observed raw wetland area from authoritative panel
coastal-wetland-evidence-contract,1.0.0,a4cf9efdecf6735f87d398acc56604e66df26e62f1a2f1e96fafd7791aa3bcc6,2004,Jieyang,HX,Marsh,13.7575928039982,spatial_unit,observed raw wetland area from authoritative panel
coastal-wetland-evidence-contract,1.0.0,a4cf9efdecf6735f87d398acc56604e66df26e62f1a2f1e96fafd7791aa3bcc6,2005,Jieyang,HX,Marsh,15.2169312931717,spatial_unit,observed raw wetland area from authoritative panel
coastal-wetland-evidence-contract,1.0.0,a4cf9efdecf6735f87d398acc56604e66df26e62f1a2f1e96fafd7791aa3bcc6,2006,Jieyang,HX,Marsh,12.1543532395604,spatial_unit,observed raw wetland area from authoritative panel
coastal-wetland-evidence-contract,1.0.0,a4cf9efdecf6735f87d398acc56604e66df26e62f1a2f1e96fafd7791aa3bcc6,2007,Jieyang,HX,Marsh,11.2745828161267,spatial_unit,observed raw wetland area from authoritative panel
coastal-wetland-evidence-contract,1.0.0,a4cf9efdecf6735f87d398acc56604e66df26e62f1a2f1e96fafd7791aa3bcc6,2008,Jieyang,HX,Marsh,14.1665129708793,spatial_unit,observed raw wetland area from authoritative panel
coastal-wetland-evidence-contract,1.0.0,a4cf9efdecf6735f87d398acc56604e66df26e62f1a2f1e96fafd7791aa3bcc6,2009,Jieyang,HX,Marsh,15.0778227342333,spatial_unit,observed raw wetland area from authoritative panel
coastal-wetland-evidence-contract,1.0.0,a4cf9efdecf6735f87d398acc56604e66df26e62f1a2f1e96fafd7791aa3bcc6,2010,Jieyang,HX,Marsh,15.2802524932789,spatial_unit,observed raw wetland area from authoritative panel
coastal-wetland-evidence-contract,1.0.0,a4cf9efdecf6735f87d398acc56604e66df26e62f1a2f1e96fafd7791aa3bcc6,2011,Jieyang,HX,Marsh,15.4862807386987,spatial_unit,observed raw wetland area from authoritative panel
coastal-wetland-evidence-contract,1.0.0,a4cf9efdecf6735f87d398acc56604e66df26e62f1a2f1e96fafd7791aa3bcc6,2012,Jieyang,HX,Marsh,15.5761270807636,spatial_unit,observed raw wetland area from authoritative panel
coastal-wetland-evidence-contract,1.0.0,a4cf9efdecf6735f87d398acc56604e66df26e62f1a2f1e96fafd7791aa3bcc6,2013,Jieyang,HX,Marsh,12.2010243233877,spatial_unit,observed raw wetland area from authoritative panel
coastal-wetland-evidence-contract,1.0.0,a4cf9efdecf6735f87d398acc56604e66df26e62f1a2f1e96fafd7791aa3bcc6,2014,Jieyang,HX,Marsh,13.9793969685394,spatial_unit,observed raw wetland area from authoritative panel
coastal-wetland-evidence-contract,1.0.0,a4cf9efdecf6735f87d398acc56604e66df26e62f1a2f1e96fafd7791aa3bcc6,2015,Jieyang,HX,Marsh,14.2278827351179,spatial_unit,observed raw wetland area from authoritative panel
coastal-wetland-evidence-contract,1.0.0,a4cf9efdecf6735f87d398acc56604e66df26e62f1a2f1e96fafd7791aa3bcc6,2016,Jieyang,HX,Marsh,14.568107151417,spatial_unit,observed raw wetland area from authoritative panel
coastal-wetland-evidence-contract,1.0.0,a4cf9efdecf6735f87d398acc56604e66df26e62f1a2f1e96fafd7791aa3bcc6,2017,Jieyang,HX,Marsh,16.3578311733341,spatial_unit,observed raw wetland area from authoritative panel
coastal-wetland-evidence-contract,1.0.0,a4cf9efdecf6735f87d398acc56604e66df26e62f1a2f1e96fafd7791aa3bcc6,2018,Jieyang,HX,Marsh,13.2382336271791,spatial_unit,observed raw wetland area from authoritative panel
coastal-wetland-evidence-contract,1.0.0,a4cf9efdecf6735f87d398acc56604e66df26e62f1a2f1e96fafd7791aa3bcc6,2019,Jieyang,HX,Marsh,15.806226431453,spatial_unit,observed raw wetland area from authoritative panel
coastal-wetland-evidence-contract,1.0.0,a4cf9efdecf6735f87d398acc56604e66df26e62f1a2f1e96fafd7791aa3bcc6,2020,Jieyang,HX,Marsh,14.383114794493,spatial_unit,observed raw wetland area from authoritative panel
coastal-wetland-evidence-contract,1.0.0,a4cf9efdecf6735f87d398acc56604e66df26e62f1a2f1e96fafd7791aa3bcc6,2021,Jieyang,HX,Marsh,16.6396950116728,spatial_unit,observed raw wetland area from authoritative panel
coastal-wetland-evidence-contract,1.0.0,a4cf9efdecf6735f87d398acc56604e66df26e62f1a2f1e96fafd7791aa3bcc6,2022,Jieyang,HX,Marsh,19.954203537883,spatial_unit,observed raw wetland area from authoritative panel
coastal-wetland-evidence-contract,1.0.0,a4cf9efdecf6735f87d398acc56604e66df26e62f1a2f1e96fafd7791aa3bcc6,2001,Ningde,HX,Marsh,17.5710160136642,spatial_unit,observed raw wetland area from authoritative panel
coastal-wetland-evidence-contract,1.0.0,a4cf9efdecf6735f87d398acc56604e66df26e62f1a2f1e96fafd7791aa3bcc6,2002,Ningde,HX,Marsh,17.877650730913,spatial_unit,observed raw wetland area from authoritative panel
coastal-wetland-evidence-contract,1.0.0,a4cf9efdecf6735f87d398acc56604e66df26e62f1a2f1e96fafd7791aa3bcc6,2003,Ningde,HX,Marsh,18.0384363051432,spatial_unit,observed raw wetland area from authoritative panel
coastal-wetland-evidence-contract,1.0.0,a4cf9efdecf6735f87d398acc56604e66df26e62f1a2f1e96fafd7791aa3bcc6,2004,Ningde,HX,Marsh,17.9389859474724,spatial_unit,observed raw wetland area from authoritative panel
coastal-wetland-evidence-contract,1.0.0,a4cf9efdecf6735f87d398acc56604e66df26e62f1a2f1e96fafd7791aa3bcc6,2005,Ningde,HX,Marsh,19.22561580054,spatial_unit,observed raw wetland area from authoritative panel
coastal-wetland-evidence-contract,1.0.0,a4cf9efdecf6735f87d398acc56604e66df26e62f1a2f1e96fafd7791aa3bcc6,2006,Ningde,HX,Marsh,16.4951808050781,spatial_unit,observed raw wetland area from authoritative panel
coastal-wetland-evidence-contract,1.0.0,a4cf9efdecf6735f87d398acc56604e66df26e62f1a2f1e96fafd7791aa3bcc6,2007,Ningde,HX,Marsh,22.5958799908241,spatial_unit,observed raw wetland area from authoritative panel
coastal-wetland-evidence-contract,1.0.0,a4cf9efdecf6735f87d398acc56604e66df26e62f1a2f1e96fafd7791aa3bcc6,2008,Ningde,HX,Marsh,21.734079694918,spatial_unit,observed raw wetland area from authoritative panel
coastal-wetland-evidence-contract,1.0.0,a4cf9efdecf6735f87d398acc56604e66df26e62f1a2f1e96fafd7791aa3bcc6,2009,Ningde,HX,Marsh,23.0094674823912,spatial_unit,observed raw wetland area from authoritative panel
coastal-wetland-evidence-contract,1.0.0,a4cf9efdecf6735f87d398acc56604e66df26e62f1a2f1e96fafd7791aa3bcc6,2010,Ningde,HX,Marsh,21.2241936210976,spatial_unit,observed raw wetland area from authoritative panel
coastal-wetland-evidence-contract,1.0.0,a4cf9efdecf6735f87d398acc56604e66df26e62f1a2f1e96fafd7791aa3bcc6,2011,Ningde,HX,Marsh,14.0488887991919,spatial_unit,observed raw wetland area from authoritative panel
coastal-wetland-evidence-contract,1.0.0,a4cf9efdecf6735f87d398acc56604e66df26e62f1a2f1e96fafd7791aa3bcc6,2012,Ningde,HX,Marsh,14.1466749567861,spatial_unit,observed raw wetland area from authoritative panel
coastal-wetland-evidence-contract,1.0.0,a4cf9efdecf6735f87d398acc56604e66df26e62f1a2f1e96fafd7791aa3bcc6,2013,Ningde,HX,Marsh,17.9798364204389,spatial_unit,observed raw wetland area from authoritative panel
coastal-wetland-evidence-contract,1.0.0,a4cf9efdecf6735f87d398acc56604e66df26e62f1a2f1e96fafd7791aa3bcc6,2014,Ningde,HX,Marsh,22.5480399317325,spatial_unit,observed raw wetland area from authoritative panel
coastal-wetland-evidence-contract,1.0.0,a4cf9efdecf6735f87d398acc56604e66df26e62f1a2f1e96fafd7791aa3bcc6,2015,Ningde,HX,Marsh,21.9246774418849,spatial_unit,observed raw wetland area from authoritative panel
coastal-wetland-evidence-contract,1.0.0,a4cf9efdecf6735f87d398acc56604e66df26e62f1a2f1e96fafd7791aa3bcc6,2016,Ningde,HX,Marsh,15.7436989944125,spatial_unit,observed raw wetland area from authoritative panel
coastal-wetland-evidence-contract,1.0.0,a4cf9efdecf6735f87d398acc56604e66df26e62f1a2f1e96fafd7791aa3bcc6,2017,Ningde,HX,Marsh,15.8659620053079,spatial_unit,observed raw wetland area from authoritative panel
coastal-wetland-evidence-contract,1.0.0,a4cf9efdecf6735f87d398acc56604e66df26e62f1a2f1e96fafd7791aa3bcc6,2018,Ningde,HX,Marsh,16.4605047099992,spatial_unit,observed raw wetland area from authoritative panel
coastal-wetland-evidence-contract,1.0.0,a4cf9efdecf6735f87d398acc56604e66df26e62f1a2f1e96fafd7791aa3bcc6,2019,Ningde,HX,Marsh,14.6399738279143,spatial_unit,observed raw wetland area from authoritative panel
coastal-wetland-evidence-contract,1.0.0,a4cf9efdecf6735f87d398acc56604e66df26e62f1a2f1e96fafd7791aa3bcc6,2020,Ningde,HX,Marsh,13.8400318750689,spatial_unit,observed raw wetland area from authoritative panel
coastal-wetland-evidence-contract,1.0.0,a4cf9efdecf6735f87d398acc56604e66df26e62f1a2f1e96fafd7791aa3bcc6,2021,Ningde,HX,Marsh,14.4053038418888,spatial_unit,observed raw wetland area from authoritative panel
coastal-wetland-evidence-contract,1.0.0,a4cf9efdecf6735f87d398acc56604e66df26e62f1a2f1e96fafd7791aa3bcc6,2022,Ningde,HX,Marsh,14.7476202085976,spatial_unit,observed raw wetland area from authoritative panel
coastal-wetland-evidence-contract,1.0.0,a4cf9efdecf6735f87d398acc56604e66df26e62f1a2f1e96fafd7791aa3bcc6,2001,Putian,HX,Marsh,4.18865722005591,spatial_unit,observed raw wetland area from authoritative panel
coastal-wetland-evidence-contract,1.0.0,a4cf9efdecf6735f87d398acc56604e66df26e62f1a2f1e96fafd7791aa3bcc6,2002,Putian,HX,Marsh,4.24190938951823,spatial_unit,observed raw wetland area from authoritative panel
coastal-wetland-evidence-contract,1.0.0,a4cf9efdecf6735f87d398acc56604e66df26e62f1a2f1e96fafd7791aa3bcc6,2003,Putian,HX,Marsh,5.79603739115733,spatial_unit,observed raw wetland area from authoritative panel
coastal-wetland-evidence-contract,1.0.0,a4cf9efdecf6735f87d398acc56604e66df26e62f1a2f1e96fafd7791aa3bcc6,2004,Putian,HX,Marsh,7.08732785608532,spatial_unit,observed raw wetland area from authoritative panel
coastal-wetland-evidence-contract,1.0.0,a4cf9efdecf6735f87d398acc56604e66df26e62f1a2f1e96fafd7791aa3bcc6,2005,Putian,HX,Marsh,7.50107802870327,spatial_unit,observed raw wetland area from authoritative panel
coastal-wetland-evidence-contract,1.0.0,a4cf9efdecf6735f87d398acc56604e66df26e62f1a2f1e96fafd7791aa3bcc6,2006,Putian,HX,Marsh,1.79128241047794,spatial_unit,observed raw wetland area from authoritative panel
coastal-wetland-evidence-contract,1.0.0,a4cf9efdecf6735f87d398acc56604e66df26e62f1a2f1e96fafd7791aa3bcc6,2007,Putian,HX,Marsh,1.8928556847886,spatial_unit,observed raw wetland area from authoritative panel
coastal-wetland-evidence-contract,1.0.0,a4cf9efdecf6735f87d398acc56604e66df26e62f1a2f1e96fafd7791aa3bcc6,2008,Putian,HX,Marsh,4.07995377947304,spatial_unit,observed raw wetland area from authoritative panel
coastal-wetland-evidence-contract,1.0.0,a4cf9efdecf6735f87d398acc56604e66df26e62f1a2f1e96fafd7791aa3bcc6,2009,Putian,HX,Marsh,4.91531196049326,spatial_unit,observed raw wetland area from authoritative panel
coastal-wetland-evidence-contract,1.0.0,a4cf9efdecf6735f87d398acc56604e66df26e62f1a2f1e96fafd7791aa3bcc6,2010,Putian,HX,Marsh,4.43311581248851,spatial_unit,observed raw wetland area from authoritative panel
coastal-wetland-evidence-contract,1.0.0,a4cf9efdecf6735f87d398acc56604e66df26e62f1a2f1e96fafd7791aa3bcc6,2011,Putian,HX,Marsh,3.44831585344286,spatial_unit,observed raw wetland area from authoritative panel
coastal-wetland-evidence-contract,1.0.0,a4cf9efdecf6735f87d398acc56604e66df26e62f1a2f1e96fafd7791aa3bcc6,2012,Putian,HX,Marsh,4.47960067645527,spatial_unit,observed raw wetland area from authoritative panel
coastal-wetland-evidence-contract,1.0.0,a4cf9efdecf6735f87d398acc56604e66df26e62f1a2f1e96fafd7791aa3bcc6,2013,Putian,HX,Marsh,5.20971431836703,spatial_unit,observed raw wetland area from authoritative panel
coastal-wetland-evidence-contract,1.0.0,a4cf9efdecf6735f87d398acc56604e66df26e62f1a2f1e96fafd7791aa3bcc6,2014,Putian,HX,Marsh,6.05204100204887,spatial_unit,observed raw wetland area from authoritative panel
coastal-wetland-evidence-contract,1.0.0,a4cf9efdecf6735f87d398acc56604e66df26e62f1a2f1e96fafd7791aa3bcc6,2015,Putian,HX,Marsh,5.90071008624004,spatial_unit,observed raw wetland area from authoritative panel
coastal-wetland-evidence-contract,1.0.0,a4cf9efdecf6735f87d398acc56604e66df26e62f1a2f1e96fafd7791aa3bcc6,2016,Putian,HX,Marsh,5.22242876530714,spatial_unit,observed raw wetland area from authoritative panel
coastal-wetland-evidence-contract,1.0.0,a4cf9efdecf6735f87d398acc56604e66df26e62f1a2f1e96fafd7791aa3bcc6,2017,Putian,HX,Marsh,4.39994452537913,spatial_unit,observed raw wetland area from authoritative panel
coastal-wetland-evidence-contract,1.0.0,a4cf9efdecf6735f87d398acc56604e66df26e62f1a2f1e96fafd7791aa3bcc6,2018,Putian,HX,Marsh,4.37683235676317,spatial_unit,observed raw wetland area from authoritative panel
coastal-wetland-evidence-contract,1.0.0,a4cf9efdecf6735f87d398acc56604e66df26e62f1a2f1e96fafd7791aa3bcc6,2019,Putian,HX,Marsh,3.46644570977711,spatial_unit,observed raw wetland area from authoritative panel
coastal-wetland-evidence-contract,1.0.0,a4cf9efdecf6735f87d398acc56604e66df26e62f1a2f1e96fafd7791aa3bcc6,2020,Putian,HX,Marsh,4.19119654674096,spatial_unit,observed raw wetland area from authoritative panel
coastal-wetland-evidence-contract,1.0.0,a4cf9efdecf6735f87d398acc56604e66df26e62f1a2f1e96fafd7791aa3bcc6,2021,Putian,HX,Marsh,4.60187798545496,spatial_unit,observed raw wetland area from authoritative panel
coastal-wetland-evidence-contract,1.0.0,a4cf9efdecf6735f87d398acc56604e66df26e62f1a2f1e96fafd7791aa3bcc6,2022,Putian,HX,Marsh,5.74094612545573,spatial_unit,observed raw wetland area from authoritative panel
coastal-wetland-evidence-contract,1.0.0,a4cf9efdecf6735f87d398acc56604e66df26e62f1a2f1e96fafd7791aa3bcc6,2001,Quanzhou,HX,Marsh,6.7865048904833,spatial_unit,observed raw wetland area from authoritative panel
coastal-wetland-evidence-contract,1.0.0,a4cf9efdecf6735f87d398acc56604e66df26e62f1a2f1e96fafd7791aa3bcc6,2002,Quanzhou,HX,Marsh,6.71582786104474,spatial_unit,observed raw wetland area from authoritative panel
coastal-wetland-evidence-contract,1.0.0,a4cf9efdecf6735f87d398acc56604e66df26e62f1a2f1e96fafd7791aa3bcc6,2003,Quanzhou,HX,Marsh,9.16485594557675,spatial_unit,observed raw wetland area from authoritative panel
coastal-wetland-evidence-contract,1.0.0,a4cf9efdecf6735f87d398acc56604e66df26e62f1a2f1e96fafd7791aa3bcc6,2004,Quanzhou,HX,Marsh,9.38589730706573,spatial_unit,observed raw wetland area from authoritative panel
coastal-wetland-evidence-contract,1.0.0,a4cf9efdecf6735f87d398acc56604e66df26e62f1a2f1e96fafd7791aa3bcc6,2005,Quanzhou,HX,Marsh,9.5469397478937,spatial_unit,observed raw wetland area from authoritative panel
coastal-wetland-evidence-contract,1.0.0,a4cf9efdecf6735f87d398acc56604e66df26e62f1a2f1e96fafd7791aa3bcc6,2006,Quanzhou,HX,Marsh,5.78697629621247,spatial_unit,observed raw wetland area from authoritative panel
coastal-wetland-evidence-contract,1.0.0,a4cf9efdecf6735f87d398acc56604e66df26e62f1a2f1e96fafd7791aa3bcc6,2007,Quanzhou,HX,Marsh,6.12675198879442,spatial_unit,observed raw wetland area from authoritative panel
coastal-wetland-evidence-contract,1.0.0,a4cf9efdecf6735f87d398acc56604e66df26e62f1a2f1e96fafd7791aa3bcc6,2008,Quanzhou,HX,Marsh,8.93982653564646,spatial_unit,observed raw wetland area from authoritative panel
coastal-wetland-evidence-contract,1.0.0,a4cf9efdecf6735f87d398acc56604e66df26e62f1a2f1e96fafd7791aa3bcc6,2009,Quanzhou,HX,Marsh,9.65389205103786,spatial_unit,observed raw wetland area from authoritative panel
coastal-wetland-evidence-contract,1.0.0,a4cf9efdecf6735f87d398acc56604e66df26e62f1a2f1e96fafd7791aa3bcc6,2010,Quanzhou,HX,Marsh,8.59625744194241,spatial_unit,observed raw wetland area from authoritative panel
coastal-wetland-evidence-contract,1.0.0,a4cf9efdecf6735f87d398acc56604e66df26e62f1a2f1e96fafd7791aa3bcc6,2011,Quanzhou,HX,Marsh,7.36741265218291,spatial_unit,observed raw wetland area from authoritative panel
coastal-wetland-evidence-contract,1.0.0,a4cf9efdecf6735f87d398acc56604e66df26e62f1a2f1e96fafd7791aa3bcc6,2012,Quanzhou,HX,Marsh,8.3333358322304,spatial_unit,observed raw wetland area from authoritative panel
coastal-wetland-evidence-contract,1.0.0,a4cf9efdecf6735f87d398acc56604e66df26e62f1a2f1e96fafd7791aa3bcc6,2013,Quanzhou,HX,Marsh,7.2885241940602,spatial_unit,observed raw wetland area from authoritative panel
coastal-wetland-evidence-contract,1.0.0,a4cf9efdecf6735f87d398acc56604e66df26e62f1a2f1e96fafd7791aa3bcc6,2014,Quanzhou,HX,Marsh,8.92820988864891,spatial_unit,observed raw wetland area from authoritative panel
coastal-wetland-evidence-contract,1.0.0,a4cf9efdecf6735f87d398acc56604e66df26e62f1a2f1e96fafd7791aa3bcc6,2015,Quanzhou,HX,Marsh,9.0192569421875,spatial_unit,observed raw wetland area from authoritative panel
coastal-wetland-evidence-contract,1.0.0,a4cf9efdecf6735f87d398acc56604e66df26e62f1a2f1e96fafd7791aa3bcc6,2016,Quanzhou,HX,Marsh,9.46634013090533,spatial_unit,observed raw wetland area from authoritative panel
coastal-wetland-evidence-contract,1.0.0,a4cf9efdecf6735f87d398acc56604e66df26e62f1a2f1e96fafd7791aa3bcc6,2017,Quanzhou,HX,Marsh,8.92302796245788,spatial_unit,observed raw wetland area from authoritative panel
coastal-wetland-evidence-contract,1.0.0,a4cf9efdecf6735f87d398acc56604e66df26e62f1a2f1e96fafd7791aa3bcc6,2018,Quanzhou,HX,Marsh,8.17396456165365,spatial_unit,observed raw wetland area from authoritative panel
coastal-wetland-evidence-contract,1.0.0,a4cf9efdecf6735f87d398acc56604e66df26e62f1a2f1e96fafd7791aa3bcc6,2019,Quanzhou,HX,Marsh,9.54999046031712,spatial_unit,observed raw wetland area from authoritative panel
coastal-wetland-evidence-contract,1.0.0,a4cf9efdecf6735f87d398acc56604e66df26e62f1a2f1e96fafd7791aa3bcc6,2020,Quanzhou,HX,Marsh,9.75931955946691,spatial_unit,observed raw wetland area from authoritative panel
coastal-wetland-evidence-contract,1.0.0,a4cf9efdecf6735f87d398acc56604e66df26e62f1a2f1e96fafd7791aa3bcc6,2021,Quanzhou,HX,Marsh,11.0639620812347,spatial_unit,observed raw wetland area from authoritative panel
coastal-wetland-evidence-contract,1.0.0,a4cf9efdecf6735f87d398acc56604e66df26e62f1a2f1e96fafd7791aa3bcc6,2022,Quanzhou,HX,Marsh,11.9421318818666,spatial_unit,observed raw wetland area from authoritative panel
coastal-wetland-evidence-contract,1.0.0,a4cf9efdecf6735f87d398acc56604e66df26e62f1a2f1e96fafd7791aa3bcc6,2001,Shantou,HX,Marsh,12.4941513223652,spatial_unit,observed raw wetland area from authoritative panel
coastal-wetland-evidence-contract,1.0.0,a4cf9efdecf6735f87d398acc56604e66df26e62f1a2f1e96fafd7791aa3bcc6,2002,Shantou,HX,Marsh,12.0837506755324,spatial_unit,observed raw wetland area from authoritative panel
coastal-wetland-evidence-contract,1.0.0,a4cf9efdecf6735f87d398acc56604e66df26e62f1a2f1e96fafd7791aa3bcc6,2003,Shantou,HX,Marsh,12.9346489775659,spatial_unit,observed raw wetland area from authoritative panel
coastal-wetland-evidence-contract,1.0.0,a4cf9efdecf6735f87d398acc56604e66df26e62f1a2f1e96fafd7791aa3bcc6,2004,Shantou,HX,Marsh,12.4212063959904,spatial_unit,observed raw wetland area from authoritative panel
coastal-wetland-evidence-contract,1.0.0,a4cf9efdecf6735f87d398acc56604e66df26e62f1a2f1e96fafd7791aa3bcc6,2005,Shantou,HX,Marsh,11.7517705993873,spatial_unit,observed raw wetland area from authoritative panel
coastal-wetland-evidence-contract,1.0.0,a4cf9efdecf6735f87d398acc56604e66df26e62f1a2f1e96fafd7791aa3bcc6,2006,Shantou,HX,Marsh,9.82063604011182,spatial_unit,observed raw wetland area from authoritative panel
coastal-wetland-evidence-contract,1.0.0,a4cf9efdecf6735f87d398acc56604e66df26e62f1a2f1e96fafd7791aa3bcc6,2007,Shantou,HX,Marsh,9.57219444226025,spatial_unit,observed raw wetland area from authoritative panel
coastal-wetland-evidence-contract,1.0.0,a4cf9efdecf6735f87d398acc56604e66df26e62f1a2f1e96fafd7791aa3bcc6,2008,Shantou,HX,Marsh,11.3564756106656,spatial_unit,observed raw wetland area from authoritative panel
coastal-wetland-evidence-contract,1.0.0,a4cf9efdecf6735f87d398acc56604e66df26e62f1a2f1e96fafd7791aa3bcc6,2009,Shantou,HX,Marsh,11.4211790236137,spatial_unit,observed raw wetland area from authoritative panel
coastal-wetland-evidence-contract,1.0.0,a4cf9efdecf6735f87d398acc56604e66df26e62f1a2f1e96fafd7791aa3bcc6,2010,Shantou,HX,Marsh,13.2655618393076,spatial_unit,observed raw wetland area from authoritative panel
coastal-wetland-evidence-contract,1.0.0,a4cf9efdecf6735f87d398acc56604e66df26e62f1a2f1e96fafd7791aa3bcc6,2011,Shantou,HX,Marsh,15.0201477535692,spatial_unit,observed raw wetland area from authoritative panel
coastal-wetland-evidence-contract,1.0.0,a4cf9efdecf6735f87d398acc56604e66df26e62f1a2f1e96fafd7791aa3bcc6,2012,Shantou,HX,Marsh,13.7575967328546,spatial_unit,observed raw wetland area from authoritative panel
coastal-wetland-evidence-contract,1.0.0,a4cf9efdecf6735f87d398acc56604e66df26e62f1a2f1e96fafd7791aa3bcc6,2013,Shantou,HX,Marsh,11.7462958751992,spatial_unit,observed raw wetland area from authoritative panel
coastal-wetland-evidence-contract,1.0.0,a4cf9efdecf6735f87d398acc56604e66df26e62f1a2f1e96fafd7791aa3bcc6,2014,Shantou,HX,Marsh,12.876816448315,spatial_unit,observed raw wetland area from authoritative panel
coastal-wetland-evidence-contract,1.0.0,a4cf9efdecf6735f87d398acc56604e66df26e62f1a2f1e96fafd7791aa3bcc6,2015,Shantou,HX,Marsh,13.9174724388135,spatial_unit,observed raw wetland area from authoritative panel
coastal-wetland-evidence-contract,1.0.0,a4cf9efdecf6735f87d398acc56604e66df26e62f1a2f1e96fafd7791aa3bcc6,2016,Shantou,HX,Marsh,16.5825552346354,spatial_unit,observed raw wetland area from authoritative panel
coastal-wetland-evidence-contract,1.0.0,a4cf9efdecf6735f87d398acc56604e66df26e62f1a2f1e96fafd7791aa3bcc6,2017,Shantou,HX,Marsh,14.1054018556755,spatial_unit,observed raw wetland area from authoritative panel
coastal-wetland-evidence-contract,1.0.0,a4cf9efdecf6735f87d398acc56604e66df26e62f1a2f1e96fafd7791aa3bcc6,2018,Shantou,HX,Marsh,11.9419669088235,spatial_unit,observed raw wetland area from authoritative panel
coastal-wetland-evidence-contract,1.0.0,a4cf9efdecf6735f87d398acc56604e66df26e62f1a2f1e96fafd7791aa3bcc6,2019,Shantou,HX,Marsh,11.5337425694661,spatial_unit,observed raw wetland area from authoritative panel
coastal-wetland-evidence-contract,1.0.0,a4cf9efdecf6735f87d398acc56604e66df26e62f1a2f1e96fafd7791aa3bcc6,2020,Shantou,HX,Marsh,10.9147128371975,spatial_unit,observed raw wetland area from authoritative panel
coastal-wetland-evidence-contract,1.0.0,a4cf9efdecf6735f87d398acc56604e66df26e62f1a2f1e96fafd7791aa3bcc6,2021,Shantou,HX,Marsh,13.2439489020259,spatial_unit,observed raw wetland area from authoritative panel
coastal-wetland-evidence-contract,1.0.0,a4cf9efdecf6735f87d398acc56604e66df26e62f1a2f1e96fafd7791aa3bcc6,2022,Shantou,HX,Marsh,19.3679100157859,spatial_unit,observed raw wetland area from authoritative panel
coastal-wetland-evidence-contract,1.0.0,a4cf9efdecf6735f87d398acc56604e66df26e62f1a2f1e96fafd7791aa3bcc6,2001,Xiamen,HX,Marsh,4.1506900244332,spatial_unit,observed raw wetland area from authoritative panel
coastal-wetland-evidence-contract,1.0.0,a4cf9efdecf6735f87d398acc56604e66df26e62f1a2f1e96fafd7791aa3bcc6,2002,Xiamen,HX,Marsh,3.64957298921568,spatial_unit,observed raw wetland area from authoritative panel
coastal-wetland-evidence-contract,1.0.0,a4cf9efdecf6735f87d398acc56604e66df26e62f1a2f1e96fafd7791aa3bcc6,2003,Xiamen,HX,Marsh,4.19154263111596,spatial_unit,observed raw wetland area from authoritative panel
coastal-wetland-evidence-contract,1.0.0,a4cf9efdecf6735f87d398acc56604e66df26e62f1a2f1e96fafd7791aa3bcc6,2004,Xiamen,HX,Marsh,4.30936906109068,spatial_unit,observed raw wetland area from authoritative panel
coastal-wetland-evidence-contract,1.0.0,a4cf9efdecf6735f87d398acc56604e66df26e62f1a2f1e96fafd7791aa3bcc6,2005,Xiamen,HX,Marsh,4.36244129826516,spatial_unit,observed raw wetland area from authoritative panel
coastal-wetland-evidence-contract,1.0.0,a4cf9efdecf6735f87d398acc56604e66df26e62f1a2f1e96fafd7791aa3bcc6,2006,Xiamen,HX,Marsh,2.69221170470282,spatial_unit,observed raw wetland area from authoritative panel
coastal-wetland-evidence-contract,1.0.0,a4cf9efdecf6735f87d398acc56604e66df26e62f1a2f1e96fafd7791aa3bcc6,2007,Xiamen,HX,Marsh,3.35301650446538,spatial_unit,observed raw wetland area from authoritative panel
coastal-wetland-evidence-contract,1.0.0,a4cf9efdecf6735f87d398acc56604e66df26e62f1a2f1e96fafd7791aa3bcc6,2008,Xiamen,HX,Marsh,3.89372814891237,spatial_unit,observed raw wetland area from authoritative panel
coastal-wetland-evidence-contract,1.0.0,a4cf9efdecf6735f87d398acc56604e66df26e62f1a2f1e96fafd7791aa3bcc6,2009,Xiamen,HX,Marsh,3.83849635990349,spatial_unit,observed raw wetland area from authoritative panel
coastal-wetland-evidence-contract,1.0.0,a4cf9efdecf6735f87d398acc56604e66df26e62f1a2f1e96fafd7791aa3bcc6,2010,Xiamen,HX,Marsh,4.10315336634114,spatial_unit,observed raw wetland area from authoritative panel
coastal-wetland-evidence-contract,1.0.0,a4cf9efdecf6735f87d398acc56604e66df26e62f1a2f1e96fafd7791aa3bcc6,2011,Xiamen,HX,Marsh,3.35195930901501,spatial_unit,observed raw wetland area from authoritative panel
coastal-wetland-evidence-contract,1.0.0,a4cf9efdecf6735f87d398acc56604e66df26e62f1a2f1e96fafd7791aa3bcc6,2012,Xiamen,HX,Marsh,2.86992162608762,spatial_unit,observed raw wetland area from authoritative panel
coastal-wetland-evidence-contract,1.0.0,a4cf9efdecf6735f87d398acc56604e66df26e62f1a2f1e96fafd7791aa3bcc6,2013,Xiamen,HX,Marsh,2.8866164684666,spatial_unit,observed raw wetland area from authoritative panel
coastal-wetland-evidence-contract,1.0.0,a4cf9efdecf6735f87d398acc56604e66df26e62f1a2f1e96fafd7791aa3bcc6,2014,Xiamen,HX,Marsh,3.23798382876838,spatial_unit,observed raw wetland area from authoritative panel
coastal-wetland-evidence-contract,1.0.0,a4cf9efdecf6735f87d398acc56604e66df26e62f1a2f1e96fafd7791aa3bcc6,2015,Xiamen,HX,Marsh,3.8613036108341,spatial_unit,observed raw wetland area from authoritative panel
coastal-wetland-evidence-contract,1.0.0,a4cf9efdecf6735f87d398acc56604e66df26e62f1a2f1e96fafd7791aa3bcc6,2016,Xiamen,HX,Marsh,3.62155552003676,spatial_unit,observed raw wetland area from authoritative panel
coastal-wetland-evidence-contract,1.0.0,a4cf9efdecf6735f87d398acc56604e66df26e62f1a2f1e96fafd7791aa3bcc6,2017,Xiamen,HX,Marsh,3.88541035079656,spatial_unit,observed raw wetland area from authoritative panel
coastal-wetland-evidence-contract,1.0.0,a4cf9efdecf6735f87d398acc56604e66df26e62f1a2f1e96fafd7791aa3bcc6,2018,Xiamen,HX,Marsh,3.71513076608455,spatial_unit,observed raw wetland area from authoritative panel
coastal-wetland-evidence-contract,1.0.0,a4cf9efdecf6735f87d398acc56604e66df26e62f1a2f1e96fafd7791aa3bcc6,2019,Xiamen,HX,Marsh,3.60865485440793,spatial_unit,observed raw wetland area from authoritative panel
coastal-wetland-evidence-contract,1.0.0,a4cf9efdecf6735f87d398acc56604e66df26e62f1a2f1e96fafd7791aa3bcc6,2020,Xiamen,HX,Marsh,3.34068378958333,spatial_unit,observed raw wetland area from authoritative panel
coastal-wetland-evidence-contract,1.0.0,a4cf9efdecf6735f87d398acc56604e66df26e62f1a2f1e96fafd7791aa3bcc6,2021,Xiamen,HX,Marsh,3.45535997927389,spatial_unit,observed raw wetland area from authoritative panel
coastal-wetland-evidence-contract,1.0.0,a4cf9efdecf6735f87d398acc56604e66df26e62f1a2f1e96fafd7791aa3bcc6,2022,Xiamen,HX,Marsh,3.31901505342371,spatial_unit,observed raw wetland area from authoritative panel
coastal-wetland-evidence-contract,1.0.0,a4cf9efdecf6735f87d398acc56604e66df26e62f1a2f1e96fafd7791aa3bcc6,2001,Zhangzhou,HX,Marsh,24.6001051617493,spatial_unit,observed raw wetland area from authoritative panel
coastal-wetland-evidence-contract,1.0.0,a4cf9efdecf6735f87d398acc56604e66df26e62f1a2f1e96fafd7791aa3bcc6,2002,Zhangzhou,HX,Marsh,22.5845515860562,spatial_unit,observed raw wetland area from authoritative panel
coastal-wetland-evidence-contract,1.0.0,a4cf9efdecf6735f87d398acc56604e66df26e62f1a2f1e96fafd7791aa3bcc6,2003,Zhangzhou,HX,Marsh,23.9358712715227,spatial_unit,observed raw wetland area from authoritative panel
coastal-wetland-evidence-contract,1.0.0,a4cf9efdecf6735f87d398acc56604e66df26e62f1a2f1e96fafd7791aa3bcc6,2004,Zhangzhou,HX,Marsh,21.8551962232996,spatial_unit,observed raw wetland area from authoritative panel
coastal-wetland-evidence-contract,1.0.0,a4cf9efdecf6735f87d398acc56604e66df26e62f1a2f1e96fafd7791aa3bcc6,2005,Zhangzhou,HX,Marsh,21.3047255284543,spatial_unit,observed raw wetland area from authoritative panel
coastal-wetland-evidence-contract,1.0.0,a4cf9efdecf6735f87d398acc56604e66df26e62f1a2f1e96fafd7791aa3bcc6,2006,Zhangzhou,HX,Marsh,16.7902959491459,spatial_unit,observed raw wetland area from authoritative panel
coastal-wetland-evidence-contract,1.0.0,a4cf9efdecf6735f87d398acc56604e66df26e62f1a2f1e96fafd7791aa3bcc6,2007,Zhangzhou,HX,Marsh,16.1091820426394,spatial_unit,observed raw wetland area from authoritative panel
coastal-wetland-evidence-contract,1.0.0,a4cf9efdecf6735f87d398acc56604e66df26e62f1a2f1e96fafd7791aa3bcc6,2008,Zhangzhou,HX,Marsh,20.7024286801432,spatial_unit,observed raw wetland area from authoritative panel
coastal-wetland-evidence-contract,1.0.0,a4cf9efdecf6735f87d398acc56604e66df26e62f1a2f1e96fafd7791aa3bcc6,2009,Zhangzhou,HX,Marsh,20.8198295641812,spatial_unit,observed raw wetland area from authoritative panel
coastal-wetland-evidence-contract,1.0.0,a4cf9efdecf6735f87d398acc56604e66df26e62f1a2f1e96fafd7791aa3bcc6,2010,Zhangzhou,HX,Marsh,20.3941469275007,spatial_unit,observed raw wetland area from authoritative panel
coastal-wetland-evidence-contract,1.0.0,a4cf9efdecf6735f87d398acc56604e66df26e62f1a2f1e96fafd7791aa3bcc6,2011,Zhangzhou,HX,Marsh,20.4762791006203,spatial_unit,observed raw wetland area from authoritative panel
coastal-wetland-evidence-contract,1.0.0,a4cf9efdecf6735f87d398acc56604e66df26e62f1a2f1e96fafd7791aa3bcc6,2012,Zhangzhou,HX,Marsh,22.5023913659083,spatial_unit,observed raw wetland area from authoritative panel
coastal-wetland-evidence-contract,1.0.0,a4cf9efdecf6735f87d398acc56604e66df26e62f1a2f1e96fafd7791aa3bcc6,2013,Zhangzhou,HX,Marsh,22.0709371449448,spatial_unit,observed raw wetland area from authoritative panel
coastal-wetland-evidence-contract,1.0.0,a4cf9efdecf6735f87d398acc56604e66df26e62f1a2f1e96fafd7791aa3bcc6,2014,Zhangzhou,HX,Marsh,23.5077740017233,spatial_unit,observed raw wetland area from authoritative panel
coastal-wetland-evidence-contract,1.0.0,a4cf9efdecf6735f87d398acc56604e66df26e62f1a2f1e96fafd7791aa3bcc6,2015,Zhangzhou,HX,Marsh,22.8705938135799,spatial_unit,observed raw wetland area from authoritative panel
coastal-wetland-evidence-contract,1.0.0,a4cf9efdecf6735f87d398acc56604e66df26e62f1a2f1e96fafd7791aa3bcc6,2016,Zhangzhou,HX,Marsh,22.0371537021139,spatial_unit,observed raw wetland area from authoritative panel
coastal-wetland-evidence-contract,1.0.0,a4cf9efdecf6735f87d398acc56604e66df26e62f1a2f1e96fafd7791aa3bcc6,2017,Zhangzhou,HX,Marsh,20.7353919389093,spatial_unit,observed raw wetland area from authoritative panel
coastal-wetland-evidence-contract,1.0.0,a4cf9efdecf6735f87d398acc56604e66df26e62f1a2f1e96fafd7791aa3bcc6,2018,Zhangzhou,HX,Marsh,17.8033687783394,spatial_unit,observed raw wetland area from authoritative panel
coastal-wetland-evidence-contract,1.0.0,a4cf9efdecf6735f87d398acc56604e66df26e62f1a2f1e96fafd7791aa3bcc6,2019,Zhangzhou,HX,Marsh,19.7303411848805,spatial_unit,observed raw wetland area from authoritative panel
coastal-wetland-evidence-contract,1.0.0,a4cf9efdecf6735f87d398acc56604e66df26e62f1a2f1e96fafd7791aa3bcc6,2020,Zhangzhou,HX,Marsh,17.6687114119179,spatial_unit,observed raw wetland area from authoritative panel
coastal-wetland-evidence-contract,1.0.0,a4cf9efdecf6735f87d398acc56604e66df26e62f1a2f1e96fafd7791aa3bcc6,2021,Zhangzhou,HX,Marsh,19.7437743374157,spatial_unit,observed raw wetland area from authoritative panel
coastal-wetland-evidence-contract,1.0.0,a4cf9efdecf6735f87d398acc56604e66df26e62f1a2f1e96fafd7791aa3bcc6,2022,Zhangzhou,HX,Marsh,22.0093102931679,spatial_unit,observed raw wetland area from authoritative panel
coastal-wetland-evidence-contract,1.0.0,a4cf9efdecf6735f87d398acc56604e66df26e62f1a2f1e96fafd7791aa3bcc6,2001,Dongguan,PRD,Marsh,11.3047154689836,spatial_unit,observed raw wetland area from authoritative panel
coastal-wetland-evidence-contract,1.0.0,a4cf9efdecf6735f87d398acc56604e66df26e62f1a2f1e96fafd7791aa3bcc6,2002,Dongguan,PRD,Marsh,14.8304963257238,spatial_unit,observed raw wetland area from authoritative panel
coastal-wetland-evidence-contract,1.0.0,a4cf9efdecf6735f87d398acc56604e66df26e62f1a2f1e96fafd7791aa3bcc6,2003,Dongguan,PRD,Marsh,15.4345193247472,spatial_unit,observed raw wetland area from authoritative panel
coastal-wetland-evidence-contract,1.0.0,a4cf9efdecf6735f87d398acc56604e66df26e62f1a2f1e96fafd7791aa3bcc6,2004,Dongguan,PRD,Marsh,15.6391429984681,spatial_unit,observed raw wetland area from authoritative panel
coastal-wetland-evidence-contract,1.0.0,a4cf9efdecf6735f87d398acc56604e66df26e62f1a2f1e96fafd7791aa3bcc6,2005,Dongguan,PRD,Marsh,14.9615653377298,spatial_unit,observed raw wetland area from authoritative panel
coastal-wetland-evidence-contract,1.0.0,a4cf9efdecf6735f87d398acc56604e66df26e62f1a2f1e96fafd7791aa3bcc6,2006,Dongguan,PRD,Marsh,11.5114048693245,spatial_unit,observed raw wetland area from authoritative panel
coastal-wetland-evidence-contract,1.0.0,a4cf9efdecf6735f87d398acc56604e66df26e62f1a2f1e96fafd7791aa3bcc6,2007,Dongguan,PRD,Marsh,10.8402515159812,spatial_unit,observed raw wetland area from authoritative panel
coastal-wetland-evidence-contract,1.0.0,a4cf9efdecf6735f87d398acc56604e66df26e62f1a2f1e96fafd7791aa3bcc6,2008,Dongguan,PRD,Marsh,11.6713409371783,spatial_unit,observed raw wetland area from authoritative panel
coastal-wetland-evidence-contract,1.0.0,a4cf9efdecf6735f87d398acc56604e66df26e62f1a2f1e96fafd7791aa3bcc6,2009,Dongguan,PRD,Marsh,10.0051517352788,spatial_unit,observed raw wetland area from authoritative panel
coastal-wetland-evidence-contract,1.0.0,a4cf9efdecf6735f87d398acc56604e66df26e62f1a2f1e96fafd7791aa3bcc6,2010,Dongguan,PRD,Marsh,14.2517611896101,spatial_unit,observed raw wetland area from authoritative panel
coastal-wetland-evidence-contract,1.0.0,a4cf9efdecf6735f87d398acc56604e66df26e62f1a2f1e96fafd7791aa3bcc6,2011,Dongguan,PRD,Marsh,13.1009732349265,spatial_unit,observed raw wetland area from authoritative panel
coastal-wetland-evidence-contract,1.0.0,a4cf9efdecf6735f87d398acc56604e66df26e62f1a2f1e96fafd7791aa3bcc6,2012,Dongguan,PRD,Marsh,12.9917516116421,spatial_unit,observed raw wetland area from authoritative panel
coastal-wetland-evidence-contract,1.0.0,a4cf9efdecf6735f87d398acc56604e66df26e62f1a2f1e96fafd7791aa3bcc6,2013,Dongguan,PRD,Marsh,10.235038244244,spatial_unit,observed raw wetland area from authoritative panel
coastal-wetland-evidence-contract,1.0.0,a4cf9efdecf6735f87d398acc56604e66df26e62f1a2f1e96fafd7791aa3bcc6,2014,Dongguan,PRD,Marsh,13.086942828351,spatial_unit,observed raw wetland area from authoritative panel
coastal-wetland-evidence-contract,1.0.0,a4cf9efdecf6735f87d398acc56604e66df26e62f1a2f1e96fafd7791aa3bcc6,2015,Dongguan,PRD,Marsh,11.6396365450751,spatial_unit,observed raw wetland area from authoritative panel
coastal-wetland-evidence-contract,1.0.0,a4cf9efdecf6735f87d398acc56604e66df26e62f1a2f1e96fafd7791aa3bcc6,2016,Dongguan,PRD,Marsh,12.9563054849418,spatial_unit,observed raw wetland area from authoritative panel
coastal-wetland-evidence-contract,1.0.0,a4cf9efdecf6735f87d398acc56604e66df26e62f1a2f1e96fafd7791aa3bcc6,2017,Dongguan,PRD,Marsh,12.3595093241728,spatial_unit,observed raw wetland area from authoritative panel
coastal-wetland-evidence-contract,1.0.0,a4cf9efdecf6735f87d398acc56604e66df26e62f1a2f1e96fafd7791aa3bcc6,2018,Dongguan,PRD,Marsh,15.9167461877642,spatial_unit,observed raw wetland area from authoritative panel
coastal-wetland-evidence-contract,1.0.0,a4cf9efdecf6735f87d398acc56604e66df26e62f1a2f1e96fafd7791aa3bcc6,2019,Dongguan,PRD,Marsh,14.8023346370519,spatial_unit,observed raw wetland area from authoritative panel
coastal-wetland-evidence-contract,1.0.0,a4cf9efdecf6735f87d398acc56604e66df26e62f1a2f1e96fafd7791aa3bcc6,2020,Dongguan,PRD,Marsh,16.3006102825904,spatial_unit,observed raw wetland area from authoritative panel
coastal-wetland-evidence-contract,1.0.0,a4cf9efdecf6735f87d398acc56604e66df26e62f1a2f1e96fafd7791aa3bcc6,2021,Dongguan,PRD,Marsh,17.7911353348307,spatial_unit,observed raw wetland area from authoritative panel
coastal-wetland-evidence-contract,1.0.0,a4cf9efdecf6735f87d398acc56604e66df26e62f1a2f1e96fafd7791aa3bcc6,2022,Dongguan,PRD,Marsh,15.7912769373468,spatial_unit,observed raw wetland area from authoritative panel
coastal-wetland-evidence-contract,1.0.0,a4cf9efdecf6735f87d398acc56604e66df26e62f1a2f1e96fafd7791aa3bcc6,2001,Guangzhou,PRD,Marsh,15.7211389608341,spatial_unit,observed raw wetland area from authoritative panel
coastal-wetland-evidence-contract,1.0.0,a4cf9efdecf6735f87d398acc56604e66df26e62f1a2f1e96fafd7791aa3bcc6,2002,Guangzhou,PRD,Marsh,18.3807210584903,spatial_unit,observed raw wetland area from authoritative panel
coastal-wetland-evidence-contract,1.0.0,a4cf9efdecf6735f87d398acc56604e66df26e62f1a2f1e96fafd7791aa3bcc6,2003,Guangzhou,PRD,Marsh,20.3147712311696,spatial_unit,observed raw wetland area from authoritative panel
coastal-wetland-evidence-contract,1.0.0,a4cf9efdecf6735f87d398acc56604e66df26e62f1a2f1e96fafd7791aa3bcc6,2004,Guangzhou,PRD,Marsh,20.4845815907705,spatial_unit,observed raw wetland area from authoritative panel
coastal-wetland-evidence-contract,1.0.0,a4cf9efdecf6735f87d398acc56604e66df26e62f1a2f1e96fafd7791aa3bcc6,2005,Guangzhou,PRD,Marsh,20.9184830894647,spatial_unit,observed raw wetland area from authoritative panel
coastal-wetland-evidence-contract,1.0.0,a4cf9efdecf6735f87d398acc56604e66df26e62f1a2f1e96fafd7791aa3bcc6,2006,Guangzhou,PRD,Marsh,18.4513299110256,spatial_unit,observed raw wetland area from authoritative panel
coastal-wetland-evidence-contract,1.0.0,a4cf9efdecf6735f87d398acc56604e66df26e62f1a2f1e96fafd7791aa3bcc6,2007,Guangzhou,PRD,Marsh,16.8207127742609,spatial_unit,observed raw wetland area from authoritative panel
coastal-wetland-evidence-contract,1.0.0,a4cf9efdecf6735f87d398acc56604e66df26e62f1a2f1e96fafd7791aa3bcc6,2008,Guangzhou,PRD,Marsh,20.0011146967065,spatial_unit,observed raw wetland area from authoritative panel
coastal-wetland-evidence-contract,1.0.0,a4cf9efdecf6735f87d398acc56604e66df26e62f1a2f1e96fafd7791aa3bcc6,2009,Guangzhou,PRD,Marsh,17.7099455451593,spatial_unit,observed raw wetland area from authoritative panel
coastal-wetland-evidence-contract,1.0.0,a4cf9efdecf6735f87d398acc56604e66df26e62f1a2f1e96fafd7791aa3bcc6,2010,Guangzhou,PRD,Marsh,21.7737395830768,spatial_unit,observed raw wetland area from authoritative panel
coastal-wetland-evidence-contract,1.0.0,a4cf9efdecf6735f87d398acc56604e66df26e62f1a2f1e96fafd7791aa3bcc6,2011,Guangzhou,PRD,Marsh,21.2580769405752,spatial_unit,observed raw wetland area from authoritative panel
coastal-wetland-evidence-contract,1.0.0,a4cf9efdecf6735f87d398acc56604e66df26e62f1a2f1e96fafd7791aa3bcc6,2012,Guangzhou,PRD,Marsh,19.8706905396638,spatial_unit,observed raw wetland area from authoritative panel
coastal-wetland-evidence-contract,1.0.0,a4cf9efdecf6735f87d398acc56604e66df26e62f1a2f1e96fafd7791aa3bcc6,2013,Guangzhou,PRD,Marsh,19.9387098685356,spatial_unit,observed raw wetland area from authoritative panel
coastal-wetland-evidence-contract,1.0.0,a4cf9efdecf6735f87d398acc56604e66df26e62f1a2f1e96fafd7791aa3bcc6,2014,Guangzhou,PRD,Marsh,22.6914201995788,spatial_unit,observed raw wetland area from authoritative panel
coastal-wetland-evidence-contract,1.0.0,a4cf9efdecf6735f87d398acc56604e66df26e62f1a2f1e96fafd7791aa3bcc6,2015,Guangzhou,PRD,Marsh,18.8055851592984,spatial_unit,observed raw wetland area from authoritative panel
coastal-wetland-evidence-contract,1.0.0,a4cf9efdecf6735f87d398acc56604e66df26e62f1a2f1e96fafd7791aa3bcc6,2016,Guangzhou,PRD,Marsh,25.5723215543734,spatial_unit,observed raw wetland area from authoritative panel
coastal-wetland-evidence-contract,1.0.0,a4cf9efdecf6735f87d398acc56604e66df26e62f1a2f1e96fafd7791aa3bcc6,2017,Guangzhou,PRD,Marsh,25.2629841593252,spatial_unit,observed raw wetland area from authoritative panel
coastal-wetland-evidence-contract,1.0.0,a4cf9efdecf6735f87d398acc56604e66df26e62f1a2f1e96fafd7791aa3bcc6,2018,Guangzhou,PRD,Marsh,32.6969316413104,spatial_unit,observed raw wetland area from authoritative panel
coastal-wetland-evidence-contract,1.0.0,a4cf9efdecf6735f87d398acc56604e66df26e62f1a2f1e96fafd7791aa3bcc6,2019,Guangzhou,PRD,Marsh,30.9929802426585,spatial_unit,observed raw wetland area from authoritative panel
coastal-wetland-evidence-contract,1.0.0,a4cf9efdecf6735f87d398acc56604e66df26e62f1a2f1e96fafd7791aa3bcc6,2020,Guangzhou,PRD,Marsh,31.5678775116574,spatial_unit,observed raw wetland area from authoritative panel
coastal-wetland-evidence-contract,1.0.0,a4cf9efdecf6735f87d398acc56604e66df26e62f1a2f1e96fafd7791aa3bcc6,2021,Guangzhou,PRD,Marsh,30.8927314775467,spatial_unit,observed raw wetland area from authoritative panel
coastal-wetland-evidence-contract,1.0.0,a4cf9efdecf6735f87d398acc56604e66df26e62f1a2f1e96fafd7791aa3bcc6,2022,Guangzhou,PRD,Marsh,26.7885830492953,spatial_unit,observed raw wetland area from authoritative panel
coastal-wetland-evidence-contract,1.0.0,a4cf9efdecf6735f87d398acc56604e66df26e62f1a2f1e96fafd7791aa3bcc6,2001,Hong_Kong,PRD,Marsh,1.75806766326976,spatial_unit,observed raw wetland area from authoritative panel
coastal-wetland-evidence-contract,1.0.0,a4cf9efdecf6735f87d398acc56604e66df26e62f1a2f1e96fafd7791aa3bcc6,2002,Hong_Kong,PRD,Marsh,1.63819843631281,spatial_unit,observed raw wetland area from authoritative panel
coastal-wetland-evidence-contract,1.0.0,a4cf9efdecf6735f87d398acc56604e66df26e62f1a2f1e96fafd7791aa3bcc6,2003,Hong_Kong,PRD,Marsh,1.91286528137255,spatial_unit,observed raw wetland area from authoritative panel
coastal-wetland-evidence-contract,1.0.0,a4cf9efdecf6735f87d398acc56604e66df26e62f1a2f1e96fafd7791aa3bcc6,2004,Hong_Kong,PRD,Marsh,2.27181411985294,spatial_unit,observed raw wetland area from authoritative panel
coastal-wetland-evidence-contract,1.0.0,a4cf9efdecf6735f87d398acc56604e66df26e62f1a2f1e96fafd7791aa3bcc6,2005,Hong_Kong,PRD,Marsh,2.17994016061964,spatial_unit,observed raw wetland area from authoritative panel
coastal-wetland-evidence-contract,1.0.0,a4cf9efdecf6735f87d398acc56604e66df26e62f1a2f1e96fafd7791aa3bcc6,2006,Hong_Kong,PRD,Marsh,2.31256711428079,spatial_unit,observed raw wetland area from authoritative panel
coastal-wetland-evidence-contract,1.0.0,a4cf9efdecf6735f87d398acc56604e66df26e62f1a2f1e96fafd7791aa3bcc6,2007,Hong_Kong,PRD,Marsh,2.0864238365311,spatial_unit,observed raw wetland area from authoritative panel
coastal-wetland-evidence-contract,1.0.0,a4cf9efdecf6735f87d398acc56604e66df26e62f1a2f1e96fafd7791aa3bcc6,2008,Hong_Kong,PRD,Marsh,2.13680763064108,spatial_unit,observed raw wetland area from authoritative panel
coastal-wetland-evidence-contract,1.0.0,a4cf9efdecf6735f87d398acc56604e66df26e62f1a2f1e96fafd7791aa3bcc6,2009,Hong_Kong,PRD,Marsh,2.16890523571921,spatial_unit,observed raw wetland area from authoritative panel
coastal-wetland-evidence-contract,1.0.0,a4cf9efdecf6735f87d398acc56604e66df26e62f1a2f1e96fafd7791aa3bcc6,2010,Hong_Kong,PRD,Marsh,2.22582530641467,spatial_unit,observed raw wetland area from authoritative panel
coastal-wetland-evidence-contract,1.0.0,a4cf9efdecf6735f87d398acc56604e66df26e62f1a2f1e96fafd7791aa3bcc6,2011,Hong_Kong,PRD,Marsh,2.31789657422641,spatial_unit,observed raw wetland area from authoritative panel
coastal-wetland-evidence-contract,1.0.0,a4cf9efdecf6735f87d398acc56604e66df26e62f1a2f1e96fafd7791aa3bcc6,2012,Hong_Kong,PRD,Marsh,2.58263542521063,spatial_unit,observed raw wetland area from authoritative panel
coastal-wetland-evidence-contract,1.0.0,a4cf9efdecf6735f87d398acc56604e66df26e62f1a2f1e96fafd7791aa3bcc6,2013,Hong_Kong,PRD,Marsh,2.62804253475414,spatial_unit,observed raw wetland area from authoritative panel
coastal-wetland-evidence-contract,1.0.0,a4cf9efdecf6735f87d398acc56604e66df26e62f1a2f1e96fafd7791aa3bcc6,2014,Hong_Kong,PRD,Marsh,2.50152869849877,spatial_unit,observed raw wetland area from authoritative panel
coastal-wetland-evidence-contract,1.0.0,a4cf9efdecf6735f87d398acc56604e66df26e62f1a2f1e96fafd7791aa3bcc6,2015,Hong_Kong,PRD,Marsh,2.78307104196538,spatial_unit,observed raw wetland area from authoritative panel
coastal-wetland-evidence-contract,1.0.0,a4cf9efdecf6735f87d398acc56604e66df26e62f1a2f1e96fafd7791aa3bcc6,2016,Hong_Kong,PRD,Marsh,2.80776097032399,spatial_unit,observed raw wetland area from authoritative panel
coastal-wetland-evidence-contract,1.0.0,a4cf9efdecf6735f87d398acc56604e66df26e62f1a2f1e96fafd7791aa3bcc6,2017,Hong_Kong,PRD,Marsh,3.30486906713005,spatial_unit,observed raw wetland area from authoritative panel
coastal-wetland-evidence-contract,1.0.0,a4cf9efdecf6735f87d398acc56604e66df26e62f1a2f1e96fafd7791aa3bcc6,2018,Hong_Kong,PRD,Marsh,2.79668012136565,spatial_unit,observed raw wetland area from authoritative panel
coastal-wetland-evidence-contract,1.0.0,a4cf9efdecf6735f87d398acc56604e66df26e62f1a2f1e96fafd7791aa3bcc6,2019,Hong_Kong,PRD,Marsh,3.31558803090916,spatial_unit,observed raw wetland area from authoritative panel
coastal-wetland-evidence-contract,1.0.0,a4cf9efdecf6735f87d398acc56604e66df26e62f1a2f1e96fafd7791aa3bcc6,2020,Hong_Kong,PRD,Marsh,2.77280048248698,spatial_unit,observed raw wetland area from authoritative panel
coastal-wetland-evidence-contract,1.0.0,a4cf9efdecf6735f87d398acc56604e66df26e62f1a2f1e96fafd7791aa3bcc6,2021,Hong_Kong,PRD,Marsh,3.21154426789598,spatial_unit,observed raw wetland area from authoritative panel
coastal-wetland-evidence-contract,1.0.0,a4cf9efdecf6735f87d398acc56604e66df26e62f1a2f1e96fafd7791aa3bcc6,2022,Hong_Kong,PRD,Marsh,3.23564943029258,spatial_unit,observed raw wetland area from authoritative panel
coastal-wetland-evidence-contract,1.0.0,a4cf9efdecf6735f87d398acc56604e66df26e62f1a2f1e96fafd7791aa3bcc6,2001,Huizhou,PRD,Marsh,28.2210754038565,spatial_unit,observed raw wetland area from authoritative panel
coastal-wetland-evidence-contract,1.0.0,a4cf9efdecf6735f87d398acc56604e66df26e62f1a2f1e96fafd7791aa3bcc6,2002,Huizhou,PRD,Marsh,32.4051781414254,spatial_unit,observed raw wetland area from authoritative panel
coastal-wetland-evidence-contract,1.0.0,a4cf9efdecf6735f87d398acc56604e66df26e62f1a2f1e96fafd7791aa3bcc6,2003,Huizhou,PRD,Marsh,38.0127307543926,spatial_unit,observed raw wetland area from authoritative panel
coastal-wetland-evidence-contract,1.0.0,a4cf9efdecf6735f87d398acc56604e66df26e62f1a2f1e96fafd7791aa3bcc6,2004,Huizhou,PRD,Marsh,38.5812035829313,spatial_unit,observed raw wetland area from authoritative panel
coastal-wetland-evidence-contract,1.0.0,a4cf9efdecf6735f87d398acc56604e66df26e62f1a2f1e96fafd7791aa3bcc6,2005,Huizhou,PRD,Marsh,42.6503920976486,spatial_unit,observed raw wetland area from authoritative panel
coastal-wetland-evidence-contract,1.0.0,a4cf9efdecf6735f87d398acc56604e66df26e62f1a2f1e96fafd7791aa3bcc6,2006,Huizhou,PRD,Marsh,34.429562229971,spatial_unit,observed raw wetland area from authoritative panel
coastal-wetland-evidence-contract,1.0.0,a4cf9efdecf6735f87d398acc56604e66df26e62f1a2f1e96fafd7791aa3bcc6,2007,Huizhou,PRD,Marsh,30.2530322718099,spatial_unit,observed raw wetland area from authoritative panel
coastal-wetland-evidence-contract,1.0.0,a4cf9efdecf6735f87d398acc56604e66df26e62f1a2f1e96fafd7791aa3bcc6,2008,Huizhou,PRD,Marsh,34.4757254498851,spatial_unit,observed raw wetland area from authoritative panel
coastal-wetland-evidence-contract,1.0.0,a4cf9efdecf6735f87d398acc56604e66df26e62f1a2f1e96fafd7791aa3bcc6,2009,Huizhou,PRD,Marsh,32.1001544453048,spatial_unit,observed raw wetland area from authoritative panel
coastal-wetland-evidence-contract,1.0.0,a4cf9efdecf6735f87d398acc56604e66df26e62f1a2f1e96fafd7791aa3bcc6,2010,Huizhou,PRD,Marsh,33.4211001695274,spatial_unit,observed raw wetland area from authoritative panel
coastal-wetland-evidence-contract,1.0.0,a4cf9efdecf6735f87d398acc56604e66df26e62f1a2f1e96fafd7791aa3bcc6,2011,Huizhou,PRD,Marsh,31.1740300510455,spatial_unit,observed raw wetland area from authoritative panel
coastal-wetland-evidence-contract,1.0.0,a4cf9efdecf6735f87d398acc56604e66df26e62f1a2f1e96fafd7791aa3bcc6,2012,Huizhou,PRD,Marsh,30.5748420931181,spatial_unit,observed raw wetland area from authoritative panel
coastal-wetland-evidence-contract,1.0.0,a4cf9efdecf6735f87d398acc56604e66df26e62f1a2f1e96fafd7791aa3bcc6,2013,Huizhou,PRD,Marsh,22.06959699321,spatial_unit,observed raw wetland area from authoritative panel
coastal-wetland-evidence-contract,1.0.0,a4cf9efdecf6735f87d398acc56604e66df26e62f1a2f1e96fafd7791aa3bcc6,2014,Huizhou,PRD,Marsh,28.9043123049709,spatial_unit,observed raw wetland area from authoritative panel
coastal-wetland-evidence-contract,1.0.0,a4cf9efdecf6735f87d398acc56604e66df26e62f1a2f1e96fafd7791aa3bcc6,2015,Huizhou,PRD,Marsh,27.7000123901003,spatial_unit,observed raw wetland area from authoritative panel
coastal-wetland-evidence-contract,1.0.0,a4cf9efdecf6735f87d398acc56604e66df26e62f1a2f1e96fafd7791aa3bcc6,2016,Huizhou,PRD,Marsh,27.0159097831955,spatial_unit,observed raw wetland area from authoritative panel
coastal-wetland-evidence-contract,1.0.0,a4cf9efdecf6735f87d398acc56604e66df26e62f1a2f1e96fafd7791aa3bcc6,2017,Huizhou,PRD,Marsh,29.1404829541743,spatial_unit,observed raw wetland area from authoritative panel
coastal-wetland-evidence-contract,1.0.0,a4cf9efdecf6735f87d398acc56604e66df26e62f1a2f1e96fafd7791aa3bcc6,2018,Huizhou,PRD,Marsh,30.9050349106426,spatial_unit,observed raw wetland area from authoritative panel
coastal-wetland-evidence-contract,1.0.0,a4cf9efdecf6735f87d398acc56604e66df26e62f1a2f1e96fafd7791aa3bcc6,2019,Huizhou,PRD,Marsh,36.3716183144723,spatial_unit,observed raw wetland area from authoritative panel
coastal-wetland-evidence-contract,1.0.0,a4cf9efdecf6735f87d398acc56604e66df26e62f1a2f1e96fafd7791aa3bcc6,2020,Huizhou,PRD,Marsh,42.4017173056679,spatial_unit,observed raw wetland area from authoritative panel
coastal-wetland-evidence-contract,1.0.0,a4cf9efdecf6735f87d398acc56604e66df26e62f1a2f1e96fafd7791aa3bcc6,2021,Huizhou,PRD,Marsh,41.1720756891506,spatial_unit,observed raw wetland area from authoritative panel
coastal-wetland-evidence-contract,1.0.0,a4cf9efdecf6735f87d398acc56604e66df26e62f1a2f1e96fafd7791aa3bcc6,2022,Huizhou,PRD,Marsh,39.4941500083333,spatial_unit,observed raw wetland area from authoritative panel
coastal-wetland-evidence-contract,1.0.0,a4cf9efdecf6735f87d398acc56604e66df26e62f1a2f1e96fafd7791aa3bcc6,2001,Jiangmen,PRD,Marsh,46.3573928768152,spatial_unit,observed raw wetland area from authoritative panel
coastal-wetland-evidence-contract,1.0.0,a4cf9efdecf6735f87d398acc56604e66df26e62f1a2f1e96fafd7791aa3bcc6,2002,Jiangmen,PRD,Marsh,55.5056455756012,spatial_unit,observed raw wetland area from authoritative panel
coastal-wetland-evidence-contract,1.0.0,a4cf9efdecf6735f87d398acc56604e66df26e62f1a2f1e96fafd7791aa3bcc6,2003,Jiangmen,PRD,Marsh,62.1841004559816,spatial_unit,observed raw wetland area from authoritative panel
coastal-wetland-evidence-contract,1.0.0,a4cf9efdecf6735f87d398acc56604e66df26e62f1a2f1e96fafd7791aa3bcc6,2004,Jiangmen,PRD,Marsh,61.1298845493144,spatial_unit,observed raw wetland area from authoritative panel
coastal-wetland-evidence-contract,1.0.0,a4cf9efdecf6735f87d398acc56604e66df26e62f1a2f1e96fafd7791aa3bcc6,2005,Jiangmen,PRD,Marsh,58.2124883621591,spatial_unit,observed raw wetland area from authoritative panel
coastal-wetland-evidence-contract,1.0.0,a4cf9efdecf6735f87d398acc56604e66df26e62f1a2f1e96fafd7791aa3bcc6,2006,Jiangmen,PRD,Marsh,62.4044379323222,spatial_unit,observed raw wetland area from authoritative panel
coastal-wetland-evidence-contract,1.0.0,a4cf9efdecf6735f87d398acc56604e66df26e62f1a2f1e96fafd7791aa3bcc6,2007,Jiangmen,PRD,Marsh,56.8001836133846,spatial_unit,observed raw wetland area from authoritative panel
coastal-wetland-evidence-contract,1.0.0,a4cf9efdecf6735f87d398acc56604e66df26e62f1a2f1e96fafd7791aa3bcc6,2008,Jiangmen,PRD,Marsh,60.4832733454771,spatial_unit,observed raw wetland area from authoritative panel
coastal-wetland-evidence-contract,1.0.0,a4cf9efdecf6735f87d398acc56604e66df26e62f1a2f1e96fafd7791aa3bcc6,2009,Jiangmen,PRD,Marsh,58.2796222593096,spatial_unit,observed raw wetland area from authoritative panel
coastal-wetland-evidence-contract,1.0.0,a4cf9efdecf6735f87d398acc56604e66df26e62f1a2f1e96fafd7791aa3bcc6,2010,Jiangmen,PRD,Marsh,75.3015932201475,spatial_unit,observed raw wetland area from authoritative panel
coastal-wetland-evidence-contract,1.0.0,a4cf9efdecf6735f87d398acc56604e66df26e62f1a2f1e96fafd7791aa3bcc6,2011,Jiangmen,PRD,Marsh,81.054888677918,spatial_unit,observed raw wetland area from authoritative panel
coastal-wetland-evidence-contract,1.0.0,a4cf9efdecf6735f87d398acc56604e66df26e62f1a2f1e96fafd7791aa3bcc6,2012,Jiangmen,PRD,Marsh,76.8914037104662,spatial_unit,observed raw wetland area from authoritative panel
coastal-wetland-evidence-contract,1.0.0,a4cf9efdecf6735f87d398acc56604e66df26e62f1a2f1e96fafd7791aa3bcc6,2013,Jiangmen,PRD,Marsh,72.7395037691481,spatial_unit,observed raw wetland area from authoritative panel
coastal-wetland-evidence-contract,1.0.0,a4cf9efdecf6735f87d398acc56604e66df26e62f1a2f1e96fafd7791aa3bcc6,2014,Jiangmen,PRD,Marsh,96.9667341409887,spatial_unit,observed raw wetland area from authoritative panel
coastal-wetland-evidence-contract,1.0.0,a4cf9efdecf6735f87d398acc56604e66df26e62f1a2f1e96fafd7791aa3bcc6,2015,Jiangmen,PRD,Marsh,89.0834520259382,spatial_unit,observed raw wetland area from authoritative panel
coastal-wetland-evidence-contract,1.0.0,a4cf9efdecf6735f87d398acc56604e66df26e62f1a2f1e96fafd7791aa3bcc6,2016,Jiangmen,PRD,Marsh,100.398171787753,spatial_unit,observed raw wetland area from authoritative panel
coastal-wetland-evidence-contract,1.0.0,a4cf9efdecf6735f87d398acc56604e66df26e62f1a2f1e96fafd7791aa3bcc6,2017,Jiangmen,PRD,Marsh,82.9542238414673,spatial_unit,observed raw wetland area from authoritative panel
coastal-wetland-evidence-contract,1.0.0,a4cf9efdecf6735f87d398acc56604e66df26e62f1a2f1e96fafd7791aa3bcc6,2018,Jiangmen,PRD,Marsh,86.9848419231615,spatial_unit,observed raw wetland area from authoritative panel
coastal-wetland-evidence-contract,1.0.0,a4cf9efdecf6735f87d398acc56604e66df26e62f1a2f1e96fafd7791aa3bcc6,2019,Jiangmen,PRD,Marsh,91.8588507618678,spatial_unit,observed raw wetland area from authoritative panel
coastal-wetland-evidence-contract,1.0.0,a4cf9efdecf6735f87d398acc56604e66df26e62f1a2f1e96fafd7791aa3bcc6,2020,Jiangmen,PRD,Marsh,96.008273827493,spatial_unit,observed raw wetland area from authoritative panel
coastal-wetland-evidence-contract,1.0.0,a4cf9efdecf6735f87d398acc56604e66df26e62f1a2f1e96fafd7791aa3bcc6,2021,Jiangmen,PRD,Marsh,90.7956841852327,spatial_unit,observed raw wetland area from authoritative panel
coastal-wetland-evidence-contract,1.0.0,a4cf9efdecf6735f87d398acc56604e66df26e62f1a2f1e96fafd7791aa3bcc6,2022,Jiangmen,PRD,Marsh,82.5348409442861,spatial_unit,observed raw wetland area from authoritative panel
coastal-wetland-evidence-contract,1.0.0,a4cf9efdecf6735f87d398acc56604e66df26e62f1a2f1e96fafd7791aa3bcc6,2001,Shanwei,PRD,Marsh,31.6528379905485,spatial_unit,observed raw wetland area from authoritative panel
coastal-wetland-evidence-contract,1.0.0,a4cf9efdecf6735f87d398acc56604e66df26e62f1a2f1e96fafd7791aa3bcc6,2002,Shanwei,PRD,Marsh,33.2372793799365,spatial_unit,observed raw wetland area from authoritative panel
coastal-wetland-evidence-contract,1.0.0,a4cf9efdecf6735f87d398acc56604e66df26e62f1a2f1e96fafd7791aa3bcc6,2003,Shanwei,PRD,Marsh,31.7871943681641,spatial_unit,observed raw wetland area from authoritative panel
coastal-wetland-evidence-contract,1.0.0,a4cf9efdecf6735f87d398acc56604e66df26e62f1a2f1e96fafd7791aa3bcc6,2004,Shanwei,PRD,Marsh,33.314393112408,spatial_unit,observed raw wetland area from authoritative panel
coastal-wetland-evidence-contract,1.0.0,a4cf9efdecf6735f87d398acc56604e66df26e62f1a2f1e96fafd7791aa3bcc6,2005,Shanwei,PRD,Marsh,34.8326831005437,spatial_unit,observed raw wetland area from authoritative panel
coastal-wetland-evidence-contract,1.0.0,a4cf9efdecf6735f87d398acc56604e66df26e62f1a2f1e96fafd7791aa3bcc6,2006,Shanwei,PRD,Marsh,32.6601751713962,spatial_unit,observed raw wetland area from authoritative panel
coastal-wetland-evidence-contract,1.0.0,a4cf9efdecf6735f87d398acc56604e66df26e62f1a2f1e96fafd7791aa3bcc6,2007,Shanwei,PRD,Marsh,29.3745258592869,spatial_unit,observed raw wetland area from authoritative panel
coastal-wetland-evidence-contract,1.0.0,a4cf9efdecf6735f87d398acc56604e66df26e62f1a2f1e96fafd7791aa3bcc6,2008,Shanwei,PRD,Marsh,32.2926900976677,spatial_unit,observed raw wetland area from authoritative panel
coastal-wetland-evidence-contract,1.0.0,a4cf9efdecf6735f87d398acc56604e66df26e62f1a2f1e96fafd7791aa3bcc6,2009,Shanwei,PRD,Marsh,33.1531294372893,spatial_unit,observed raw wetland area from authoritative panel
coastal-wetland-evidence-contract,1.0.0,a4cf9efdecf6735f87d398acc56604e66df26e62f1a2f1e96fafd7791aa3bcc6,2010,Shanwei,PRD,Marsh,33.0721558554994,spatial_unit,observed raw wetland area from authoritative panel
coastal-wetland-evidence-contract,1.0.0,a4cf9efdecf6735f87d398acc56604e66df26e62f1a2f1e96fafd7791aa3bcc6,2011,Shanwei,PRD,Marsh,32.4899475658892,spatial_unit,observed raw wetland area from authoritative panel
coastal-wetland-evidence-contract,1.0.0,a4cf9efdecf6735f87d398acc56604e66df26e62f1a2f1e96fafd7791aa3bcc6,2012,Shanwei,PRD,Marsh,30.0229625480775,spatial_unit,observed raw wetland area from authoritative panel
coastal-wetland-evidence-contract,1.0.0,a4cf9efdecf6735f87d398acc56604e66df26e62f1a2f1e96fafd7791aa3bcc6,2013,Shanwei,PRD,Marsh,28.1041605616498,spatial_unit,observed raw wetland area from authoritative panel
coastal-wetland-evidence-contract,1.0.0,a4cf9efdecf6735f87d398acc56604e66df26e62f1a2f1e96fafd7791aa3bcc6,2014,Shanwei,PRD,Marsh,31.5343584822725,spatial_unit,observed raw wetland area from authoritative panel
coastal-wetland-evidence-contract,1.0.0,a4cf9efdecf6735f87d398acc56604e66df26e62f1a2f1e96fafd7791aa3bcc6,2015,Shanwei,PRD,Marsh,31.2614840935929,spatial_unit,observed raw wetland area from authoritative panel
coastal-wetland-evidence-contract,1.0.0,a4cf9efdecf6735f87d398acc56604e66df26e62f1a2f1e96fafd7791aa3bcc6,2016,Shanwei,PRD,Marsh,28.7308443983532,spatial_unit,observed raw wetland area from authoritative panel
coastal-wetland-evidence-contract,1.0.0,a4cf9efdecf6735f87d398acc56604e66df26e62f1a2f1e96fafd7791aa3bcc6,2017,Shanwei,PRD,Marsh,27.410630164568,spatial_unit,observed raw wetland area from authoritative panel
coastal-wetland-evidence-contract,1.0.0,a4cf9efdecf6735f87d398acc56604e66df26e62f1a2f1e96fafd7791aa3bcc6,2018,Shanwei,PRD,Marsh,26.9255346912607,spatial_unit,observed raw wetland area from authoritative panel
coastal-wetland-evidence-contract,1.0.0,a4cf9efdecf6735f87d398acc56604e66df26e62f1a2f1e96fafd7791aa3bcc6,2019,Shanwei,PRD,Marsh,33.1994460352404,spatial_unit,observed raw wetland area from authoritative panel
coastal-wetland-evidence-contract,1.0.0,a4cf9efdecf6735f87d398acc56604e66df26e62f1a2f1e96fafd7791aa3bcc6,2020,Shanwei,PRD,Marsh,32.6921980922219,spatial_unit,observed raw wetland area from authoritative panel
coastal-wetland-evidence-contract,1.0.0,a4cf9efdecf6735f87d398acc56604e66df26e62f1a2f1e96fafd7791aa3bcc6,2021,Shanwei,PRD,Marsh,36.0777737121553,spatial_unit,observed raw wetland area from authoritative panel
coastal-wetland-evidence-contract,1.0.0,a4cf9efdecf6735f87d398acc56604e66df26e62f1a2f1e96fafd7791aa3bcc6,2022,Shanwei,PRD,Marsh,40.4978016885224,spatial_unit,observed raw wetland area from authoritative panel
coastal-wetland-evidence-contract,1.0.0,a4cf9efdecf6735f87d398acc56604e66df26e62f1a2f1e96fafd7791aa3bcc6,2001,Shenzhen,PRD,Marsh,8.11918407352941,spatial_unit,observed raw wetland area from authoritative panel
coastal-wetland-evidence-contract,1.0.0,a4cf9efdecf6735f87d398acc56604e66df26e62f1a2f1e96fafd7791aa3bcc6,2002,Shenzhen,PRD,Marsh,8.72769459250154,spatial_unit,observed raw wetland area from authoritative panel
coastal-wetland-evidence-contract,1.0.0,a4cf9efdecf6735f87d398acc56604e66df26e62f1a2f1e96fafd7791aa3bcc6,2003,Shenzhen,PRD,Marsh,8.52336618917356,spatial_unit,observed raw wetland area from authoritative panel
coastal-wetland-evidence-contract,1.0.0,a4cf9efdecf6735f87d398acc56604e66df26e62f1a2f1e96fafd7791aa3bcc6,2004,Shenzhen,PRD,Marsh,8.58500251078047,spatial_unit,observed raw wetland area from authoritative panel
coastal-wetland-evidence-contract,1.0.0,a4cf9efdecf6735f87d398acc56604e66df26e62f1a2f1e96fafd7791aa3bcc6,2005,Shenzhen,PRD,Marsh,9.21963730117571,spatial_unit,observed raw wetland area from authoritative panel
coastal-wetland-evidence-contract,1.0.0,a4cf9efdecf6735f87d398acc56604e66df26e62f1a2f1e96fafd7791aa3bcc6,2006,Shenzhen,PRD,Marsh,7.41081847512638,spatial_unit,observed raw wetland area from authoritative panel
coastal-wetland-evidence-contract,1.0.0,a4cf9efdecf6735f87d398acc56604e66df26e62f1a2f1e96fafd7791aa3bcc6,2007,Shenzhen,PRD,Marsh,6.62308918683746,spatial_unit,observed raw wetland area from authoritative panel
coastal-wetland-evidence-contract,1.0.0,a4cf9efdecf6735f87d398acc56604e66df26e62f1a2f1e96fafd7791aa3bcc6,2008,Shenzhen,PRD,Marsh,7.02311436203278,spatial_unit,observed raw wetland area from authoritative panel
coastal-wetland-evidence-contract,1.0.0,a4cf9efdecf6735f87d398acc56604e66df26e62f1a2f1e96fafd7791aa3bcc6,2009,Shenzhen,PRD,Marsh,6.47766863342524,spatial_unit,observed raw wetland area from authoritative panel
coastal-wetland-evidence-contract,1.0.0,a4cf9efdecf6735f87d398acc56604e66df26e62f1a2f1e96fafd7791aa3bcc6,2010,Shenzhen,PRD,Marsh,6.66811101323146,spatial_unit,observed raw wetland area from authoritative panel
coastal-wetland-evidence-contract,1.0.0,a4cf9efdecf6735f87d398acc56604e66df26e62f1a2f1e96fafd7791aa3bcc6,2011,Shenzhen,PRD,Marsh,5.6014884440334,spatial_unit,observed raw wetland area from authoritative panel
coastal-wetland-evidence-contract,1.0.0,a4cf9efdecf6735f87d398acc56604e66df26e62f1a2f1e96fafd7791aa3bcc6,2012,Shenzhen,PRD,Marsh,6.5751703678079,spatial_unit,observed raw wetland area from authoritative panel
coastal-wetland-evidence-contract,1.0.0,a4cf9efdecf6735f87d398acc56604e66df26e62f1a2f1e96fafd7791aa3bcc6,2013,Shenzhen,PRD,Marsh,6.52092463459329,spatial_unit,observed raw wetland area from authoritative panel
coastal-wetland-evidence-contract,1.0.0,a4cf9efdecf6735f87d398acc56604e66df26e62f1a2f1e96fafd7791aa3bcc6,2014,Shenzhen,PRD,Marsh,7.89819671193704,spatial_unit,observed raw wetland area from authoritative panel
coastal-wetland-evidence-contract,1.0.0,a4cf9efdecf6735f87d398acc56604e66df26e62f1a2f1e96fafd7791aa3bcc6,2015,Shenzhen,PRD,Marsh,7.26724059320618,spatial_unit,observed raw wetland area from authoritative panel
coastal-wetland-evidence-contract,1.0.0,a4cf9efdecf6735f87d398acc56604e66df26e62f1a2f1e96fafd7791aa3bcc6,2016,Shenzhen,PRD,Marsh,7.87761259483761,spatial_unit,observed raw wetland area from authoritative panel
coastal-wetland-evidence-contract,1.0.0,a4cf9efdecf6735f87d398acc56604e66df26e62f1a2f1e96fafd7791aa3bcc6,2017,Shenzhen,PRD,Marsh,7.18863585954732,spatial_unit,observed raw wetland area from authoritative panel
coastal-wetland-evidence-contract,1.0.0,a4cf9efdecf6735f87d398acc56604e66df26e62f1a2f1e96fafd7791aa3bcc6,2018,Shenzhen,PRD,Marsh,8.10511169034542,spatial_unit,observed raw wetland area from authoritative panel
coastal-wetland-evidence-contract,1.0.0,a4cf9efdecf6735f87d398acc56604e66df26e62f1a2f1e96fafd7791aa3bcc6,2019,Shenzhen,PRD,Marsh,7.9591456762791,spatial_unit,observed raw wetland area from authoritative panel
coastal-wetland-evidence-contract,1.0.0,a4cf9efdecf6735f87d398acc56604e66df26e62f1a2f1e96fafd7791aa3bcc6,2020,Shenzhen,PRD,Marsh,6.49316720888863,spatial_unit,observed raw wetland area from authoritative panel
coastal-wetland-evidence-contract,1.0.0,a4cf9efdecf6735f87d398acc56604e66df26e62f1a2f1e96fafd7791aa3bcc6,2021,Shenzhen,PRD,Marsh,5.67628865386029,spatial_unit,observed raw wetland area from authoritative panel
coastal-wetland-evidence-contract,1.0.0,a4cf9efdecf6735f87d398acc56604e66df26e62f1a2f1e96fafd7791aa3bcc6,2022,Shenzhen,PRD,Marsh,5.227972009555,spatial_unit,observed raw wetland area from authoritative panel
coastal-wetland-evidence-contract,1.0.0,a4cf9efdecf6735f87d398acc56604e66df26e62f1a2f1e96fafd7791aa3bcc6,2001,Zhongshan,PRD,Marsh,19.6094461039675,spatial_unit,observed raw wetland area from authoritative panel
coastal-wetland-evidence-contract,1.0.0,a4cf9efdecf6735f87d398acc56604e66df26e62f1a2f1e96fafd7791aa3bcc6,2002,Zhongshan,PRD,Marsh,32.3027734551854,spatial_unit,observed raw wetland area from authoritative panel
coastal-wetland-evidence-contract,1.0.0,a4cf9efdecf6735f87d398acc56604e66df26e62f1a2f1e96fafd7791aa3bcc6,2003,Zhongshan,PRD,Marsh,30.6848730951057,spatial_unit,observed raw wetland area from authoritative panel
coastal-wetland-evidence-contract,1.0.0,a4cf9efdecf6735f87d398acc56604e66df26e62f1a2f1e96fafd7791aa3bcc6,2004,Zhongshan,PRD,Marsh,29.194338479699,spatial_unit,observed raw wetland area from authoritative panel
coastal-wetland-evidence-contract,1.0.0,a4cf9efdecf6735f87d398acc56604e66df26e62f1a2f1e96fafd7791aa3bcc6,2005,Zhongshan,PRD,Marsh,25.243977162523,spatial_unit,observed raw wetland area from authoritative panel
coastal-wetland-evidence-contract,1.0.0,a4cf9efdecf6735f87d398acc56604e66df26e62f1a2f1e96fafd7791aa3bcc6,2006,Zhongshan,PRD,Marsh,24.7770543928156,spatial_unit,observed raw wetland area from authoritative panel
coastal-wetland-evidence-contract,1.0.0,a4cf9efdecf6735f87d398acc56604e66df26e62f1a2f1e96fafd7791aa3bcc6,2007,Zhongshan,PRD,Marsh,20.1151020788603,spatial_unit,observed raw wetland area from authoritative panel
coastal-wetland-evidence-contract,1.0.0,a4cf9efdecf6735f87d398acc56604e66df26e62f1a2f1e96fafd7791aa3bcc6,2008,Zhongshan,PRD,Marsh,23.0946571091529,spatial_unit,observed raw wetland area from authoritative panel
coastal-wetland-evidence-contract,1.0.0,a4cf9efdecf6735f87d398acc56604e66df26e62f1a2f1e96fafd7791aa3bcc6,2009,Zhongshan,PRD,Marsh,23.890806209735,spatial_unit,observed raw wetland area from authoritative panel
coastal-wetland-evidence-contract,1.0.0,a4cf9efdecf6735f87d398acc56604e66df26e62f1a2f1e96fafd7791aa3bcc6,2010,Zhongshan,PRD,Marsh,29.6168311944891,spatial_unit,observed raw wetland area from authoritative panel
coastal-wetland-evidence-contract,1.0.0,a4cf9efdecf6735f87d398acc56604e66df26e62f1a2f1e96fafd7791aa3bcc6,2011,Zhongshan,PRD,Marsh,22.9024991730545,spatial_unit,observed raw wetland area from authoritative panel
coastal-wetland-evidence-contract,1.0.0,a4cf9efdecf6735f87d398acc56604e66df26e62f1a2f1e96fafd7791aa3bcc6,2012,Zhongshan,PRD,Marsh,20.0936015153378,spatial_unit,observed raw wetland area from authoritative panel
coastal-wetland-evidence-contract,1.0.0,a4cf9efdecf6735f87d398acc56604e66df26e62f1a2f1e96fafd7791aa3bcc6,2013,Zhongshan,PRD,Marsh,20.0250260310815,spatial_unit,observed raw wetland area from authoritative panel
coastal-wetland-evidence-contract,1.0.0,a4cf9efdecf6735f87d398acc56604e66df26e62f1a2f1e96fafd7791aa3bcc6,2014,Zhongshan,PRD,Marsh,25.3779647580997,spatial_unit,observed raw wetland area from authoritative panel
coastal-wetland-evidence-contract,1.0.0,a4cf9efdecf6735f87d398acc56604e66df26e62f1a2f1e96fafd7791aa3bcc6,2015,Zhongshan,PRD,Marsh,22.7032680779604,spatial_unit,observed raw wetland area from authoritative panel
coastal-wetland-evidence-contract,1.0.0,a4cf9efdecf6735f87d398acc56604e66df26e62f1a2f1e96fafd7791aa3bcc6,2016,Zhongshan,PRD,Marsh,25.7946503307943,spatial_unit,observed raw wetland area from authoritative panel
coastal-wetland-evidence-contract,1.0.0,a4cf9efdecf6735f87d398acc56604e66df26e62f1a2f1e96fafd7791aa3bcc6,2017,Zhongshan,PRD,Marsh,25.005709451957,spatial_unit,observed raw wetland area from authoritative panel
coastal-wetland-evidence-contract,1.0.0,a4cf9efdecf6735f87d398acc56604e66df26e62f1a2f1e96fafd7791aa3bcc6,2018,Zhongshan,PRD,Marsh,29.8910694875229,spatial_unit,observed raw wetland area from authoritative panel
coastal-wetland-evidence-contract,1.0.0,a4cf9efdecf6735f87d398acc56604e66df26e62f1a2f1e96fafd7791aa3bcc6,2019,Zhongshan,PRD,Marsh,29.1591757143535,spatial_unit,observed raw wetland area from authoritative panel
coastal-wetland-evidence-contract,1.0.0,a4cf9efdecf6735f87d398acc56604e66df26e62f1a2f1e96fafd7791aa3bcc6,2020,Zhongshan,PRD,Marsh,29.5033717216988,spatial_unit,observed raw wetland area from authoritative panel
coastal-wetland-evidence-contract,1.0.0,a4cf9efdecf6735f87d398acc56604e66df26e62f1a2f1e96fafd7791aa3bcc6,2021,Zhongshan,PRD,Marsh,31.1421440914905,spatial_unit,observed raw wetland area from authoritative panel
coastal-wetland-evidence-contract,1.0.0,a4cf9efdecf6735f87d398acc56604e66df26e62f1a2f1e96fafd7791aa3bcc6,2022,Zhongshan,PRD,Marsh,24.1007879652076,spatial_unit,observed raw wetland area from authoritative panel
coastal-wetland-evidence-contract,1.0.0,a4cf9efdecf6735f87d398acc56604e66df26e62f1a2f1e96fafd7791aa3bcc6,2001,Zhuhai,PRD,Marsh,21.9901015431027,spatial_unit,observed raw wetland area from authoritative panel
coastal-wetland-evidence-contract,1.0.0,a4cf9efdecf6735f87d398acc56604e66df26e62f1a2f1e96fafd7791aa3bcc6,2002,Zhuhai,PRD,Marsh,24.4846105340304,spatial_unit,observed raw wetland area from authoritative panel
coastal-wetland-evidence-contract,1.0.0,a4cf9efdecf6735f87d398acc56604e66df26e62f1a2f1e96fafd7791aa3bcc6,2003,Zhuhai,PRD,Marsh,24.6784786619179,spatial_unit,observed raw wetland area from authoritative panel
coastal-wetland-evidence-contract,1.0.0,a4cf9efdecf6735f87d398acc56604e66df26e62f1a2f1e96fafd7791aa3bcc6,2004,Zhuhai,PRD,Marsh,24.0915639105775,spatial_unit,observed raw wetland area from authoritative panel
coastal-wetland-evidence-contract,1.0.0,a4cf9efdecf6735f87d398acc56604e66df26e62f1a2f1e96fafd7791aa3bcc6,2005,Zhuhai,PRD,Marsh,18.2587146492263,spatial_unit,observed raw wetland area from authoritative panel
coastal-wetland-evidence-contract,1.0.0,a4cf9efdecf6735f87d398acc56604e66df26e62f1a2f1e96fafd7791aa3bcc6,2006,Zhuhai,PRD,Marsh,19.364865815196,spatial_unit,observed raw wetland area from authoritative panel
coastal-wetland-evidence-contract,1.0.0,a4cf9efdecf6735f87d398acc56604e66df26e62f1a2f1e96fafd7791aa3bcc6,2007,Zhuhai,PRD,Marsh,18.3404579477289,spatial_unit,observed raw wetland area from authoritative panel
coastal-wetland-evidence-contract,1.0.0,a4cf9efdecf6735f87d398acc56604e66df26e62f1a2f1e96fafd7791aa3bcc6,2008,Zhuhai,PRD,Marsh,24.0356862151731,spatial_unit,observed raw wetland area from authoritative panel
coastal-wetland-evidence-contract,1.0.0,a4cf9efdecf6735f87d398acc56604e66df26e62f1a2f1e96fafd7791aa3bcc6,2009,Zhuhai,PRD,Marsh,24.5610096969707,spatial_unit,observed raw wetland area from authoritative panel
coastal-wetland-evidence-contract,1.0.0,a4cf9efdecf6735f87d398acc56604e66df26e62f1a2f1e96fafd7791aa3bcc6,2010,Zhuhai,PRD,Marsh,30.953257316594,spatial_unit,observed raw wetland area from authoritative panel
coastal-wetland-evidence-contract,1.0.0,a4cf9efdecf6735f87d398acc56604e66df26e62f1a2f1e96fafd7791aa3bcc6,2011,Zhuhai,PRD,Marsh,29.9517479988512,spatial_unit,observed raw wetland area from authoritative panel
coastal-wetland-evidence-contract,1.0.0,a4cf9efdecf6735f87d398acc56604e66df26e62f1a2f1e96fafd7791aa3bcc6,2012,Zhuhai,PRD,Marsh,26.4321889852328,spatial_unit,observed raw wetland area from authoritative panel
coastal-wetland-evidence-contract,1.0.0,a4cf9efdecf6735f87d398acc56604e66df26e62f1a2f1e96fafd7791aa3bcc6,2013,Zhuhai,PRD,Marsh,27.2081540816828,spatial_unit,observed raw wetland area from authoritative panel
coastal-wetland-evidence-contract,1.0.0,a4cf9efdecf6735f87d398acc56604e66df26e62f1a2f1e96fafd7791aa3bcc6,2014,Zhuhai,PRD,Marsh,29.5499100273208,spatial_unit,observed raw wetland area from authoritative panel
coastal-wetland-evidence-contract,1.0.0,a4cf9efdecf6735f87d398acc56604e66df26e62f1a2f1e96fafd7791aa3bcc6,2015,Zhuhai,PRD,Marsh,25.683083950356,spatial_unit,observed raw wetland area from authoritative panel
coastal-wetland-evidence-contract,1.0.0,a4cf9efdecf6735f87d398acc56604e66df26e62f1a2f1e96fafd7791aa3bcc6,2016,Zhuhai,PRD,Marsh,30.0546105526539,spatial_unit,observed raw wetland area from authoritative panel
coastal-wetland-evidence-contract,1.0.0,a4cf9efdecf6735f87d398acc56604e66df26e62f1a2f1e96fafd7791aa3bcc6,2017,Zhuhai,PRD,Marsh,26.7907038450864,spatial_unit,observed raw wetland area from authoritative panel
coastal-wetland-evidence-contract,1.0.0,a4cf9efdecf6735f87d398acc56604e66df26e62f1a2f1e96fafd7791aa3bcc6,2018,Zhuhai,PRD,Marsh,31.4906487810583,spatial_unit,observed raw wetland area from authoritative panel
coastal-wetland-evidence-contract,1.0.0,a4cf9efdecf6735f87d398acc56604e66df26e62f1a2f1e96fafd7791aa3bcc6,2019,Zhuhai,PRD,Marsh,29.6993653375036,spatial_unit,observed raw wetland area from authoritative panel
coastal-wetland-evidence-contract,1.0.0,a4cf9efdecf6735f87d398acc56604e66df26e62f1a2f1e96fafd7791aa3bcc6,2020,Zhuhai,PRD,Marsh,32.9408883340146,spatial_unit,observed raw wetland area from authoritative panel
coastal-wetland-evidence-contract,1.0.0,a4cf9efdecf6735f87d398acc56604e66df26e62f1a2f1e96fafd7791aa3bcc6,2021,Zhuhai,PRD,Marsh,35.2584304357611,spatial_unit,observed raw wetland area from authoritative panel
coastal-wetland-evidence-contract,1.0.0,a4cf9efdecf6735f87d398acc56604e66df26e62f1a2f1e96fafd7791aa3bcc6,2022,Zhuhai,PRD,Marsh,27.1403871762791,spatial_unit,observed raw wetland area from authoritative panel
coastal-wetland-evidence-contract,1.0.0,a4cf9efdecf6735f87d398acc56604e66df26e62f1a2f1e96fafd7791aa3bcc6,2001,Hangzhou,YRD,Marsh,34.8921061187078,spatial_unit,observed raw wetland area from authoritative panel
coastal-wetland-evidence-contract,1.0.0,a4cf9efdecf6735f87d398acc56604e66df26e62f1a2f1e96fafd7791aa3bcc6,2002,Hangzhou,YRD,Marsh,29.5718382412493,spatial_unit,observed raw wetland area from authoritative panel
coastal-wetland-evidence-contract,1.0.0,a4cf9efdecf6735f87d398acc56604e66df26e62f1a2f1e96fafd7791aa3bcc6,2003,Hangzhou,YRD,Marsh,29.2800673116499,spatial_unit,observed raw wetland area from authoritative panel
coastal-wetland-evidence-contract,1.0.0,a4cf9efdecf6735f87d398acc56604e66df26e62f1a2f1e96fafd7791aa3bcc6,2004,Hangzhou,YRD,Marsh,32.3585360667777,spatial_unit,observed raw wetland area from authoritative panel
coastal-wetland-evidence-contract,1.0.0,a4cf9efdecf6735f87d398acc56604e66df26e62f1a2f1e96fafd7791aa3bcc6,2005,Hangzhou,YRD,Marsh,31.1665900524663,spatial_unit,observed raw wetland area from authoritative panel
coastal-wetland-evidence-contract,1.0.0,a4cf9efdecf6735f87d398acc56604e66df26e62f1a2f1e96fafd7791aa3bcc6,2006,Hangzhou,YRD,Marsh,24.0206480575099,spatial_unit,observed raw wetland area from authoritative panel
coastal-wetland-evidence-contract,1.0.0,a4cf9efdecf6735f87d398acc56604e66df26e62f1a2f1e96fafd7791aa3bcc6,2007,Hangzhou,YRD,Marsh,25.2714675488971,spatial_unit,observed raw wetland area from authoritative panel
coastal-wetland-evidence-contract,1.0.0,a4cf9efdecf6735f87d398acc56604e66df26e62f1a2f1e96fafd7791aa3bcc6,2008,Hangzhou,YRD,Marsh,25.3964865459253,spatial_unit,observed raw wetland area from authoritative panel
coastal-wetland-evidence-contract,1.0.0,a4cf9efdecf6735f87d398acc56604e66df26e62f1a2f1e96fafd7791aa3bcc6,2009,Hangzhou,YRD,Marsh,25.2642722557062,spatial_unit,observed raw wetland area from authoritative panel
coastal-wetland-evidence-contract,1.0.0,a4cf9efdecf6735f87d398acc56604e66df26e62f1a2f1e96fafd7791aa3bcc6,2010,Hangzhou,YRD,Marsh,23.0747713235026,spatial_unit,observed raw wetland area from authoritative panel
coastal-wetland-evidence-contract,1.0.0,a4cf9efdecf6735f87d398acc56604e66df26e62f1a2f1e96fafd7791aa3bcc6,2011,Hangzhou,YRD,Marsh,21.6362551493681,spatial_unit,observed raw wetland area from authoritative panel
coastal-wetland-evidence-contract,1.0.0,a4cf9efdecf6735f87d398acc56604e66df26e62f1a2f1e96fafd7791aa3bcc6,2012,Hangzhou,YRD,Marsh,24.4883907776195,spatial_unit,observed raw wetland area from authoritative panel
coastal-wetland-evidence-contract,1.0.0,a4cf9efdecf6735f87d398acc56604e66df26e62f1a2f1e96fafd7791aa3bcc6,2013,Hangzhou,YRD,Marsh,24.5804287962585,spatial_unit,observed raw wetland area from authoritative panel
coastal-wetland-evidence-contract,1.0.0,a4cf9efdecf6735f87d398acc56604e66df26e62f1a2f1e96fafd7791aa3bcc6,2014,Hangzhou,YRD,Marsh,26.5130057675015,spatial_unit,observed raw wetland area from authoritative panel
coastal-wetland-evidence-contract,1.0.0,a4cf9efdecf6735f87d398acc56604e66df26e62f1a2f1e96fafd7791aa3bcc6,2015,Hangzhou,YRD,Marsh,21.2554041440143,spatial_unit,observed raw wetland area from authoritative panel
coastal-wetland-evidence-contract,1.0.0,a4cf9efdecf6735f87d398acc56604e66df26e62f1a2f1e96fafd7791aa3bcc6,2016,Hangzhou,YRD,Marsh,20.7878556129366,spatial_unit,observed raw wetland area from authoritative panel
coastal-wetland-evidence-contract,1.0.0,a4cf9efdecf6735f87d398acc56604e66df26e62f1a2f1e96fafd7791aa3bcc6,2017,Hangzhou,YRD,Marsh,19.9537144351869,spatial_unit,observed raw wetland area from authoritative panel
coastal-wetland-evidence-contract,1.0.0,a4cf9efdecf6735f87d398acc56604e66df26e62f1a2f1e96fafd7791aa3bcc6,2018,Hangzhou,YRD,Marsh,20.5119443649012,spatial_unit,observed raw wetland area from authoritative panel
coastal-wetland-evidence-contract,1.0.0,a4cf9efdecf6735f87d398acc56604e66df26e62f1a2f1e96fafd7791aa3bcc6,2019,Hangzhou,YRD,Marsh,18.579814177137,spatial_unit,observed raw wetland area from authoritative panel
coastal-wetland-evidence-contract,1.0.0,a4cf9efdecf6735f87d398acc56604e66df26e62f1a2f1e96fafd7791aa3bcc6,2020,Hangzhou,YRD,Marsh,17.5186724896561,spatial_unit,observed raw wetland area from authoritative panel
coastal-wetland-evidence-contract,1.0.0,a4cf9efdecf6735f87d398acc56604e66df26e62f1a2f1e96fafd7791aa3bcc6,2021,Hangzhou,YRD,Marsh,21.7699375816866,spatial_unit,observed raw wetland area from authoritative panel
coastal-wetland-evidence-contract,1.0.0,a4cf9efdecf6735f87d398acc56604e66df26e62f1a2f1e96fafd7791aa3bcc6,2022,Hangzhou,YRD,Marsh,23.4817274654641,spatial_unit,observed raw wetland area from authoritative panel
coastal-wetland-evidence-contract,1.0.0,a4cf9efdecf6735f87d398acc56604e66df26e62f1a2f1e96fafd7791aa3bcc6,2001,Jiaxing,YRD,Marsh,28.066754283429,spatial_unit,observed raw wetland area from authoritative panel
coastal-wetland-evidence-contract,1.0.0,a4cf9efdecf6735f87d398acc56604e66df26e62f1a2f1e96fafd7791aa3bcc6,2002,Jiaxing,YRD,Marsh,26.788857341636,spatial_unit,observed raw wetland area from authoritative panel
coastal-wetland-evidence-contract,1.0.0,a4cf9efdecf6735f87d398acc56604e66df26e62f1a2f1e96fafd7791aa3bcc6,2003,Jiaxing,YRD,Marsh,23.6620583254137,spatial_unit,observed raw wetland area from authoritative panel
coastal-wetland-evidence-contract,1.0.0,a4cf9efdecf6735f87d398acc56604e66df26e62f1a2f1e96fafd7791aa3bcc6,2004,Jiaxing,YRD,Marsh,23.1352654337432,spatial_unit,observed raw wetland area from authoritative panel
coastal-wetland-evidence-contract,1.0.0,a4cf9efdecf6735f87d398acc56604e66df26e62f1a2f1e96fafd7791aa3bcc6,2005,Jiaxing,YRD,Marsh,25.7491304425628,spatial_unit,observed raw wetland area from authoritative panel
coastal-wetland-evidence-contract,1.0.0,a4cf9efdecf6735f87d398acc56604e66df26e62f1a2f1e96fafd7791aa3bcc6,2006,Jiaxing,YRD,Marsh,28.6093582875421,spatial_unit,observed raw wetland area from authoritative panel
coastal-wetland-evidence-contract,1.0.0,a4cf9efdecf6735f87d398acc56604e66df26e62f1a2f1e96fafd7791aa3bcc6,2007,Jiaxing,YRD,Marsh,35.8386237396561,spatial_unit,observed raw wetland area from authoritative panel
coastal-wetland-evidence-contract,1.0.0,a4cf9efdecf6735f87d398acc56604e66df26e62f1a2f1e96fafd7791aa3bcc6,2008,Jiaxing,YRD,Marsh,36.8621363315334,spatial_unit,observed raw wetland area from authoritative panel
coastal-wetland-evidence-contract,1.0.0,a4cf9efdecf6735f87d398acc56604e66df26e62f1a2f1e96fafd7791aa3bcc6,2009,Jiaxing,YRD,Marsh,37.731212679703,spatial_unit,observed raw wetland area from authoritative panel
coastal-wetland-evidence-contract,1.0.0,a4cf9efdecf6735f87d398acc56604e66df26e62f1a2f1e96fafd7791aa3bcc6,2010,Jiaxing,YRD,Marsh,35.5886474845704,spatial_unit,observed raw wetland area from authoritative panel
coastal-wetland-evidence-contract,1.0.0,a4cf9efdecf6735f87d398acc56604e66df26e62f1a2f1e96fafd7791aa3bcc6,2011,Jiaxing,YRD,Marsh,38.5761850603209,spatial_unit,observed raw wetland area from authoritative panel
coastal-wetland-evidence-contract,1.0.0,a4cf9efdecf6735f87d398acc56604e66df26e62f1a2f1e96fafd7791aa3bcc6,2012,Jiaxing,YRD,Marsh,39.2338696127757,spatial_unit,observed raw wetland area from authoritative panel
coastal-wetland-evidence-contract,1.0.0,a4cf9efdecf6735f87d398acc56604e66df26e62f1a2f1e96fafd7791aa3bcc6,2013,Jiaxing,YRD,Marsh,38.9958452166055,spatial_unit,observed raw wetland area from authoritative panel
coastal-wetland-evidence-contract,1.0.0,a4cf9efdecf6735f87d398acc56604e66df26e62f1a2f1e96fafd7791aa3bcc6,2014,Jiaxing,YRD,Marsh,42.3940189481694,spatial_unit,observed raw wetland area from authoritative panel
coastal-wetland-evidence-contract,1.0.0,a4cf9efdecf6735f87d398acc56604e66df26e62f1a2f1e96fafd7791aa3bcc6,2015,Jiaxing,YRD,Marsh,38.1035918424097,spatial_unit,observed raw wetland area from authoritative panel
coastal-wetland-evidence-contract,1.0.0,a4cf9efdecf6735f87d398acc56604e66df26e62f1a2f1e96fafd7791aa3bcc6,2016,Jiaxing,YRD,Marsh,34.1841658501608,spatial_unit,observed raw wetland area from authoritative panel
coastal-wetland-evidence-contract,1.0.0,a4cf9efdecf6735f87d398acc56604e66df26e62f1a2f1e96fafd7791aa3bcc6,2017,Jiaxing,YRD,Marsh,32.8860623979818,spatial_unit,observed raw wetland area from authoritative panel
coastal-wetland-evidence-contract,1.0.0,a4cf9efdecf6735f87d398acc56604e66df26e62f1a2f1e96fafd7791aa3bcc6,2018,Jiaxing,YRD,Marsh,35.2801830851562,spatial_unit,observed raw wetland area from authoritative panel
coastal-wetland-evidence-contract,1.0.0,a4cf9efdecf6735f87d398acc56604e66df26e62f1a2f1e96fafd7791aa3bcc6,2019,Jiaxing,YRD,Marsh,34.8820111768306,spatial_unit,observed raw wetland area from authoritative panel
coastal-wetland-evidence-contract,1.0.0,a4cf9efdecf6735f87d398acc56604e66df26e62f1a2f1e96fafd7791aa3bcc6,2020,Jiaxing,YRD,Marsh,35.5871168782474,spatial_unit,observed raw wetland area from authoritative panel
coastal-wetland-evidence-contract,1.0.0,a4cf9efdecf6735f87d398acc56604e66df26e62f1a2f1e96fafd7791aa3bcc6,2021,Jiaxing,YRD,Marsh,37.8350113327513,spatial_unit,observed raw wetland area from authoritative panel
coastal-wetland-evidence-contract,1.0.0,a4cf9efdecf6735f87d398acc56604e66df26e62f1a2f1e96fafd7791aa3bcc6,2022,Jiaxing,YRD,Marsh,35.8913488187423,spatial_unit,observed raw wetland area from authoritative panel
coastal-wetland-evidence-contract,1.0.0,a4cf9efdecf6735f87d398acc56604e66df26e62f1a2f1e96fafd7791aa3bcc6,2001,Lianyungang,YRD,Marsh,98.057701168005,spatial_unit,observed raw wetland area from authoritative panel
coastal-wetland-evidence-contract,1.0.0,a4cf9efdecf6735f87d398acc56604e66df26e62f1a2f1e96fafd7791aa3bcc6,2002,Lianyungang,YRD,Marsh,90.1644485571482,spatial_unit,observed raw wetland area from authoritative panel
coastal-wetland-evidence-contract,1.0.0,a4cf9efdecf6735f87d398acc56604e66df26e62f1a2f1e96fafd7791aa3bcc6,2003,Lianyungang,YRD,Marsh,86.0963861849956,spatial_unit,observed raw wetland area from authoritative panel
coastal-wetland-evidence-contract,1.0.0,a4cf9efdecf6735f87d398acc56604e66df26e62f1a2f1e96fafd7791aa3bcc6,2004,Lianyungang,YRD,Marsh,72.0921061874404,spatial_unit,observed raw wetland area from authoritative panel
coastal-wetland-evidence-contract,1.0.0,a4cf9efdecf6735f87d398acc56604e66df26e62f1a2f1e96fafd7791aa3bcc6,2005,Lianyungang,YRD,Marsh,85.7920815692702,spatial_unit,observed raw wetland area from authoritative panel
coastal-wetland-evidence-contract,1.0.0,a4cf9efdecf6735f87d398acc56604e66df26e62f1a2f1e96fafd7791aa3bcc6,2006,Lianyungang,YRD,Marsh,97.4624484558876,spatial_unit,observed raw wetland area from authoritative panel
coastal-wetland-evidence-contract,1.0.0,a4cf9efdecf6735f87d398acc56604e66df26e62f1a2f1e96fafd7791aa3bcc6,2007,Lianyungang,YRD,Marsh,102.14352862413,spatial_unit,observed raw wetland area from authoritative panel
coastal-wetland-evidence-contract,1.0.0,a4cf9efdecf6735f87d398acc56604e66df26e62f1a2f1e96fafd7791aa3bcc6,2008,Lianyungang,YRD,Marsh,91.8394783725218,spatial_unit,observed raw wetland area from authoritative panel
coastal-wetland-evidence-contract,1.0.0,a4cf9efdecf6735f87d398acc56604e66df26e62f1a2f1e96fafd7791aa3bcc6,2009,Lianyungang,YRD,Marsh,91.6822806730046,spatial_unit,observed raw wetland area from authoritative panel
coastal-wetland-evidence-contract,1.0.0,a4cf9efdecf6735f87d398acc56604e66df26e62f1a2f1e96fafd7791aa3bcc6,2010,Lianyungang,YRD,Marsh,95.2733241360002,spatial_unit,observed raw wetland area from authoritative panel
coastal-wetland-evidence-contract,1.0.0,a4cf9efdecf6735f87d398acc56604e66df26e62f1a2f1e96fafd7791aa3bcc6,2011,Lianyungang,YRD,Marsh,104.214727062653,spatial_unit,observed raw wetland area from authoritative panel
coastal-wetland-evidence-contract,1.0.0,a4cf9efdecf6735f87d398acc56604e66df26e62f1a2f1e96fafd7791aa3bcc6,2012,Lianyungang,YRD,Marsh,115.241711933009,spatial_unit,observed raw wetland area from authoritative panel
coastal-wetland-evidence-contract,1.0.0,a4cf9efdecf6735f87d398acc56604e66df26e62f1a2f1e96fafd7791aa3bcc6,2013,Lianyungang,YRD,Marsh,101.103234381667,spatial_unit,observed raw wetland area from authoritative panel
coastal-wetland-evidence-contract,1.0.0,a4cf9efdecf6735f87d398acc56604e66df26e62f1a2f1e96fafd7791aa3bcc6,2014,Lianyungang,YRD,Marsh,113.861476395033,spatial_unit,observed raw wetland area from authoritative panel
coastal-wetland-evidence-contract,1.0.0,a4cf9efdecf6735f87d398acc56604e66df26e62f1a2f1e96fafd7791aa3bcc6,2015,Lianyungang,YRD,Marsh,112.158841633445,spatial_unit,observed raw wetland area from authoritative panel
coastal-wetland-evidence-contract,1.0.0,a4cf9efdecf6735f87d398acc56604e66df26e62f1a2f1e96fafd7791aa3bcc6,2016,Lianyungang,YRD,Marsh,124.434217426308,spatial_unit,observed raw wetland area from authoritative panel
coastal-wetland-evidence-contract,1.0.0,a4cf9efdecf6735f87d398acc56604e66df26e62f1a2f1e96fafd7791aa3bcc6,2017,Lianyungang,YRD,Marsh,99.8680508403833,spatial_unit,observed raw wetland area from authoritative panel
coastal-wetland-evidence-contract,1.0.0,a4cf9efdecf6735f87d398acc56604e66df26e62f1a2f1e96fafd7791aa3bcc6,2018,Lianyungang,YRD,Marsh,92.8843701988931,spatial_unit,observed raw wetland area from authoritative panel
coastal-wetland-evidence-contract,1.0.0,a4cf9efdecf6735f87d398acc56604e66df26e62f1a2f1e96fafd7791aa3bcc6,2019,Lianyungang,YRD,Marsh,88.6011682393649,spatial_unit,observed raw wetland area from authoritative panel
coastal-wetland-evidence-contract,1.0.0,a4cf9efdecf6735f87d398acc56604e66df26e62f1a2f1e96fafd7791aa3bcc6,2020,Lianyungang,YRD,Marsh,86.5555034110214,spatial_unit,observed raw wetland area from authoritative panel
coastal-wetland-evidence-contract,1.0.0,a4cf9efdecf6735f87d398acc56604e66df26e62f1a2f1e96fafd7791aa3bcc6,2021,Lianyungang,YRD,Marsh,102.717773343967,spatial_unit,observed raw wetland area from authoritative panel
coastal-wetland-evidence-contract,1.0.0,a4cf9efdecf6735f87d398acc56604e66df26e62f1a2f1e96fafd7791aa3bcc6,2022,Lianyungang,YRD,Marsh,91.9264171479331,spatial_unit,observed raw wetland area from authoritative panel
coastal-wetland-evidence-contract,1.0.0,a4cf9efdecf6735f87d398acc56604e66df26e62f1a2f1e96fafd7791aa3bcc6,2001,Nantong,YRD,Marsh,12.1769415021906,spatial_unit,observed raw wetland area from authoritative panel
coastal-wetland-evidence-contract,1.0.0,a4cf9efdecf6735f87d398acc56604e66df26e62f1a2f1e96fafd7791aa3bcc6,2002,Nantong,YRD,Marsh,14.4564642892463,spatial_unit,observed raw wetland area from authoritative panel
coastal-wetland-evidence-contract,1.0.0,a4cf9efdecf6735f87d398acc56604e66df26e62f1a2f1e96fafd7791aa3bcc6,2003,Nantong,YRD,Marsh,11.6415942379979,spatial_unit,observed raw wetland area from authoritative panel
coastal-wetland-evidence-contract,1.0.0,a4cf9efdecf6735f87d398acc56604e66df26e62f1a2f1e96fafd7791aa3bcc6,2004,Nantong,YRD,Marsh,12.1668932601409,spatial_unit,observed raw wetland area from authoritative panel
coastal-wetland-evidence-contract,1.0.0,a4cf9efdecf6735f87d398acc56604e66df26e62f1a2f1e96fafd7791aa3bcc6,2005,Nantong,YRD,Marsh,12.3879709933287,spatial_unit,observed raw wetland area from authoritative panel
coastal-wetland-evidence-contract,1.0.0,a4cf9efdecf6735f87d398acc56604e66df26e62f1a2f1e96fafd7791aa3bcc6,2006,Nantong,YRD,Marsh,14.0625758916705,spatial_unit,observed raw wetland area from authoritative panel
coastal-wetland-evidence-contract,1.0.0,a4cf9efdecf6735f87d398acc56604e66df26e62f1a2f1e96fafd7791aa3bcc6,2007,Nantong,YRD,Marsh,15.523980921829,spatial_unit,observed raw wetland area from authoritative panel
coastal-wetland-evidence-contract,1.0.0,a4cf9efdecf6735f87d398acc56604e66df26e62f1a2f1e96fafd7791aa3bcc6,2008,Nantong,YRD,Marsh,15.1578060363473,spatial_unit,observed raw wetland area from authoritative panel
coastal-wetland-evidence-contract,1.0.0,a4cf9efdecf6735f87d398acc56604e66df26e62f1a2f1e96fafd7791aa3bcc6,2009,Nantong,YRD,Marsh,15.1729582886719,spatial_unit,observed raw wetland area from authoritative panel
coastal-wetland-evidence-contract,1.0.0,a4cf9efdecf6735f87d398acc56604e66df26e62f1a2f1e96fafd7791aa3bcc6,2010,Nantong,YRD,Marsh,17.2315823040556,spatial_unit,observed raw wetland area from authoritative panel
coastal-wetland-evidence-contract,1.0.0,a4cf9efdecf6735f87d398acc56604e66df26e62f1a2f1e96fafd7791aa3bcc6,2011,Nantong,YRD,Marsh,20.3911850127298,spatial_unit,observed raw wetland area from authoritative panel
coastal-wetland-evidence-contract,1.0.0,a4cf9efdecf6735f87d398acc56604e66df26e62f1a2f1e96fafd7791aa3bcc6,2012,Nantong,YRD,Marsh,23.3648917785884,spatial_unit,observed raw wetland area from authoritative panel
coastal-wetland-evidence-contract,1.0.0,a4cf9efdecf6735f87d398acc56604e66df26e62f1a2f1e96fafd7791aa3bcc6,2013,Nantong,YRD,Marsh,22.2151445445504,spatial_unit,observed raw wetland area from authoritative panel
coastal-wetland-evidence-contract,1.0.0,a4cf9efdecf6735f87d398acc56604e66df26e62f1a2f1e96fafd7791aa3bcc6,2014,Nantong,YRD,Marsh,20.2843484055262,spatial_unit,observed raw wetland area from authoritative panel
coastal-wetland-evidence-contract,1.0.0,a4cf9efdecf6735f87d398acc56604e66df26e62f1a2f1e96fafd7791aa3bcc6,2015,Nantong,YRD,Marsh,14.9923397481962,spatial_unit,observed raw wetland area from authoritative panel
coastal-wetland-evidence-contract,1.0.0,a4cf9efdecf6735f87d398acc56604e66df26e62f1a2f1e96fafd7791aa3bcc6,2016,Nantong,YRD,Marsh,15.6114095421875,spatial_unit,observed raw wetland area from authoritative panel
coastal-wetland-evidence-contract,1.0.0,a4cf9efdecf6735f87d398acc56604e66df26e62f1a2f1e96fafd7791aa3bcc6,2017,Nantong,YRD,Marsh,15.1809345624502,spatial_unit,observed raw wetland area from authoritative panel
coastal-wetland-evidence-contract,1.0.0,a4cf9efdecf6735f87d398acc56604e66df26e62f1a2f1e96fafd7791aa3bcc6,2018,Nantong,YRD,Marsh,19.8148589643765,spatial_unit,observed raw wetland area from authoritative panel
coastal-wetland-evidence-contract,1.0.0,a4cf9efdecf6735f87d398acc56604e66df26e62f1a2f1e96fafd7791aa3bcc6,2019,Nantong,YRD,Marsh,19.3597481489392,spatial_unit,observed raw wetland area from authoritative panel
coastal-wetland-evidence-contract,1.0.0,a4cf9efdecf6735f87d398acc56604e66df26e62f1a2f1e96fafd7791aa3bcc6,2020,Nantong,YRD,Marsh,18.996770249349,spatial_unit,observed raw wetland area from authoritative panel
coastal-wetland-evidence-contract,1.0.0,a4cf9efdecf6735f87d398acc56604e66df26e62f1a2f1e96fafd7791aa3bcc6,2021,Nantong,YRD,Marsh,15.4161328255783,spatial_unit,observed raw wetland area from authoritative panel
coastal-wetland-evidence-contract,1.0.0,a4cf9efdecf6735f87d398acc56604e66df26e62f1a2f1e96fafd7791aa3bcc6,2022,Nantong,YRD,Marsh,16.2581342680492,spatial_unit,observed raw wetland area from authoritative panel
coastal-wetland-evidence-contract,1.0.0,a4cf9efdecf6735f87d398acc56604e66df26e62f1a2f1e96fafd7791aa3bcc6,2001,Ningbo,YRD,Marsh,30.32677529123,spatial_unit,observed raw wetland area from authoritative panel
coastal-wetland-evidence-contract,1.0.0,a4cf9efdecf6735f87d398acc56604e66df26e62f1a2f1e96fafd7791aa3bcc6,2002,Ningbo,YRD,Marsh,27.3061583691866,spatial_unit,observed raw wetland area from authoritative panel
coastal-wetland-evidence-contract,1.0.0,a4cf9efdecf6735f87d398acc56604e66df26e62f1a2f1e96fafd7791aa3bcc6,2003,Ningbo,YRD,Marsh,25.8304281697955,spatial_unit,observed raw wetland area from authoritative panel
coastal-wetland-evidence-contract,1.0.0,a4cf9efdecf6735f87d398acc56604e66df26e62f1a2f1e96fafd7791aa3bcc6,2004,Ningbo,YRD,Marsh,18.4309579948262,spatial_unit,observed raw wetland area from authoritative panel
coastal-wetland-evidence-contract,1.0.0,a4cf9efdecf6735f87d398acc56604e66df26e62f1a2f1e96fafd7791aa3bcc6,2005,Ningbo,YRD,Marsh,19.7866027653493,spatial_unit,observed raw wetland area from authoritative panel
coastal-wetland-evidence-contract,1.0.0,a4cf9efdecf6735f87d398acc56604e66df26e62f1a2f1e96fafd7791aa3bcc6,2006,Ningbo,YRD,Marsh,17.8332265787109,spatial_unit,observed raw wetland area from authoritative panel
coastal-wetland-evidence-contract,1.0.0,a4cf9efdecf6735f87d398acc56604e66df26e62f1a2f1e96fafd7791aa3bcc6,2007,Ningbo,YRD,Marsh,20.8913063000459,spatial_unit,observed raw wetland area from authoritative panel
coastal-wetland-evidence-contract,1.0.0,a4cf9efdecf6735f87d398acc56604e66df26e62f1a2f1e96fafd7791aa3bcc6,2008,Ningbo,YRD,Marsh,21.1846965552466,spatial_unit,observed raw wetland area from authoritative panel
coastal-wetland-evidence-contract,1.0.0,a4cf9efdecf6735f87d398acc56604e66df26e62f1a2f1e96fafd7791aa3bcc6,2009,Ningbo,YRD,Marsh,18.2570678151616,spatial_unit,observed raw wetland area from authoritative panel
coastal-wetland-evidence-contract,1.0.0,a4cf9efdecf6735f87d398acc56604e66df26e62f1a2f1e96fafd7791aa3bcc6,2010,Ningbo,YRD,Marsh,19.6297322663297,spatial_unit,observed raw wetland area from authoritative panel
coastal-wetland-evidence-contract,1.0.0,a4cf9efdecf6735f87d398acc56604e66df26e62f1a2f1e96fafd7791aa3bcc6,2011,Ningbo,YRD,Marsh,21.4812003549173,spatial_unit,observed raw wetland area from authoritative panel
coastal-wetland-evidence-contract,1.0.0,a4cf9efdecf6735f87d398acc56604e66df26e62f1a2f1e96fafd7791aa3bcc6,2012,Ningbo,YRD,Marsh,22.0892690264285,spatial_unit,observed raw wetland area from authoritative panel
coastal-wetland-evidence-contract,1.0.0,a4cf9efdecf6735f87d398acc56604e66df26e62f1a2f1e96fafd7791aa3bcc6,2013,Ningbo,YRD,Marsh,18.3047856710018,spatial_unit,observed raw wetland area from authoritative panel
coastal-wetland-evidence-contract,1.0.0,a4cf9efdecf6735f87d398acc56604e66df26e62f1a2f1e96fafd7791aa3bcc6,2014,Ningbo,YRD,Marsh,18.2606256776425,spatial_unit,observed raw wetland area from authoritative panel
coastal-wetland-evidence-contract,1.0.0,a4cf9efdecf6735f87d398acc56604e66df26e62f1a2f1e96fafd7791aa3bcc6,2015,Ningbo,YRD,Marsh,17.7913854333218,spatial_unit,observed raw wetland area from authoritative panel
coastal-wetland-evidence-contract,1.0.0,a4cf9efdecf6735f87d398acc56604e66df26e62f1a2f1e96fafd7791aa3bcc6,2016,Ningbo,YRD,Marsh,17.9326694607192,spatial_unit,observed raw wetland area from authoritative panel
coastal-wetland-evidence-contract,1.0.0,a4cf9efdecf6735f87d398acc56604e66df26e62f1a2f1e96fafd7791aa3bcc6,2017,Ningbo,YRD,Marsh,17.1545515682138,spatial_unit,observed raw wetland area from authoritative panel
coastal-wetland-evidence-contract,1.0.0,a4cf9efdecf6735f87d398acc56604e66df26e62f1a2f1e96fafd7791aa3bcc6,2018,Ningbo,YRD,Marsh,17.088971114568,spatial_unit,observed raw wetland area from authoritative panel
coastal-wetland-evidence-contract,1.0.0,a4cf9efdecf6735f87d398acc56604e66df26e62f1a2f1e96fafd7791aa3bcc6,2019,Ningbo,YRD,Marsh,16.8319971903722,spatial_unit,observed raw wetland area from authoritative panel
coastal-wetland-evidence-contract,1.0.0,a4cf9efdecf6735f87d398acc56604e66df26e62f1a2f1e96fafd7791aa3bcc6,2020,Ningbo,YRD,Marsh,16.9239857703508,spatial_unit,observed raw wetland area from authoritative panel
coastal-wetland-evidence-contract,1.0.0,a4cf9efdecf6735f87d398acc56604e66df26e62f1a2f1e96fafd7791aa3bcc6,2021,Ningbo,YRD,Marsh,17.4881442642961,spatial_unit,observed raw wetland area from authoritative panel
coastal-wetland-evidence-contract,1.0.0,a4cf9efdecf6735f87d398acc56604e66df26e62f1a2f1e96fafd7791aa3bcc6,2022,Ningbo,YRD,Marsh,17.8198201020488,spatial_unit,observed raw wetland area from authoritative panel
coastal-wetland-evidence-contract,1.0.0,a4cf9efdecf6735f87d398acc56604e66df26e62f1a2f1e96fafd7791aa3bcc6,2001,Shanghai_Shi,YRD,Marsh,21.1512253845895,spatial_unit,observed raw wetland area from authoritative panel
coastal-wetland-evidence-contract,1.0.0,a4cf9efdecf6735f87d398acc56604e66df26e62f1a2f1e96fafd7791aa3bcc6,2002,Shanghai_Shi,YRD,Marsh,21.0085957346508,spatial_unit,observed raw wetland area from authoritative panel
coastal-wetland-evidence-contract,1.0.0,a4cf9efdecf6735f87d398acc56604e66df26e62f1a2f1e96fafd7791aa3bcc6,2003,Shanghai_Shi,YRD,Marsh,22.5129740247243,spatial_unit,observed raw wetland area from authoritative panel
coastal-wetland-evidence-contract,1.0.0,a4cf9efdecf6735f87d398acc56604e66df26e62f1a2f1e96fafd7791aa3bcc6,2004,Shanghai_Shi,YRD,Marsh,26.2542975088925,spatial_unit,observed raw wetland area from authoritative panel
coastal-wetland-evidence-contract,1.0.0,a4cf9efdecf6735f87d398acc56604e66df26e62f1a2f1e96fafd7791aa3bcc6,2005,Shanghai_Shi,YRD,Marsh,24.7777403376647,spatial_unit,observed raw wetland area from authoritative panel
coastal-wetland-evidence-contract,1.0.0,a4cf9efdecf6735f87d398acc56604e66df26e62f1a2f1e96fafd7791aa3bcc6,2006,Shanghai_Shi,YRD,Marsh,26.7439398014821,spatial_unit,observed raw wetland area from authoritative panel
coastal-wetland-evidence-contract,1.0.0,a4cf9efdecf6735f87d398acc56604e66df26e62f1a2f1e96fafd7791aa3bcc6,2007,Shanghai_Shi,YRD,Marsh,29.5243221587508,spatial_unit,observed raw wetland area from authoritative panel
coastal-wetland-evidence-contract,1.0.0,a4cf9efdecf6735f87d398acc56604e66df26e62f1a2f1e96fafd7791aa3bcc6,2008,Shanghai_Shi,YRD,Marsh,30.7908102806258,spatial_unit,observed raw wetland area from authoritative panel
coastal-wetland-evidence-contract,1.0.0,a4cf9efdecf6735f87d398acc56604e66df26e62f1a2f1e96fafd7791aa3bcc6,2009,Shanghai_Shi,YRD,Marsh,25.7705599343444,spatial_unit,observed raw wetland area from authoritative panel
coastal-wetland-evidence-contract,1.0.0,a4cf9efdecf6735f87d398acc56604e66df26e62f1a2f1e96fafd7791aa3bcc6,2010,Shanghai_Shi,YRD,Marsh,26.6304300471623,spatial_unit,observed raw wetland area from authoritative panel
coastal-wetland-evidence-contract,1.0.0,a4cf9efdecf6735f87d398acc56604e66df26e62f1a2f1e96fafd7791aa3bcc6,2011,Shanghai_Shi,YRD,Marsh,33.1384220449564,spatial_unit,observed raw wetland area from authoritative panel
coastal-wetland-evidence-contract,1.0.0,a4cf9efdecf6735f87d398acc56604e66df26e62f1a2f1e96fafd7791aa3bcc6,2012,Shanghai_Shi,YRD,Marsh,32.9638883957644,spatial_unit,observed raw wetland area from authoritative panel
coastal-wetland-evidence-contract,1.0.0,a4cf9efdecf6735f87d398acc56604e66df26e62f1a2f1e96fafd7791aa3bcc6,2013,Shanghai_Shi,YRD,Marsh,31.4814574709981,spatial_unit,observed raw wetland area from authoritative panel
coastal-wetland-evidence-contract,1.0.0,a4cf9efdecf6735f87d398acc56604e66df26e62f1a2f1e96fafd7791aa3bcc6,2014,Shanghai_Shi,YRD,Marsh,32.6858819214155,spatial_unit,observed raw wetland area from authoritative panel
coastal-wetland-evidence-contract,1.0.0,a4cf9efdecf6735f87d398acc56604e66df26e62f1a2f1e96fafd7791aa3bcc6,2015,Shanghai_Shi,YRD,Marsh,31.9097470760992,spatial_unit,observed raw wetland area from authoritative panel
coastal-wetland-evidence-contract,1.0.0,a4cf9efdecf6735f87d398acc56604e66df26e62f1a2f1e96fafd7791aa3bcc6,2016,Shanghai_Shi,YRD,Marsh,29.793187804722,spatial_unit,observed raw wetland area from authoritative panel
coastal-wetland-evidence-contract,1.0.0,a4cf9efdecf6735f87d398acc56604e66df26e62f1a2f1e96fafd7791aa3bcc6,2017,Shanghai_Shi,YRD,Marsh,27.0204955032515,spatial_unit,observed raw wetland area from authoritative panel
coastal-wetland-evidence-contract,1.0.0,a4cf9efdecf6735f87d398acc56604e66df26e62f1a2f1e96fafd7791aa3bcc6,2018,Shanghai_Shi,YRD,Marsh,29.2176420466567,spatial_unit,observed raw wetland area from authoritative panel
coastal-wetland-evidence-contract,1.0.0,a4cf9efdecf6735f87d398acc56604e66df26e62f1a2f1e96fafd7791aa3bcc6,2019,Shanghai_Shi,YRD,Marsh,28.5234531756626,spatial_unit,observed raw wetland area from authoritative panel
coastal-wetland-evidence-contract,1.0.0,a4cf9efdecf6735f87d398acc56604e66df26e62f1a2f1e96fafd7791aa3bcc6,2020,Shanghai_Shi,YRD,Marsh,29.4109309721202,spatial_unit,observed raw wetland area from authoritative panel
coastal-wetland-evidence-contract,1.0.0,a4cf9efdecf6735f87d398acc56604e66df26e62f1a2f1e96fafd7791aa3bcc6,2021,Shanghai_Shi,YRD,Marsh,26.8259514620022,spatial_unit,observed raw wetland area from authoritative panel
coastal-wetland-evidence-contract,1.0.0,a4cf9efdecf6735f87d398acc56604e66df26e62f1a2f1e96fafd7791aa3bcc6,2022,Shanghai_Shi,YRD,Marsh,28.1447094091262,spatial_unit,observed raw wetland area from authoritative panel
coastal-wetland-evidence-contract,1.0.0,a4cf9efdecf6735f87d398acc56604e66df26e62f1a2f1e96fafd7791aa3bcc6,2001,Shaoxing,YRD,Marsh,44.8732697119485,spatial_unit,observed raw wetland area from authoritative panel
coastal-wetland-evidence-contract,1.0.0,a4cf9efdecf6735f87d398acc56604e66df26e62f1a2f1e96fafd7791aa3bcc6,2002,Shaoxing,YRD,Marsh,30.960938807104,spatial_unit,observed raw wetland area from authoritative panel
coastal-wetland-evidence-contract,1.0.0,a4cf9efdecf6735f87d398acc56604e66df26e62f1a2f1e96fafd7791aa3bcc6,2003,Shaoxing,YRD,Marsh,28.4965721959214,spatial_unit,observed raw wetland area from authoritative panel
coastal-wetland-evidence-contract,1.0.0,a4cf9efdecf6735f87d398acc56604e66df26e62f1a2f1e96fafd7791aa3bcc6,2004,Shaoxing,YRD,Marsh,23.1885470065334,spatial_unit,observed raw wetland area from authoritative panel
coastal-wetland-evidence-contract,1.0.0,a4cf9efdecf6735f87d398acc56604e66df26e62f1a2f1e96fafd7791aa3bcc6,2005,Shaoxing,YRD,Marsh,25.1379062330997,spatial_unit,observed raw wetland area from authoritative panel
coastal-wetland-evidence-contract,1.0.0,a4cf9efdecf6735f87d398acc56604e66df26e62f1a2f1e96fafd7791aa3bcc6,2006,Shaoxing,YRD,Marsh,25.8491264819891,spatial_unit,observed raw wetland area from authoritative panel
coastal-wetland-evidence-contract,1.0.0,a4cf9efdecf6735f87d398acc56604e66df26e62f1a2f1e96fafd7791aa3bcc6,2007,Shaoxing,YRD,Marsh,28.6666229738702,spatial_unit,observed raw wetland area from authoritative panel
coastal-wetland-evidence-contract,1.0.0,a4cf9efdecf6735f87d398acc56604e66df26e62f1a2f1e96fafd7791aa3bcc6,2008,Shaoxing,YRD,Marsh,28.9681864850528,spatial_unit,observed raw wetland area from authoritative panel
coastal-wetland-evidence-contract,1.0.0,a4cf9efdecf6735f87d398acc56604e66df26e62f1a2f1e96fafd7791aa3bcc6,2009,Shaoxing,YRD,Marsh,24.7963187087354,spatial_unit,observed raw wetland area from authoritative panel
coastal-wetland-evidence-contract,1.0.0,a4cf9efdecf6735f87d398acc56604e66df26e62f1a2f1e96fafd7791aa3bcc6,2010,Shaoxing,YRD,Marsh,26.1455295164445,spatial_unit,observed raw wetland area from authoritative panel
coastal-wetland-evidence-contract,1.0.0,a4cf9efdecf6735f87d398acc56604e66df26e62f1a2f1e96fafd7791aa3bcc6,2011,Shaoxing,YRD,Marsh,26.1537956842946,spatial_unit,observed raw wetland area from authoritative panel
coastal-wetland-evidence-contract,1.0.0,a4cf9efdecf6735f87d398acc56604e66df26e62f1a2f1e96fafd7791aa3bcc6,2012,Shaoxing,YRD,Marsh,29.925004374077,spatial_unit,observed raw wetland area from authoritative panel
coastal-wetland-evidence-contract,1.0.0,a4cf9efdecf6735f87d398acc56604e66df26e62f1a2f1e96fafd7791aa3bcc6,2013,Shaoxing,YRD,Marsh,26.4351654145871,spatial_unit,observed raw wetland area from authoritative panel
coastal-wetland-evidence-contract,1.0.0,a4cf9efdecf6735f87d398acc56604e66df26e62f1a2f1e96fafd7791aa3bcc6,2014,Shaoxing,YRD,Marsh,29.7560894720779,spatial_unit,observed raw wetland area from authoritative panel
coastal-wetland-evidence-contract,1.0.0,a4cf9efdecf6735f87d398acc56604e66df26e62f1a2f1e96fafd7791aa3bcc6,2015,Shaoxing,YRD,Marsh,30.6869392208716,spatial_unit,observed raw wetland area from authoritative panel
coastal-wetland-evidence-contract,1.0.0,a4cf9efdecf6735f87d398acc56604e66df26e62f1a2f1e96fafd7791aa3bcc6,2016,Shaoxing,YRD,Marsh,35.214994093861,spatial_unit,observed raw wetland area from authoritative panel
coastal-wetland-evidence-contract,1.0.0,a4cf9efdecf6735f87d398acc56604e66df26e62f1a2f1e96fafd7791aa3bcc6,2017,Shaoxing,YRD,Marsh,34.769474900674,spatial_unit,observed raw wetland area from authoritative panel
coastal-wetland-evidence-contract,1.0.0,a4cf9efdecf6735f87d398acc56604e66df26e62f1a2f1e96fafd7791aa3bcc6,2018,Shaoxing,YRD,Marsh,30.8919781611098,spatial_unit,observed raw wetland area from authoritative panel
coastal-wetland-evidence-contract,1.0.0,a4cf9efdecf6735f87d398acc56604e66df26e62f1a2f1e96fafd7791aa3bcc6,2019,Shaoxing,YRD,Marsh,28.2603044397863,spatial_unit,observed raw wetland area from authoritative panel
coastal-wetland-evidence-contract,1.0.0,a4cf9efdecf6735f87d398acc56604e66df26e62f1a2f1e96fafd7791aa3bcc6,2020,Shaoxing,YRD,Marsh,29.2386643581494,spatial_unit,observed raw wetland area from authoritative panel
coastal-wetland-evidence-contract,1.0.0,a4cf9efdecf6735f87d398acc56604e66df26e62f1a2f1e96fafd7791aa3bcc6,2021,Shaoxing,YRD,Marsh,29.5982801248506,spatial_unit,observed raw wetland area from authoritative panel
coastal-wetland-evidence-contract,1.0.0,a4cf9efdecf6735f87d398acc56604e66df26e62f1a2f1e96fafd7791aa3bcc6,2022,Shaoxing,YRD,Marsh,27.3864810593635,spatial_unit,observed raw wetland area from authoritative panel
coastal-wetland-evidence-contract,1.0.0,a4cf9efdecf6735f87d398acc56604e66df26e62f1a2f1e96fafd7791aa3bcc6,2001,Taizhou,YRD,Marsh,15.0353487336818,spatial_unit,observed raw wetland area from authoritative panel
coastal-wetland-evidence-contract,1.0.0,a4cf9efdecf6735f87d398acc56604e66df26e62f1a2f1e96fafd7791aa3bcc6,2002,Taizhou,YRD,Marsh,25.3459411660808,spatial_unit,observed raw wetland area from authoritative panel
coastal-wetland-evidence-contract,1.0.0,a4cf9efdecf6735f87d398acc56604e66df26e62f1a2f1e96fafd7791aa3bcc6,2003,Taizhou,YRD,Marsh,27.6886088156442,spatial_unit,observed raw wetland area from authoritative panel
coastal-wetland-evidence-contract,1.0.0,a4cf9efdecf6735f87d398acc56604e66df26e62f1a2f1e96fafd7791aa3bcc6,2004,Taizhou,YRD,Marsh,22.1663047798446,spatial_unit,observed raw wetland area from authoritative panel
coastal-wetland-evidence-contract,1.0.0,a4cf9efdecf6735f87d398acc56604e66df26e62f1a2f1e96fafd7791aa3bcc6,2005,Taizhou,YRD,Marsh,22.3743364222466,spatial_unit,observed raw wetland area from authoritative panel
coastal-wetland-evidence-contract,1.0.0,a4cf9efdecf6735f87d398acc56604e66df26e62f1a2f1e96fafd7791aa3bcc6,2006,Taizhou,YRD,Marsh,12.6779781782897,spatial_unit,observed raw wetland area from authoritative panel
coastal-wetland-evidence-contract,1.0.0,a4cf9efdecf6735f87d398acc56604e66df26e62f1a2f1e96fafd7791aa3bcc6,2007,Taizhou,YRD,Marsh,13.4537264091529,spatial_unit,observed raw wetland area from authoritative panel
coastal-wetland-evidence-contract,1.0.0,a4cf9efdecf6735f87d398acc56604e66df26e62f1a2f1e96fafd7791aa3bcc6,2008,Taizhou,YRD,Marsh,14.486189521741,spatial_unit,observed raw wetland area from authoritative panel
coastal-wetland-evidence-contract,1.0.0,a4cf9efdecf6735f87d398acc56604e66df26e62f1a2f1e96fafd7791aa3bcc6,2009,Taizhou,YRD,Marsh,12.783676539794,spatial_unit,observed raw wetland area from authoritative panel
coastal-wetland-evidence-contract,1.0.0,a4cf9efdecf6735f87d398acc56604e66df26e62f1a2f1e96fafd7791aa3bcc6,2010,Taizhou,YRD,Marsh,13.5442076980162,spatial_unit,observed raw wetland area from authoritative panel
coastal-wetland-evidence-contract,1.0.0,a4cf9efdecf6735f87d398acc56604e66df26e62f1a2f1e96fafd7791aa3bcc6,2011,Taizhou,YRD,Marsh,13.7709153595359,spatial_unit,observed raw wetland area from authoritative panel
coastal-wetland-evidence-contract,1.0.0,a4cf9efdecf6735f87d398acc56604e66df26e62f1a2f1e96fafd7791aa3bcc6,2012,Taizhou,YRD,Marsh,13.2097570096622,spatial_unit,observed raw wetland area from authoritative panel
coastal-wetland-evidence-contract,1.0.0,a4cf9efdecf6735f87d398acc56604e66df26e62f1a2f1e96fafd7791aa3bcc6,2013,Taizhou,YRD,Marsh,10.8311787796913,spatial_unit,observed raw wetland area from authoritative panel
coastal-wetland-evidence-contract,1.0.0,a4cf9efdecf6735f87d398acc56604e66df26e62f1a2f1e96fafd7791aa3bcc6,2014,Taizhou,YRD,Marsh,13.7435456756855,spatial_unit,observed raw wetland area from authoritative panel
coastal-wetland-evidence-contract,1.0.0,a4cf9efdecf6735f87d398acc56604e66df26e62f1a2f1e96fafd7791aa3bcc6,2015,Taizhou,YRD,Marsh,14.9602258655484,spatial_unit,observed raw wetland area from authoritative panel
coastal-wetland-evidence-contract,1.0.0,a4cf9efdecf6735f87d398acc56604e66df26e62f1a2f1e96fafd7791aa3bcc6,2016,Taizhou,YRD,Marsh,15.2124934019455,spatial_unit,observed raw wetland area from authoritative panel
coastal-wetland-evidence-contract,1.0.0,a4cf9efdecf6735f87d398acc56604e66df26e62f1a2f1e96fafd7791aa3bcc6,2017,Taizhou,YRD,Marsh,13.9104646769531,spatial_unit,observed raw wetland area from authoritative panel
coastal-wetland-evidence-contract,1.0.0,a4cf9efdecf6735f87d398acc56604e66df26e62f1a2f1e96fafd7791aa3bcc6,2018,Taizhou,YRD,Marsh,12.983480059172,spatial_unit,observed raw wetland area from authoritative panel
coastal-wetland-evidence-contract,1.0.0,a4cf9efdecf6735f87d398acc56604e66df26e62f1a2f1e96fafd7791aa3bcc6,2019,Taizhou,YRD,Marsh,11.8360042236558,spatial_unit,observed raw wetland area from authoritative panel
coastal-wetland-evidence-contract,1.0.0,a4cf9efdecf6735f87d398acc56604e66df26e62f1a2f1e96fafd7791aa3bcc6,2020,Taizhou,YRD,Marsh,11.554942015602,spatial_unit,observed raw wetland area from authoritative panel
coastal-wetland-evidence-contract,1.0.0,a4cf9efdecf6735f87d398acc56604e66df26e62f1a2f1e96fafd7791aa3bcc6,2021,Taizhou,YRD,Marsh,13.8677821075444,spatial_unit,observed raw wetland area from authoritative panel
coastal-wetland-evidence-contract,1.0.0,a4cf9efdecf6735f87d398acc56604e66df26e62f1a2f1e96fafd7791aa3bcc6,2022,Taizhou,YRD,Marsh,16.9479341028799,spatial_unit,observed raw wetland area from authoritative panel
coastal-wetland-evidence-contract,1.0.0,a4cf9efdecf6735f87d398acc56604e66df26e62f1a2f1e96fafd7791aa3bcc6,2001,Wenzhou,YRD,Marsh,17.0374244233686,spatial_unit,observed raw wetland area from authoritative panel
coastal-wetland-evidence-contract,1.0.0,a4cf9efdecf6735f87d398acc56604e66df26e62f1a2f1e96fafd7791aa3bcc6,2002,Wenzhou,YRD,Marsh,9.18166393699831,spatial_unit,observed raw wetland area from authoritative panel
coastal-wetland-evidence-contract,1.0.0,a4cf9efdecf6735f87d398acc56604e66df26e62f1a2f1e96fafd7791aa3bcc6,2003,Wenzhou,YRD,Marsh,9.24256858746553,spatial_unit,observed raw wetland area from authoritative panel
coastal-wetland-evidence-contract,1.0.0,a4cf9efdecf6735f87d398acc56604e66df26e62f1a2f1e96fafd7791aa3bcc6,2004,Wenzhou,YRD,Marsh,8.45300910301394,spatial_unit,observed raw wetland area from authoritative panel
coastal-wetland-evidence-contract,1.0.0,a4cf9efdecf6735f87d398acc56604e66df26e62f1a2f1e96fafd7791aa3bcc6,2005,Wenzhou,YRD,Marsh,9.81423820123698,spatial_unit,observed raw wetland area from authoritative panel
coastal-wetland-evidence-contract,1.0.0,a4cf9efdecf6735f87d398acc56604e66df26e62f1a2f1e96fafd7791aa3bcc6,2006,Wenzhou,YRD,Marsh,9.0491082215916,spatial_unit,observed raw wetland area from authoritative panel
coastal-wetland-evidence-contract,1.0.0,a4cf9efdecf6735f87d398acc56604e66df26e62f1a2f1e96fafd7791aa3bcc6,2007,Wenzhou,YRD,Marsh,9.76559900546109,spatial_unit,observed raw wetland area from authoritative panel
coastal-wetland-evidence-contract,1.0.0,a4cf9efdecf6735f87d398acc56604e66df26e62f1a2f1e96fafd7791aa3bcc6,2008,Wenzhou,YRD,Marsh,10.5526728567785,spatial_unit,observed raw wetland area from authoritative panel
coastal-wetland-evidence-contract,1.0.0,a4cf9efdecf6735f87d398acc56604e66df26e62f1a2f1e96fafd7791aa3bcc6,2009,Wenzhou,YRD,Marsh,9.84605583380438,spatial_unit,observed raw wetland area from authoritative panel
coastal-wetland-evidence-contract,1.0.0,a4cf9efdecf6735f87d398acc56604e66df26e62f1a2f1e96fafd7791aa3bcc6,2010,Wenzhou,YRD,Marsh,9.46729553365885,spatial_unit,observed raw wetland area from authoritative panel
coastal-wetland-evidence-contract,1.0.0,a4cf9efdecf6735f87d398acc56604e66df26e62f1a2f1e96fafd7791aa3bcc6,2011,Wenzhou,YRD,Marsh,8.25810806639093,spatial_unit,observed raw wetland area from authoritative panel
coastal-wetland-evidence-contract,1.0.0,a4cf9efdecf6735f87d398acc56604e66df26e62f1a2f1e96fafd7791aa3bcc6,2012,Wenzhou,YRD,Marsh,9.42191318613281,spatial_unit,observed raw wetland area from authoritative panel
coastal-wetland-evidence-contract,1.0.0,a4cf9efdecf6735f87d398acc56604e66df26e62f1a2f1e96fafd7791aa3bcc6,2013,Wenzhou,YRD,Marsh,8.6246924543122,spatial_unit,observed raw wetland area from authoritative panel
coastal-wetland-evidence-contract,1.0.0,a4cf9efdecf6735f87d398acc56604e66df26e62f1a2f1e96fafd7791aa3bcc6,2014,Wenzhou,YRD,Marsh,9.01222508380438,spatial_unit,observed raw wetland area from authoritative panel
coastal-wetland-evidence-contract,1.0.0,a4cf9efdecf6735f87d398acc56604e66df26e62f1a2f1e96fafd7791aa3bcc6,2015,Wenzhou,YRD,Marsh,9.29608396029028,spatial_unit,observed raw wetland area from authoritative panel
coastal-wetland-evidence-contract,1.0.0,a4cf9efdecf6735f87d398acc56604e66df26e62f1a2f1e96fafd7791aa3bcc6,2016,Wenzhou,YRD,Marsh,9.59887328386565,spatial_unit,observed raw wetland area from authoritative panel
coastal-wetland-evidence-contract,1.0.0,a4cf9efdecf6735f87d398acc56604e66df26e62f1a2f1e96fafd7791aa3bcc6,2017,Wenzhou,YRD,Marsh,9.72624973556985,spatial_unit,observed raw wetland area from authoritative panel
coastal-wetland-evidence-contract,1.0.0,a4cf9efdecf6735f87d398acc56604e66df26e62f1a2f1e96fafd7791aa3bcc6,2018,Wenzhou,YRD,Marsh,9.91689808506434,spatial_unit,observed raw wetland area from authoritative panel
coastal-wetland-evidence-contract,1.0.0,a4cf9efdecf6735f87d398acc56604e66df26e62f1a2f1e96fafd7791aa3bcc6,2019,Wenzhou,YRD,Marsh,10.0232124328125,spatial_unit,observed raw wetland area from authoritative panel
coastal-wetland-evidence-contract,1.0.0,a4cf9efdecf6735f87d398acc56604e66df26e62f1a2f1e96fafd7791aa3bcc6,2020,Wenzhou,YRD,Marsh,10.1219165540211,spatial_unit,observed raw wetland area from authoritative panel
coastal-wetland-evidence-contract,1.0.0,a4cf9efdecf6735f87d398acc56604e66df26e62f1a2f1e96fafd7791aa3bcc6,2021,Wenzhou,YRD,Marsh,9.49548523077129,spatial_unit,observed raw wetland area from authoritative panel
coastal-wetland-evidence-contract,1.0.0,a4cf9efdecf6735f87d398acc56604e66df26e62f1a2f1e96fafd7791aa3bcc6,2022,Wenzhou,YRD,Marsh,9.43361443458562,spatial_unit,observed raw wetland area from authoritative panel
coastal-wetland-evidence-contract,1.0.0,a4cf9efdecf6735f87d398acc56604e66df26e62f1a2f1e96fafd7791aa3bcc6,2001,Yancheng,YRD,Marsh,153.534937502011,spatial_unit,observed raw wetland area from authoritative panel
coastal-wetland-evidence-contract,1.0.0,a4cf9efdecf6735f87d398acc56604e66df26e62f1a2f1e96fafd7791aa3bcc6,2002,Yancheng,YRD,Marsh,135.889364011738,spatial_unit,observed raw wetland area from authoritative panel
coastal-wetland-evidence-contract,1.0.0,a4cf9efdecf6735f87d398acc56604e66df26e62f1a2f1e96fafd7791aa3bcc6,2003,Yancheng,YRD,Marsh,121.432185384716,spatial_unit,observed raw wetland area from authoritative panel
coastal-wetland-evidence-contract,1.0.0,a4cf9efdecf6735f87d398acc56604e66df26e62f1a2f1e96fafd7791aa3bcc6,2004,Yancheng,YRD,Marsh,109.256875207847,spatial_unit,observed raw wetland area from authoritative panel
coastal-wetland-evidence-contract,1.0.0,a4cf9efdecf6735f87d398acc56604e66df26e62f1a2f1e96fafd7791aa3bcc6,2005,Yancheng,YRD,Marsh,123.989360275578,spatial_unit,observed raw wetland area from authoritative panel
coastal-wetland-evidence-contract,1.0.0,a4cf9efdecf6735f87d398acc56604e66df26e62f1a2f1e96fafd7791aa3bcc6,2006,Yancheng,YRD,Marsh,124.880282681112,spatial_unit,observed raw wetland area from authoritative panel
coastal-wetland-evidence-contract,1.0.0,a4cf9efdecf6735f87d398acc56604e66df26e62f1a2f1e96fafd7791aa3bcc6,2007,Yancheng,YRD,Marsh,157.55741578776,spatial_unit,observed raw wetland area from authoritative panel
coastal-wetland-evidence-contract,1.0.0,a4cf9efdecf6735f87d398acc56604e66df26e62f1a2f1e96fafd7791aa3bcc6,2008,Yancheng,YRD,Marsh,160.754164773035,spatial_unit,observed raw wetland area from authoritative panel
coastal-wetland-evidence-contract,1.0.0,a4cf9efdecf6735f87d398acc56604e66df26e62f1a2f1e96fafd7791aa3bcc6,2009,Yancheng,YRD,Marsh,178.187879647242,spatial_unit,observed raw wetland area from authoritative panel
coastal-wetland-evidence-contract,1.0.0,a4cf9efdecf6735f87d398acc56604e66df26e62f1a2f1e96fafd7791aa3bcc6,2010,Yancheng,YRD,Marsh,201.580043945151,spatial_unit,observed raw wetland area from authoritative panel
coastal-wetland-evidence-contract,1.0.0,a4cf9efdecf6735f87d398acc56604e66df26e62f1a2f1e96fafd7791aa3bcc6,2011,Yancheng,YRD,Marsh,224.09962667651,spatial_unit,observed raw wetland area from authoritative panel
coastal-wetland-evidence-contract,1.0.0,a4cf9efdecf6735f87d398acc56604e66df26e62f1a2f1e96fafd7791aa3bcc6,2012,Yancheng,YRD,Marsh,223.561456984137,spatial_unit,observed raw wetland area from authoritative panel
coastal-wetland-evidence-contract,1.0.0,a4cf9efdecf6735f87d398acc56604e66df26e62f1a2f1e96fafd7791aa3bcc6,2013,Yancheng,YRD,Marsh,215.561002856242,spatial_unit,observed raw wetland area from authoritative panel
coastal-wetland-evidence-contract,1.0.0,a4cf9efdecf6735f87d398acc56604e66df26e62f1a2f1e96fafd7791aa3bcc6,2014,Yancheng,YRD,Marsh,219.575071348709,spatial_unit,observed raw wetland area from authoritative panel
coastal-wetland-evidence-contract,1.0.0,a4cf9efdecf6735f87d398acc56604e66df26e62f1a2f1e96fafd7791aa3bcc6,2015,Yancheng,YRD,Marsh,228.980516149693,spatial_unit,observed raw wetland area from authoritative panel
coastal-wetland-evidence-contract,1.0.0,a4cf9efdecf6735f87d398acc56604e66df26e62f1a2f1e96fafd7791aa3bcc6,2016,Yancheng,YRD,Marsh,248.052253587607,spatial_unit,observed raw wetland area from authoritative panel
coastal-wetland-evidence-contract,1.0.0,a4cf9efdecf6735f87d398acc56604e66df26e62f1a2f1e96fafd7791aa3bcc6,2017,Yancheng,YRD,Marsh,226.597455374717,spatial_unit,observed raw wetland area from authoritative panel
coastal-wetland-evidence-contract,1.0.0,a4cf9efdecf6735f87d398acc56604e66df26e62f1a2f1e96fafd7791aa3bcc6,2018,Yancheng,YRD,Marsh,243.573723238821,spatial_unit,observed raw wetland area from authoritative panel
coastal-wetland-evidence-contract,1.0.0,a4cf9efdecf6735f87d398acc56604e66df26e62f1a2f1e96fafd7791aa3bcc6,2019,Yancheng,YRD,Marsh,249.481743462236,spatial_unit,observed raw wetland area from authoritative panel
coastal-wetland-evidence-contract,1.0.0,a4cf9efdecf6735f87d398acc56604e66df26e62f1a2f1e96fafd7791aa3bcc6,2020,Yancheng,YRD,Marsh,250.246210287659,spatial_unit,observed raw wetland area from authoritative panel
coastal-wetland-evidence-contract,1.0.0,a4cf9efdecf6735f87d398acc56604e66df26e62f1a2f1e96fafd7791aa3bcc6,2021,Yancheng,YRD,Marsh,259.272330590056,spatial_unit,observed raw wetland area from authoritative panel
coastal-wetland-evidence-contract,1.0.0,a4cf9efdecf6735f87d398acc56604e66df26e62f1a2f1e96fafd7791aa3bcc6,2022,Yancheng,YRD,Marsh,249.698923059821,spatial_unit,observed raw wetland area from authoritative panel
coastal-wetland-evidence-contract,1.0.0,a4cf9efdecf6735f87d398acc56604e66df26e62f1a2f1e96fafd7791aa3bcc6,2001,Zhoushan,YRD,Marsh,2.61716941914062,spatial_unit,observed raw wetland area from authoritative panel
coastal-wetland-evidence-contract,1.0.0,a4cf9efdecf6735f87d398acc56604e66df26e62f1a2f1e96fafd7791aa3bcc6,2002,Zhoushan,YRD,Marsh,3.13311044424019,spatial_unit,observed raw wetland area from authoritative panel
coastal-wetland-evidence-contract,1.0.0,a4cf9efdecf6735f87d398acc56604e66df26e62f1a2f1e96fafd7791aa3bcc6,2003,Zhoushan,YRD,Marsh,2.41841342124693,spatial_unit,observed raw wetland area from authoritative panel
coastal-wetland-evidence-contract,1.0.0,a4cf9efdecf6735f87d398acc56604e66df26e62f1a2f1e96fafd7791aa3bcc6,2004,Zhoushan,YRD,Marsh,1.80767361461014,spatial_unit,observed raw wetland area from authoritative panel
coastal-wetland-evidence-contract,1.0.0,a4cf9efdecf6735f87d398acc56604e66df26e62f1a2f1e96fafd7791aa3bcc6,2005,Zhoushan,YRD,Marsh,2.38416067521829,spatial_unit,observed raw wetland area from authoritative panel
coastal-wetland-evidence-contract,1.0.0,a4cf9efdecf6735f87d398acc56604e66df26e62f1a2f1e96fafd7791aa3bcc6,2006,Zhoushan,YRD,Marsh,2.22202070957797,spatial_unit,observed raw wetland area from authoritative panel
coastal-wetland-evidence-contract,1.0.0,a4cf9efdecf6735f87d398acc56604e66df26e62f1a2f1e96fafd7791aa3bcc6,2007,Zhoushan,YRD,Marsh,3.19033262186351,spatial_unit,observed raw wetland area from authoritative panel
coastal-wetland-evidence-contract,1.0.0,a4cf9efdecf6735f87d398acc56604e66df26e62f1a2f1e96fafd7791aa3bcc6,2008,Zhoushan,YRD,Marsh,3.12291531188726,spatial_unit,observed raw wetland area from authoritative panel
coastal-wetland-evidence-contract,1.0.0,a4cf9efdecf6735f87d398acc56604e66df26e62f1a2f1e96fafd7791aa3bcc6,2009,Zhoushan,YRD,Marsh,3.26202520031786,spatial_unit,observed raw wetland area from authoritative panel
coastal-wetland-evidence-contract,1.0.0,a4cf9efdecf6735f87d398acc56604e66df26e62f1a2f1e96fafd7791aa3bcc6,2010,Zhoushan,YRD,Marsh,3.56878210230545,spatial_unit,observed raw wetland area from authoritative panel
coastal-wetland-evidence-contract,1.0.0,a4cf9efdecf6735f87d398acc56604e66df26e62f1a2f1e96fafd7791aa3bcc6,2011,Zhoushan,YRD,Marsh,3.92282111557904,spatial_unit,observed raw wetland area from authoritative panel
coastal-wetland-evidence-contract,1.0.0,a4cf9efdecf6735f87d398acc56604e66df26e62f1a2f1e96fafd7791aa3bcc6,2012,Zhoushan,YRD,Marsh,3.9638198080193,spatial_unit,observed raw wetland area from authoritative panel
coastal-wetland-evidence-contract,1.0.0,a4cf9efdecf6735f87d398acc56604e66df26e62f1a2f1e96fafd7791aa3bcc6,2013,Zhoushan,YRD,Marsh,4.30244095287607,spatial_unit,observed raw wetland area from authoritative panel
coastal-wetland-evidence-contract,1.0.0,a4cf9efdecf6735f87d398acc56604e66df26e62f1a2f1e96fafd7791aa3bcc6,2014,Zhoushan,YRD,Marsh,4.17216391664369,spatial_unit,observed raw wetland area from authoritative panel
coastal-wetland-evidence-contract,1.0.0,a4cf9efdecf6735f87d398acc56604e66df26e62f1a2f1e96fafd7791aa3bcc6,2015,Zhoushan,YRD,Marsh,4.38061903332185,spatial_unit,observed raw wetland area from authoritative panel
coastal-wetland-evidence-contract,1.0.0,a4cf9efdecf6735f87d398acc56604e66df26e62f1a2f1e96fafd7791aa3bcc6,2016,Zhoushan,YRD,Marsh,4.76299763710555,spatial_unit,observed raw wetland area from authoritative panel
coastal-wetland-evidence-contract,1.0.0,a4cf9efdecf6735f87d398acc56604e66df26e62f1a2f1e96fafd7791aa3bcc6,2017,Zhoushan,YRD,Marsh,4.40721263114277,spatial_unit,observed raw wetland area from authoritative panel
coastal-wetland-evidence-contract,1.0.0,a4cf9efdecf6735f87d398acc56604e66df26e62f1a2f1e96fafd7791aa3bcc6,2018,Zhoushan,YRD,Marsh,5.16032975443474,spatial_unit,observed raw wetland area from authoritative panel
coastal-wetland-evidence-contract,1.0.0,a4cf9efdecf6735f87d398acc56604e66df26e62f1a2f1e96fafd7791aa3bcc6,2019,Zhoushan,YRD,Marsh,4.92530532301432,spatial_unit,observed raw wetland area from authoritative panel
coastal-wetland-evidence-contract,1.0.0,a4cf9efdecf6735f87d398acc56604e66df26e62f1a2f1e96fafd7791aa3bcc6,2020,Zhoushan,YRD,Marsh,4.24393586967103,spatial_unit,observed raw wetland area from authoritative panel
coastal-wetland-evidence-contract,1.0.0,a4cf9efdecf6735f87d398acc56604e66df26e62f1a2f1e96fafd7791aa3bcc6,2021,Zhoushan,YRD,Marsh,3.49615650174441,spatial_unit,observed raw wetland area from authoritative panel
coastal-wetland-evidence-contract,1.0.0,a4cf9efdecf6735f87d398acc56604e66df26e62f1a2f1e96fafd7791aa3bcc6,2022,Zhoushan,YRD,Marsh,3.52419245611022,spatial_unit,observed raw wetland area from authoritative panel
coastal-wetland-evidence-contract,1.0.0,a4cf9efdecf6735f87d398acc56604e66df26e62f1a2f1e96fafd7791aa3bcc6,2001,Beihai,BBG,Salt_Marsh,14.7815848921224,spatial_unit,observed raw wetland area from authoritative panel
coastal-wetland-evidence-contract,1.0.0,a4cf9efdecf6735f87d398acc56604e66df26e62f1a2f1e96fafd7791aa3bcc6,2002,Beihai,BBG,Salt_Marsh,14.3972019891621,spatial_unit,observed raw wetland area from authoritative panel
coastal-wetland-evidence-contract,1.0.0,a4cf9efdecf6735f87d398acc56604e66df26e62f1a2f1e96fafd7791aa3bcc6,2003,Beihai,BBG,Salt_Marsh,14.9305266060739,spatial_unit,observed raw wetland area from authoritative panel
coastal-wetland-evidence-contract,1.0.0,a4cf9efdecf6735f87d398acc56604e66df26e62f1a2f1e96fafd7791aa3bcc6,2004,Beihai,BBG,Salt_Marsh,15.3025491939875,spatial_unit,observed raw wetland area from authoritative panel
coastal-wetland-evidence-contract,1.0.0,a4cf9efdecf6735f87d398acc56604e66df26e62f1a2f1e96fafd7791aa3bcc6,2005,Beihai,BBG,Salt_Marsh,15.4842451703509,spatial_unit,observed raw wetland area from authoritative panel
coastal-wetland-evidence-contract,1.0.0,a4cf9efdecf6735f87d398acc56604e66df26e62f1a2f1e96fafd7791aa3bcc6,2006,Beihai,BBG,Salt_Marsh,15.0972078928118,spatial_unit,observed raw wetland area from authoritative panel
coastal-wetland-evidence-contract,1.0.0,a4cf9efdecf6735f87d398acc56604e66df26e62f1a2f1e96fafd7791aa3bcc6,2007,Beihai,BBG,Salt_Marsh,14.7985624460402,spatial_unit,observed raw wetland area from authoritative panel
coastal-wetland-evidence-contract,1.0.0,a4cf9efdecf6735f87d398acc56604e66df26e62f1a2f1e96fafd7791aa3bcc6,2008,Beihai,BBG,Salt_Marsh,14.6740328595053,spatial_unit,observed raw wetland area from authoritative panel
coastal-wetland-evidence-contract,1.0.0,a4cf9efdecf6735f87d398acc56604e66df26e62f1a2f1e96fafd7791aa3bcc6,2009,Beihai,BBG,Salt_Marsh,14.4719394343291,spatial_unit,observed raw wetland area from authoritative panel
coastal-wetland-evidence-contract,1.0.0,a4cf9efdecf6735f87d398acc56604e66df26e62f1a2f1e96fafd7791aa3bcc6,2010,Beihai,BBG,Salt_Marsh,14.5183335821539,spatial_unit,observed raw wetland area from authoritative panel
coastal-wetland-evidence-contract,1.0.0,a4cf9efdecf6735f87d398acc56604e66df26e62f1a2f1e96fafd7791aa3bcc6,2011,Beihai,BBG,Salt_Marsh,14.9137392958908,spatial_unit,observed raw wetland area from authoritative panel
coastal-wetland-evidence-contract,1.0.0,a4cf9efdecf6735f87d398acc56604e66df26e62f1a2f1e96fafd7791aa3bcc6,2012,Beihai,BBG,Salt_Marsh,14.4340187925935,spatial_unit,observed raw wetland area from authoritative panel
coastal-wetland-evidence-contract,1.0.0,a4cf9efdecf6735f87d398acc56604e66df26e62f1a2f1e96fafd7791aa3bcc6,2013,Beihai,BBG,Salt_Marsh,13.8076619797029,spatial_unit,observed raw wetland area from authoritative panel
coastal-wetland-evidence-contract,1.0.0,a4cf9efdecf6735f87d398acc56604e66df26e62f1a2f1e96fafd7791aa3bcc6,2014,Beihai,BBG,Salt_Marsh,14.144872552654,spatial_unit,observed raw wetland area from authoritative panel
coastal-wetland-evidence-contract,1.0.0,a4cf9efdecf6735f87d398acc56604e66df26e62f1a2f1e96fafd7791aa3bcc6,2015,Beihai,BBG,Salt_Marsh,14.1427180579542,spatial_unit,observed raw wetland area from authoritative panel
coastal-wetland-evidence-contract,1.0.0,a4cf9efdecf6735f87d398acc56604e66df26e62f1a2f1e96fafd7791aa3bcc6,2016,Beihai,BBG,Salt_Marsh,14.0028751032974,spatial_unit,observed raw wetland area from authoritative panel
coastal-wetland-evidence-contract,1.0.0,a4cf9efdecf6735f87d398acc56604e66df26e62f1a2f1e96fafd7791aa3bcc6,2017,Beihai,BBG,Salt_Marsh,14.1364704778302,spatial_unit,observed raw wetland area from authoritative panel
coastal-wetland-evidence-contract,1.0.0,a4cf9efdecf6735f87d398acc56604e66df26e62f1a2f1e96fafd7791aa3bcc6,2018,Beihai,BBG,Salt_Marsh,14.4369041021332,spatial_unit,observed raw wetland area from authoritative panel
coastal-wetland-evidence-contract,1.0.0,a4cf9efdecf6735f87d398acc56604e66df26e62f1a2f1e96fafd7791aa3bcc6,2019,Beihai,BBG,Salt_Marsh,14.6130970930569,spatial_unit,observed raw wetland area from authoritative panel
coastal-wetland-evidence-contract,1.0.0,a4cf9efdecf6735f87d398acc56604e66df26e62f1a2f1e96fafd7791aa3bcc6,2020,Beihai,BBG,Salt_Marsh,15.0256649573185,spatial_unit,observed raw wetland area from authoritative panel
coastal-wetland-evidence-contract,1.0.0,a4cf9efdecf6735f87d398acc56604e66df26e62f1a2f1e96fafd7791aa3bcc6,2021,Beihai,BBG,Salt_Marsh,15.3573026731618,spatial_unit,observed raw wetland area from authoritative panel
coastal-wetland-evidence-contract,1.0.0,a4cf9efdecf6735f87d398acc56604e66df26e62f1a2f1e96fafd7791aa3bcc6,2022,Beihai,BBG,Salt_Marsh,15.6858089286191,spatial_unit,observed raw wetland area from authoritative panel
coastal-wetland-evidence-contract,1.0.0,a4cf9efdecf6735f87d398acc56604e66df26e62f1a2f1e96fafd7791aa3bcc6,2001,Fangchenggang,BBG,Salt_Marsh,5.26266201785769,spatial_unit,observed raw wetland area from authoritative panel
coastal-wetland-evidence-contract,1.0.0,a4cf9efdecf6735f87d398acc56604e66df26e62f1a2f1e96fafd7791aa3bcc6,2002,Fangchenggang,BBG,Salt_Marsh,5.28749594793198,spatial_unit,observed raw wetland area from authoritative panel
coastal-wetland-evidence-contract,1.0.0,a4cf9efdecf6735f87d398acc56604e66df26e62f1a2f1e96fafd7791aa3bcc6,2003,Fangchenggang,BBG,Salt_Marsh,5.2149030376034,spatial_unit,observed raw wetland area from authoritative panel
coastal-wetland-evidence-contract,1.0.0,a4cf9efdecf6735f87d398acc56604e66df26e62f1a2f1e96fafd7791aa3bcc6,2004,Fangchenggang,BBG,Salt_Marsh,5.56151865940946,spatial_unit,observed raw wetland area from authoritative panel
coastal-wetland-evidence-contract,1.0.0,a4cf9efdecf6735f87d398acc56604e66df26e62f1a2f1e96fafd7791aa3bcc6,2005,Fangchenggang,BBG,Salt_Marsh,5.38103094645756,spatial_unit,observed raw wetland area from authoritative panel
coastal-wetland-evidence-contract,1.0.0,a4cf9efdecf6735f87d398acc56604e66df26e62f1a2f1e96fafd7791aa3bcc6,2006,Fangchenggang,BBG,Salt_Marsh,5.71961079113434,spatial_unit,observed raw wetland area from authoritative panel
coastal-wetland-evidence-contract,1.0.0,a4cf9efdecf6735f87d398acc56604e66df26e62f1a2f1e96fafd7791aa3bcc6,2007,Fangchenggang,BBG,Salt_Marsh,5.93055756564797,spatial_unit,observed raw wetland area from authoritative panel
coastal-wetland-evidence-contract,1.0.0,a4cf9efdecf6735f87d398acc56604e66df26e62f1a2f1e96fafd7791aa3bcc6,2008,Fangchenggang,BBG,Salt_Marsh,6.0362055460363,spatial_unit,observed raw wetland area from authoritative panel
coastal-wetland-evidence-contract,1.0.0,a4cf9efdecf6735f87d398acc56604e66df26e62f1a2f1e96fafd7791aa3bcc6,2009,Fangchenggang,BBG,Salt_Marsh,6.01622966078431,spatial_unit,observed raw wetland area from authoritative panel
coastal-wetland-evidence-contract,1.0.0,a4cf9efdecf6735f87d398acc56604e66df26e62f1a2f1e96fafd7791aa3bcc6,2010,Fangchenggang,BBG,Salt_Marsh,5.6110447713848,spatial_unit,observed raw wetland area from authoritative panel
coastal-wetland-evidence-contract,1.0.0,a4cf9efdecf6735f87d398acc56604e66df26e62f1a2f1e96fafd7791aa3bcc6,2011,Fangchenggang,BBG,Salt_Marsh,5.88851135297947,spatial_unit,observed raw wetland area from authoritative panel
coastal-wetland-evidence-contract,1.0.0,a4cf9efdecf6735f87d398acc56604e66df26e62f1a2f1e96fafd7791aa3bcc6,2012,Fangchenggang,BBG,Salt_Marsh,5.57591484591758,spatial_unit,observed raw wetland area from authoritative panel
coastal-wetland-evidence-contract,1.0.0,a4cf9efdecf6735f87d398acc56604e66df26e62f1a2f1e96fafd7791aa3bcc6,2013,Fangchenggang,BBG,Salt_Marsh,5.56994974646139,spatial_unit,observed raw wetland area from authoritative panel
coastal-wetland-evidence-contract,1.0.0,a4cf9efdecf6735f87d398acc56604e66df26e62f1a2f1e96fafd7791aa3bcc6,2014,Fangchenggang,BBG,Salt_Marsh,5.73995607897135,spatial_unit,observed raw wetland area from authoritative panel
coastal-wetland-evidence-contract,1.0.0,a4cf9efdecf6735f87d398acc56604e66df26e62f1a2f1e96fafd7791aa3bcc6,2015,Fangchenggang,BBG,Salt_Marsh,5.72568732945005,spatial_unit,observed raw wetland area from authoritative panel
coastal-wetland-evidence-contract,1.0.0,a4cf9efdecf6735f87d398acc56604e66df26e62f1a2f1e96fafd7791aa3bcc6,2016,Fangchenggang,BBG,Salt_Marsh,5.80364837023207,spatial_unit,observed raw wetland area from authoritative panel
coastal-wetland-evidence-contract,1.0.0,a4cf9efdecf6735f87d398acc56604e66df26e62f1a2f1e96fafd7791aa3bcc6,2017,Fangchenggang,BBG,Salt_Marsh,5.656886679676,spatial_unit,observed raw wetland area from authoritative panel
coastal-wetland-evidence-contract,1.0.0,a4cf9efdecf6735f87d398acc56604e66df26e62f1a2f1e96fafd7791aa3bcc6,2018,Fangchenggang,BBG,Salt_Marsh,5.7011753622051,spatial_unit,observed raw wetland area from authoritative panel
coastal-wetland-evidence-contract,1.0.0,a4cf9efdecf6735f87d398acc56604e66df26e62f1a2f1e96fafd7791aa3bcc6,2019,Fangchenggang,BBG,Salt_Marsh,5.52013891812193,spatial_unit,observed raw wetland area from authoritative panel
coastal-wetland-evidence-contract,1.0.0,a4cf9efdecf6735f87d398acc56604e66df26e62f1a2f1e96fafd7791aa3bcc6,2020,Fangchenggang,BBG,Salt_Marsh,5.58403309851791,spatial_unit,observed raw wetland area from authoritative panel
coastal-wetland-evidence-contract,1.0.0,a4cf9efdecf6735f87d398acc56604e66df26e62f1a2f1e96fafd7791aa3bcc6,2021,Fangchenggang,BBG,Salt_Marsh,5.72172118298866,spatial_unit,observed raw wetland area from authoritative panel
coastal-wetland-evidence-contract,1.0.0,a4cf9efdecf6735f87d398acc56604e66df26e62f1a2f1e96fafd7791aa3bcc6,2022,Fangchenggang,BBG,Salt_Marsh,5.88926227266773,spatial_unit,observed raw wetland area from authoritative panel
coastal-wetland-evidence-contract,1.0.0,a4cf9efdecf6735f87d398acc56604e66df26e62f1a2f1e96fafd7791aa3bcc6,2001,Hainan_Sheng,BBG,Salt_Marsh,20.2930248811772,spatial_unit,observed raw wetland area from authoritative panel
coastal-wetland-evidence-contract,1.0.0,a4cf9efdecf6735f87d398acc56604e66df26e62f1a2f1e96fafd7791aa3bcc6,2002,Hainan_Sheng,BBG,Salt_Marsh,19.5625824899318,spatial_unit,observed raw wetland area from authoritative panel
coastal-wetland-evidence-contract,1.0.0,a4cf9efdecf6735f87d398acc56604e66df26e62f1a2f1e96fafd7791aa3bcc6,2003,Hainan_Sheng,BBG,Salt_Marsh,19.736756437657,spatial_unit,observed raw wetland area from authoritative panel
coastal-wetland-evidence-contract,1.0.0,a4cf9efdecf6735f87d398acc56604e66df26e62f1a2f1e96fafd7791aa3bcc6,2004,Hainan_Sheng,BBG,Salt_Marsh,19.6252526165173,spatial_unit,observed raw wetland area from authoritative panel
coastal-wetland-evidence-contract,1.0.0,a4cf9efdecf6735f87d398acc56604e66df26e62f1a2f1e96fafd7791aa3bcc6,2005,Hainan_Sheng,BBG,Salt_Marsh,20.1571256378523,spatial_unit,observed raw wetland area from authoritative panel
coastal-wetland-evidence-contract,1.0.0,a4cf9efdecf6735f87d398acc56604e66df26e62f1a2f1e96fafd7791aa3bcc6,2006,Hainan_Sheng,BBG,Salt_Marsh,19.8925559488281,spatial_unit,observed raw wetland area from authoritative panel
coastal-wetland-evidence-contract,1.0.0,a4cf9efdecf6735f87d398acc56604e66df26e62f1a2f1e96fafd7791aa3bcc6,2007,Hainan_Sheng,BBG,Salt_Marsh,20.7190770626493,spatial_unit,observed raw wetland area from authoritative panel
coastal-wetland-evidence-contract,1.0.0,a4cf9efdecf6735f87d398acc56604e66df26e62f1a2f1e96fafd7791aa3bcc6,2008,Hainan_Sheng,BBG,Salt_Marsh,21.2579309645182,spatial_unit,observed raw wetland area from authoritative panel
coastal-wetland-evidence-contract,1.0.0,a4cf9efdecf6735f87d398acc56604e66df26e62f1a2f1e96fafd7791aa3bcc6,2009,Hainan_Sheng,BBG,Salt_Marsh,22.3533492900007,spatial_unit,observed raw wetland area from authoritative panel
coastal-wetland-evidence-contract,1.0.0,a4cf9efdecf6735f87d398acc56604e66df26e62f1a2f1e96fafd7791aa3bcc6,2010,Hainan_Sheng,BBG,Salt_Marsh,22.6262085943206,spatial_unit,observed raw wetland area from authoritative panel
coastal-wetland-evidence-contract,1.0.0,a4cf9efdecf6735f87d398acc56604e66df26e62f1a2f1e96fafd7791aa3bcc6,2011,Hainan_Sheng,BBG,Salt_Marsh,23.2874168143037,spatial_unit,observed raw wetland area from authoritative panel
coastal-wetland-evidence-contract,1.0.0,a4cf9efdecf6735f87d398acc56604e66df26e62f1a2f1e96fafd7791aa3bcc6,2012,Hainan_Sheng,BBG,Salt_Marsh,24.4401636500497,spatial_unit,observed raw wetland area from authoritative panel
coastal-wetland-evidence-contract,1.0.0,a4cf9efdecf6735f87d398acc56604e66df26e62f1a2f1e96fafd7791aa3bcc6,2013,Hainan_Sheng,BBG,Salt_Marsh,25.7486747521101,spatial_unit,observed raw wetland area from authoritative panel
coastal-wetland-evidence-contract,1.0.0,a4cf9efdecf6735f87d398acc56604e66df26e62f1a2f1e96fafd7791aa3bcc6,2014,Hainan_Sheng,BBG,Salt_Marsh,26.8307937372204,spatial_unit,observed raw wetland area from authoritative panel
coastal-wetland-evidence-contract,1.0.0,a4cf9efdecf6735f87d398acc56604e66df26e62f1a2f1e96fafd7791aa3bcc6,2015,Hainan_Sheng,BBG,Salt_Marsh,26.9315762579159,spatial_unit,observed raw wetland area from authoritative panel
coastal-wetland-evidence-contract,1.0.0,a4cf9efdecf6735f87d398acc56604e66df26e62f1a2f1e96fafd7791aa3bcc6,2016,Hainan_Sheng,BBG,Salt_Marsh,26.8343191678577,spatial_unit,observed raw wetland area from authoritative panel
coastal-wetland-evidence-contract,1.0.0,a4cf9efdecf6735f87d398acc56604e66df26e62f1a2f1e96fafd7791aa3bcc6,2017,Hainan_Sheng,BBG,Salt_Marsh,26.4544626624349,spatial_unit,observed raw wetland area from authoritative panel
coastal-wetland-evidence-contract,1.0.0,a4cf9efdecf6735f87d398acc56604e66df26e62f1a2f1e96fafd7791aa3bcc6,2018,Hainan_Sheng,BBG,Salt_Marsh,26.6128752047832,spatial_unit,observed raw wetland area from authoritative panel
coastal-wetland-evidence-contract,1.0.0,a4cf9efdecf6735f87d398acc56604e66df26e62f1a2f1e96fafd7791aa3bcc6,2019,Hainan_Sheng,BBG,Salt_Marsh,27.1205843153569,spatial_unit,observed raw wetland area from authoritative panel
coastal-wetland-evidence-contract,1.0.0,a4cf9efdecf6735f87d398acc56604e66df26e62f1a2f1e96fafd7791aa3bcc6,2020,Hainan_Sheng,BBG,Salt_Marsh,27.9848427051393,spatial_unit,observed raw wetland area from authoritative panel
coastal-wetland-evidence-contract,1.0.0,a4cf9efdecf6735f87d398acc56604e66df26e62f1a2f1e96fafd7791aa3bcc6,2021,Hainan_Sheng,BBG,Salt_Marsh,28.4928469939414,spatial_unit,observed raw wetland area from authoritative panel
coastal-wetland-evidence-contract,1.0.0,a4cf9efdecf6735f87d398acc56604e66df26e62f1a2f1e96fafd7791aa3bcc6,2022,Hainan_Sheng,BBG,Salt_Marsh,29.1104282994025,spatial_unit,observed raw wetland area from authoritative panel
coastal-wetland-evidence-contract,1.0.0,a4cf9efdecf6735f87d398acc56604e66df26e62f1a2f1e96fafd7791aa3bcc6,2001,Maoming,BBG,Salt_Marsh,1.62687160112975,spatial_unit,observed raw wetland area from authoritative panel
coastal-wetland-evidence-contract,1.0.0,a4cf9efdecf6735f87d398acc56604e66df26e62f1a2f1e96fafd7791aa3bcc6,2002,Maoming,BBG,Salt_Marsh,1.64963714862515,spatial_unit,observed raw wetland area from authoritative panel
coastal-wetland-evidence-contract,1.0.0,a4cf9efdecf6735f87d398acc56604e66df26e62f1a2f1e96fafd7791aa3bcc6,2003,Maoming,BBG,Salt_Marsh,1.6277289704542,spatial_unit,observed raw wetland area from authoritative panel
coastal-wetland-evidence-contract,1.0.0,a4cf9efdecf6735f87d398acc56604e66df26e62f1a2f1e96fafd7791aa3bcc6,2004,Maoming,BBG,Salt_Marsh,1.64140262812883,spatial_unit,observed raw wetland area from authoritative panel
coastal-wetland-evidence-contract,1.0.0,a4cf9efdecf6735f87d398acc56604e66df26e62f1a2f1e96fafd7791aa3bcc6,2005,Maoming,BBG,Salt_Marsh,1.76774015396369,spatial_unit,observed raw wetland area from authoritative panel
coastal-wetland-evidence-contract,1.0.0,a4cf9efdecf6735f87d398acc56604e66df26e62f1a2f1e96fafd7791aa3bcc6,2006,Maoming,BBG,Salt_Marsh,1.85863169857536,spatial_unit,observed raw wetland area from authoritative panel
coastal-wetland-evidence-contract,1.0.0,a4cf9efdecf6735f87d398acc56604e66df26e62f1a2f1e96fafd7791aa3bcc6,2007,Maoming,BBG,Salt_Marsh,1.83437995937883,spatial_unit,observed raw wetland area from authoritative panel
coastal-wetland-evidence-contract,1.0.0,a4cf9efdecf6735f87d398acc56604e66df26e62f1a2f1e96fafd7791aa3bcc6,2008,Maoming,BBG,Salt_Marsh,1.89502565818397,spatial_unit,observed raw wetland area from authoritative panel
coastal-wetland-evidence-contract,1.0.0,a4cf9efdecf6735f87d398acc56604e66df26e62f1a2f1e96fafd7791aa3bcc6,2009,Maoming,BBG,Salt_Marsh,2.11861891024433,spatial_unit,observed raw wetland area from authoritative panel
coastal-wetland-evidence-contract,1.0.0,a4cf9efdecf6735f87d398acc56604e66df26e62f1a2f1e96fafd7791aa3bcc6,2010,Maoming,BBG,Salt_Marsh,2.17436825727251,spatial_unit,observed raw wetland area from authoritative panel
coastal-wetland-evidence-contract,1.0.0,a4cf9efdecf6735f87d398acc56604e66df26e62f1a2f1e96fafd7791aa3bcc6,2011,Maoming,BBG,Salt_Marsh,2.29618178522518,spatial_unit,observed raw wetland area from authoritative panel
coastal-wetland-evidence-contract,1.0.0,a4cf9efdecf6735f87d398acc56604e66df26e62f1a2f1e96fafd7791aa3bcc6,2012,Maoming,BBG,Salt_Marsh,2.25852714824601,spatial_unit,observed raw wetland area from authoritative panel
coastal-wetland-evidence-contract,1.0.0,a4cf9efdecf6735f87d398acc56604e66df26e62f1a2f1e96fafd7791aa3bcc6,2013,Maoming,BBG,Salt_Marsh,2.32635733684512,spatial_unit,observed raw wetland area from authoritative panel
coastal-wetland-evidence-contract,1.0.0,a4cf9efdecf6735f87d398acc56604e66df26e62f1a2f1e96fafd7791aa3bcc6,2014,Maoming,BBG,Salt_Marsh,2.64548764715839,spatial_unit,observed raw wetland area from authoritative panel
coastal-wetland-evidence-contract,1.0.0,a4cf9efdecf6735f87d398acc56604e66df26e62f1a2f1e96fafd7791aa3bcc6,2015,Maoming,BBG,Salt_Marsh,2.74243032837392,spatial_unit,observed raw wetland area from authoritative panel
coastal-wetland-evidence-contract,1.0.0,a4cf9efdecf6735f87d398acc56604e66df26e62f1a2f1e96fafd7791aa3bcc6,2016,Maoming,BBG,Salt_Marsh,2.80882735904182,spatial_unit,observed raw wetland area from authoritative panel
coastal-wetland-evidence-contract,1.0.0,a4cf9efdecf6735f87d398acc56604e66df26e62f1a2f1e96fafd7791aa3bcc6,2017,Maoming,BBG,Salt_Marsh,2.80756053296951,spatial_unit,observed raw wetland area from authoritative panel
coastal-wetland-evidence-contract,1.0.0,a4cf9efdecf6735f87d398acc56604e66df26e62f1a2f1e96fafd7791aa3bcc6,2018,Maoming,BBG,Salt_Marsh,2.75812676583563,spatial_unit,observed raw wetland area from authoritative panel
coastal-wetland-evidence-contract,1.0.0,a4cf9efdecf6735f87d398acc56604e66df26e62f1a2f1e96fafd7791aa3bcc6,2019,Maoming,BBG,Salt_Marsh,2.65800827091758,spatial_unit,observed raw wetland area from authoritative panel
coastal-wetland-evidence-contract,1.0.0,a4cf9efdecf6735f87d398acc56604e66df26e62f1a2f1e96fafd7791aa3bcc6,2020,Maoming,BBG,Salt_Marsh,2.68447324668734,spatial_unit,observed raw wetland area from authoritative panel
coastal-wetland-evidence-contract,1.0.0,a4cf9efdecf6735f87d398acc56604e66df26e62f1a2f1e96fafd7791aa3bcc6,2021,Maoming,BBG,Salt_Marsh,2.75162090833716,spatial_unit,observed raw wetland area from authoritative panel
coastal-wetland-evidence-contract,1.0.0,a4cf9efdecf6735f87d398acc56604e66df26e62f1a2f1e96fafd7791aa3bcc6,2022,Maoming,BBG,Salt_Marsh,2.71456652138097,spatial_unit,observed raw wetland area from authoritative panel
coastal-wetland-evidence-contract,1.0.0,a4cf9efdecf6735f87d398acc56604e66df26e62f1a2f1e96fafd7791aa3bcc6,2001,Qinzhou,BBG,Salt_Marsh,10.3680052977367,spatial_unit,observed raw wetland area from authoritative panel
coastal-wetland-evidence-contract,1.0.0,a4cf9efdecf6735f87d398acc56604e66df26e62f1a2f1e96fafd7791aa3bcc6,2002,Qinzhou,BBG,Salt_Marsh,10.768416782667,spatial_unit,observed raw wetland area from authoritative panel
coastal-wetland-evidence-contract,1.0.0,a4cf9efdecf6735f87d398acc56604e66df26e62f1a2f1e96fafd7791aa3bcc6,2003,Qinzhou,BBG,Salt_Marsh,10.3672193806219,spatial_unit,observed raw wetland area from authoritative panel
coastal-wetland-evidence-contract,1.0.0,a4cf9efdecf6735f87d398acc56604e66df26e62f1a2f1e96fafd7791aa3bcc6,2004,Qinzhou,BBG,Salt_Marsh,10.7942566673139,spatial_unit,observed raw wetland area from authoritative panel
coastal-wetland-evidence-contract,1.0.0,a4cf9efdecf6735f87d398acc56604e66df26e62f1a2f1e96fafd7791aa3bcc6,2005,Qinzhou,BBG,Salt_Marsh,10.9178596263366,spatial_unit,observed raw wetland area from authoritative panel
coastal-wetland-evidence-contract,1.0.0,a4cf9efdecf6735f87d398acc56604e66df26e62f1a2f1e96fafd7791aa3bcc6,2006,Qinzhou,BBG,Salt_Marsh,12.2768891966644,spatial_unit,observed raw wetland area from authoritative panel
coastal-wetland-evidence-contract,1.0.0,a4cf9efdecf6735f87d398acc56604e66df26e62f1a2f1e96fafd7791aa3bcc6,2007,Qinzhou,BBG,Salt_Marsh,12.3579199092754,spatial_unit,observed raw wetland area from authoritative panel
coastal-wetland-evidence-contract,1.0.0,a4cf9efdecf6735f87d398acc56604e66df26e62f1a2f1e96fafd7791aa3bcc6,2008,Qinzhou,BBG,Salt_Marsh,12.638672706181,spatial_unit,observed raw wetland area from authoritative panel
coastal-wetland-evidence-contract,1.0.0,a4cf9efdecf6735f87d398acc56604e66df26e62f1a2f1e96fafd7791aa3bcc6,2009,Qinzhou,BBG,Salt_Marsh,12.6592830585439,spatial_unit,observed raw wetland area from authoritative panel
coastal-wetland-evidence-contract,1.0.0,a4cf9efdecf6735f87d398acc56604e66df26e62f1a2f1e96fafd7791aa3bcc6,2010,Qinzhou,BBG,Salt_Marsh,12.3347121241843,spatial_unit,observed raw wetland area from authoritative panel
coastal-wetland-evidence-contract,1.0.0,a4cf9efdecf6735f87d398acc56604e66df26e62f1a2f1e96fafd7791aa3bcc6,2011,Qinzhou,BBG,Salt_Marsh,13.5578462238741,spatial_unit,observed raw wetland area from authoritative panel
coastal-wetland-evidence-contract,1.0.0,a4cf9efdecf6735f87d398acc56604e66df26e62f1a2f1e96fafd7791aa3bcc6,2012,Qinzhou,BBG,Salt_Marsh,13.7912861666934,spatial_unit,observed raw wetland area from authoritative panel
coastal-wetland-evidence-contract,1.0.0,a4cf9efdecf6735f87d398acc56604e66df26e62f1a2f1e96fafd7791aa3bcc6,2013,Qinzhou,BBG,Salt_Marsh,13.2071140353783,spatial_unit,observed raw wetland area from authoritative panel
coastal-wetland-evidence-contract,1.0.0,a4cf9efdecf6735f87d398acc56604e66df26e62f1a2f1e96fafd7791aa3bcc6,2014,Qinzhou,BBG,Salt_Marsh,14.4324086418236,spatial_unit,observed raw wetland area from authoritative panel
coastal-wetland-evidence-contract,1.0.0,a4cf9efdecf6735f87d398acc56604e66df26e62f1a2f1e96fafd7791aa3bcc6,2015,Qinzhou,BBG,Salt_Marsh,14.3324233981349,spatial_unit,observed raw wetland area from authoritative panel
coastal-wetland-evidence-contract,1.0.0,a4cf9efdecf6735f87d398acc56604e66df26e62f1a2f1e96fafd7791aa3bcc6,2016,Qinzhou,BBG,Salt_Marsh,14.2024954405331,spatial_unit,observed raw wetland area from authoritative panel
coastal-wetland-evidence-contract,1.0.0,a4cf9efdecf6735f87d398acc56604e66df26e62f1a2f1e96fafd7791aa3bcc6,2017,Qinzhou,BBG,Salt_Marsh,14.7231780792892,spatial_unit,observed raw wetland area from authoritative panel
coastal-wetland-evidence-contract,1.0.0,a4cf9efdecf6735f87d398acc56604e66df26e62f1a2f1e96fafd7791aa3bcc6,2018,Qinzhou,BBG,Salt_Marsh,14.3199566466222,spatial_unit,observed raw wetland area from authoritative panel
coastal-wetland-evidence-contract,1.0.0,a4cf9efdecf6735f87d398acc56604e66df26e62f1a2f1e96fafd7791aa3bcc6,2019,Qinzhou,BBG,Salt_Marsh,13.7522430198299,spatial_unit,observed raw wetland area from authoritative panel
coastal-wetland-evidence-contract,1.0.0,a4cf9efdecf6735f87d398acc56604e66df26e62f1a2f1e96fafd7791aa3bcc6,2020,Qinzhou,BBG,Salt_Marsh,14.4689749541973,spatial_unit,observed raw wetland area from authoritative panel
coastal-wetland-evidence-contract,1.0.0,a4cf9efdecf6735f87d398acc56604e66df26e62f1a2f1e96fafd7791aa3bcc6,2021,Qinzhou,BBG,Salt_Marsh,15.0830502396254,spatial_unit,observed raw wetland area from authoritative panel
coastal-wetland-evidence-contract,1.0.0,a4cf9efdecf6735f87d398acc56604e66df26e62f1a2f1e96fafd7791aa3bcc6,2022,Qinzhou,BBG,Salt_Marsh,15.6581032455691,spatial_unit,observed raw wetland area from authoritative panel
coastal-wetland-evidence-contract,1.0.0,a4cf9efdecf6735f87d398acc56604e66df26e62f1a2f1e96fafd7791aa3bcc6,2001,Yangjiang,BBG,Salt_Marsh,10.0524261397403,spatial_unit,observed raw wetland area from authoritative panel
coastal-wetland-evidence-contract,1.0.0,a4cf9efdecf6735f87d398acc56604e66df26e62f1a2f1e96fafd7791aa3bcc6,2002,Yangjiang,BBG,Salt_Marsh,9.24775397235753,spatial_unit,observed raw wetland area from authoritative panel
coastal-wetland-evidence-contract,1.0.0,a4cf9efdecf6735f87d398acc56604e66df26e62f1a2f1e96fafd7791aa3bcc6,2003,Yangjiang,BBG,Salt_Marsh,8.60135319954044,spatial_unit,observed raw wetland area from authoritative panel
coastal-wetland-evidence-contract,1.0.0,a4cf9efdecf6735f87d398acc56604e66df26e62f1a2f1e96fafd7791aa3bcc6,2004,Yangjiang,BBG,Salt_Marsh,9.51919284428232,spatial_unit,observed raw wetland area from authoritative panel
coastal-wetland-evidence-contract,1.0.0,a4cf9efdecf6735f87d398acc56604e66df26e62f1a2f1e96fafd7791aa3bcc6,2005,Yangjiang,BBG,Salt_Marsh,9.89483959009267,spatial_unit,observed raw wetland area from authoritative panel
coastal-wetland-evidence-contract,1.0.0,a4cf9efdecf6735f87d398acc56604e66df26e62f1a2f1e96fafd7791aa3bcc6,2006,Yangjiang,BBG,Salt_Marsh,10.2635149053041,spatial_unit,observed raw wetland area from authoritative panel
coastal-wetland-evidence-contract,1.0.0,a4cf9efdecf6735f87d398acc56604e66df26e62f1a2f1e96fafd7791aa3bcc6,2007,Yangjiang,BBG,Salt_Marsh,10.4401844854013,spatial_unit,observed raw wetland area from authoritative panel
coastal-wetland-evidence-contract,1.0.0,a4cf9efdecf6735f87d398acc56604e66df26e62f1a2f1e96fafd7791aa3bcc6,2008,Yangjiang,BBG,Salt_Marsh,10.5317842467984,spatial_unit,observed raw wetland area from authoritative panel
coastal-wetland-evidence-contract,1.0.0,a4cf9efdecf6735f87d398acc56604e66df26e62f1a2f1e96fafd7791aa3bcc6,2009,Yangjiang,BBG,Salt_Marsh,11.454608910183,spatial_unit,observed raw wetland area from authoritative panel
coastal-wetland-evidence-contract,1.0.0,a4cf9efdecf6735f87d398acc56604e66df26e62f1a2f1e96fafd7791aa3bcc6,2010,Yangjiang,BBG,Salt_Marsh,12.1380690613128,spatial_unit,observed raw wetland area from authoritative panel
coastal-wetland-evidence-contract,1.0.0,a4cf9efdecf6735f87d398acc56604e66df26e62f1a2f1e96fafd7791aa3bcc6,2011,Yangjiang,BBG,Salt_Marsh,12.4914504999387,spatial_unit,observed raw wetland area from authoritative panel
coastal-wetland-evidence-contract,1.0.0,a4cf9efdecf6735f87d398acc56604e66df26e62f1a2f1e96fafd7791aa3bcc6,2012,Yangjiang,BBG,Salt_Marsh,12.1319358505898,spatial_unit,observed raw wetland area from authoritative panel
coastal-wetland-evidence-contract,1.0.0,a4cf9efdecf6735f87d398acc56604e66df26e62f1a2f1e96fafd7791aa3bcc6,2013,Yangjiang,BBG,Salt_Marsh,12.7028924977137,spatial_unit,observed raw wetland area from authoritative panel
coastal-wetland-evidence-contract,1.0.0,a4cf9efdecf6735f87d398acc56604e66df26e62f1a2f1e96fafd7791aa3bcc6,2014,Yangjiang,BBG,Salt_Marsh,13.1326461090878,spatial_unit,observed raw wetland area from authoritative panel
coastal-wetland-evidence-contract,1.0.0,a4cf9efdecf6735f87d398acc56604e66df26e62f1a2f1e96fafd7791aa3bcc6,2015,Yangjiang,BBG,Salt_Marsh,13.7198949124387,spatial_unit,observed raw wetland area from authoritative panel
coastal-wetland-evidence-contract,1.0.0,a4cf9efdecf6735f87d398acc56604e66df26e62f1a2f1e96fafd7791aa3bcc6,2016,Yangjiang,BBG,Salt_Marsh,13.832041052788,spatial_unit,observed raw wetland area from authoritative panel
coastal-wetland-evidence-contract,1.0.0,a4cf9efdecf6735f87d398acc56604e66df26e62f1a2f1e96fafd7791aa3bcc6,2017,Yangjiang,BBG,Salt_Marsh,13.6619780258502,spatial_unit,observed raw wetland area from authoritative panel
coastal-wetland-evidence-contract,1.0.0,a4cf9efdecf6735f87d398acc56604e66df26e62f1a2f1e96fafd7791aa3bcc6,2018,Yangjiang,BBG,Salt_Marsh,13.574506352294,spatial_unit,observed raw wetland area from authoritative panel
coastal-wetland-evidence-contract,1.0.0,a4cf9efdecf6735f87d398acc56604e66df26e62f1a2f1e96fafd7791aa3bcc6,2019,Yangjiang,BBG,Salt_Marsh,13.6878743488128,spatial_unit,observed raw wetland area from authoritative panel
coastal-wetland-evidence-contract,1.0.0,a4cf9efdecf6735f87d398acc56604e66df26e62f1a2f1e96fafd7791aa3bcc6,2020,Yangjiang,BBG,Salt_Marsh,14.2346086258425,spatial_unit,observed raw wetland area from authoritative panel
coastal-wetland-evidence-contract,1.0.0,a4cf9efdecf6735f87d398acc56604e66df26e62f1a2f1e96fafd7791aa3bcc6,2021,Yangjiang,BBG,Salt_Marsh,13.6501925010301,spatial_unit,observed raw wetland area from authoritative panel
coastal-wetland-evidence-contract,1.0.0,a4cf9efdecf6735f87d398acc56604e66df26e62f1a2f1e96fafd7791aa3bcc6,2022,Yangjiang,BBG,Salt_Marsh,13.1850349193819,spatial_unit,observed raw wetland area from authoritative panel
coastal-wetland-evidence-contract,1.0.0,a4cf9efdecf6735f87d398acc56604e66df26e62f1a2f1e96fafd7791aa3bcc6,2001,Zhanjiang,BBG,Salt_Marsh,24.5371752309972,spatial_unit,observed raw wetland area from authoritative panel
coastal-wetland-evidence-contract,1.0.0,a4cf9efdecf6735f87d398acc56604e66df26e62f1a2f1e96fafd7791aa3bcc6,2002,Zhanjiang,BBG,Salt_Marsh,24.085306978508,spatial_unit,observed raw wetland area from authoritative panel
coastal-wetland-evidence-contract,1.0.0,a4cf9efdecf6735f87d398acc56604e66df26e62f1a2f1e96fafd7791aa3bcc6,2003,Zhanjiang,BBG,Salt_Marsh,24.7324371769876,spatial_unit,observed raw wetland area from authoritative panel
coastal-wetland-evidence-contract,1.0.0,a4cf9efdecf6735f87d398acc56604e66df26e62f1a2f1e96fafd7791aa3bcc6,2004,Zhanjiang,BBG,Salt_Marsh,26.4636487446117,spatial_unit,observed raw wetland area from authoritative panel
coastal-wetland-evidence-contract,1.0.0,a4cf9efdecf6735f87d398acc56604e66df26e62f1a2f1e96fafd7791aa3bcc6,2005,Zhanjiang,BBG,Salt_Marsh,28.6936010500766,spatial_unit,observed raw wetland area from authoritative panel
coastal-wetland-evidence-contract,1.0.0,a4cf9efdecf6735f87d398acc56604e66df26e62f1a2f1e96fafd7791aa3bcc6,2006,Zhanjiang,BBG,Salt_Marsh,29.5533012013212,spatial_unit,observed raw wetland area from authoritative panel
coastal-wetland-evidence-contract,1.0.0,a4cf9efdecf6735f87d398acc56604e66df26e62f1a2f1e96fafd7791aa3bcc6,2007,Zhanjiang,BBG,Salt_Marsh,27.4776184626915,spatial_unit,observed raw wetland area from authoritative panel
coastal-wetland-evidence-contract,1.0.0,a4cf9efdecf6735f87d398acc56604e66df26e62f1a2f1e96fafd7791aa3bcc6,2008,Zhanjiang,BBG,Salt_Marsh,26.8058908698683,spatial_unit,observed raw wetland area from authoritative panel
coastal-wetland-evidence-contract,1.0.0,a4cf9efdecf6735f87d398acc56604e66df26e62f1a2f1e96fafd7791aa3bcc6,2009,Zhanjiang,BBG,Salt_Marsh,26.9143627530982,spatial_unit,observed raw wetland area from authoritative panel
coastal-wetland-evidence-contract,1.0.0,a4cf9efdecf6735f87d398acc56604e66df26e62f1a2f1e96fafd7791aa3bcc6,2010,Zhanjiang,BBG,Salt_Marsh,26.6621381497434,spatial_unit,observed raw wetland area from authoritative panel
coastal-wetland-evidence-contract,1.0.0,a4cf9efdecf6735f87d398acc56604e66df26e62f1a2f1e96fafd7791aa3bcc6,2011,Zhanjiang,BBG,Salt_Marsh,28.1449913538412,spatial_unit,observed raw wetland area from authoritative panel
coastal-wetland-evidence-contract,1.0.0,a4cf9efdecf6735f87d398acc56604e66df26e62f1a2f1e96fafd7791aa3bcc6,2012,Zhanjiang,BBG,Salt_Marsh,29.3306220244677,spatial_unit,observed raw wetland area from authoritative panel
coastal-wetland-evidence-contract,1.0.0,a4cf9efdecf6735f87d398acc56604e66df26e62f1a2f1e96fafd7791aa3bcc6,2013,Zhanjiang,BBG,Salt_Marsh,29.0434819554649,spatial_unit,observed raw wetland area from authoritative panel
coastal-wetland-evidence-contract,1.0.0,a4cf9efdecf6735f87d398acc56604e66df26e62f1a2f1e96fafd7791aa3bcc6,2014,Zhanjiang,BBG,Salt_Marsh,29.2837630496171,spatial_unit,observed raw wetland area from authoritative panel
coastal-wetland-evidence-contract,1.0.0,a4cf9efdecf6735f87d398acc56604e66df26e62f1a2f1e96fafd7791aa3bcc6,2015,Zhanjiang,BBG,Salt_Marsh,29.0804243098461,spatial_unit,observed raw wetland area from authoritative panel
coastal-wetland-evidence-contract,1.0.0,a4cf9efdecf6735f87d398acc56604e66df26e62f1a2f1e96fafd7791aa3bcc6,2016,Zhanjiang,BBG,Salt_Marsh,29.6964186223575,spatial_unit,observed raw wetland area from authoritative panel
coastal-wetland-evidence-contract,1.0.0,a4cf9efdecf6735f87d398acc56604e66df26e62f1a2f1e96fafd7791aa3bcc6,2017,Zhanjiang,BBG,Salt_Marsh,30.8403411520795,spatial_unit,observed raw wetland area from authoritative panel
coastal-wetland-evidence-contract,1.0.0,a4cf9efdecf6735f87d398acc56604e66df26e62f1a2f1e96fafd7791aa3bcc6,2018,Zhanjiang,BBG,Salt_Marsh,31.7568561819662,spatial_unit,observed raw wetland area from authoritative panel
coastal-wetland-evidence-contract,1.0.0,a4cf9efdecf6735f87d398acc56604e66df26e62f1a2f1e96fafd7791aa3bcc6,2019,Zhanjiang,BBG,Salt_Marsh,32.632128778799,spatial_unit,observed raw wetland area from authoritative panel
coastal-wetland-evidence-contract,1.0.0,a4cf9efdecf6735f87d398acc56604e66df26e62f1a2f1e96fafd7791aa3bcc6,2020,Zhanjiang,BBG,Salt_Marsh,32.6066198126264,spatial_unit,observed raw wetland area from authoritative panel
coastal-wetland-evidence-contract,1.0.0,a4cf9efdecf6735f87d398acc56604e66df26e62f1a2f1e96fafd7791aa3bcc6,2021,Zhanjiang,BBG,Salt_Marsh,32.8517591010838,spatial_unit,observed raw wetland area from authoritative panel
coastal-wetland-evidence-contract,1.0.0,a4cf9efdecf6735f87d398acc56604e66df26e62f1a2f1e96fafd7791aa3bcc6,2022,Zhanjiang,BBG,Salt_Marsh,33.1654473009575,spatial_unit,observed raw wetland area from authoritative panel
coastal-wetland-evidence-contract,1.0.0,a4cf9efdecf6735f87d398acc56604e66df26e62f1a2f1e96fafd7791aa3bcc6,2001,Binzhou,BYS,Salt_Marsh,0.0,spatial_unit,observed raw wetland area from authoritative panel
coastal-wetland-evidence-contract,1.0.0,a4cf9efdecf6735f87d398acc56604e66df26e62f1a2f1e96fafd7791aa3bcc6,2002,Binzhou,BYS,Salt_Marsh,0.0,spatial_unit,observed raw wetland area from authoritative panel
coastal-wetland-evidence-contract,1.0.0,a4cf9efdecf6735f87d398acc56604e66df26e62f1a2f1e96fafd7791aa3bcc6,2003,Binzhou,BYS,Salt_Marsh,0.0,spatial_unit,observed raw wetland area from authoritative panel
coastal-wetland-evidence-contract,1.0.0,a4cf9efdecf6735f87d398acc56604e66df26e62f1a2f1e96fafd7791aa3bcc6,2004,Binzhou,BYS,Salt_Marsh,0.0,spatial_unit,observed raw wetland area from authoritative panel
coastal-wetland-evidence-contract,1.0.0,a4cf9efdecf6735f87d398acc56604e66df26e62f1a2f1e96fafd7791aa3bcc6,2005,Binzhou,BYS,Salt_Marsh,0.0,spatial_unit,observed raw wetland area from authoritative panel
coastal-wetland-evidence-contract,1.0.0,a4cf9efdecf6735f87d398acc56604e66df26e62f1a2f1e96fafd7791aa3bcc6,2006,Binzhou,BYS,Salt_Marsh,0.0,spatial_unit,observed raw wetland area from authoritative panel
coastal-wetland-evidence-contract,1.0.0,a4cf9efdecf6735f87d398acc56604e66df26e62f1a2f1e96fafd7791aa3bcc6,2007,Binzhou,BYS,Salt_Marsh,0.0078526040039062,spatial_unit,observed raw wetland area from authoritative panel
coastal-wetland-evidence-contract,1.0.0,a4cf9efdecf6735f87d398acc56604e66df26e62f1a2f1e96fafd7791aa3bcc6,2008,Binzhou,BYS,Salt_Marsh,0.0078526040039062,spatial_unit,observed raw wetland area from authoritative panel
coastal-wetland-evidence-contract,1.0.0,a4cf9efdecf6735f87d398acc56604e66df26e62f1a2f1e96fafd7791aa3bcc6,2009,Binzhou,BYS,Salt_Marsh,0.0,spatial_unit,observed raw wetland area from authoritative panel
coastal-wetland-evidence-contract,1.0.0,a4cf9efdecf6735f87d398acc56604e66df26e62f1a2f1e96fafd7791aa3bcc6,2010,Binzhou,BYS,Salt_Marsh,0.0,spatial_unit,observed raw wetland area from authoritative panel
coastal-wetland-evidence-contract,1.0.0,a4cf9efdecf6735f87d398acc56604e66df26e62f1a2f1e96fafd7791aa3bcc6,2011,Binzhou,BYS,Salt_Marsh,0.015708439453125,spatial_unit,observed raw wetland area from authoritative panel
coastal-wetland-evidence-contract,1.0.0,a4cf9efdecf6735f87d398acc56604e66df26e62f1a2f1e96fafd7791aa3bcc6,2012,Binzhou,BYS,Salt_Marsh,0.0942982221679687,spatial_unit,observed raw wetland area from authoritative panel
coastal-wetland-evidence-contract,1.0.0,a4cf9efdecf6735f87d398acc56604e66df26e62f1a2f1e96fafd7791aa3bcc6,2013,Binzhou,BYS,Salt_Marsh,0.172832437988281,spatial_unit,observed raw wetland area from authoritative panel
coastal-wetland-evidence-contract,1.0.0,a4cf9efdecf6735f87d398acc56604e66df26e62f1a2f1e96fafd7791aa3bcc6,2014,Binzhou,BYS,Salt_Marsh,0.141416509277344,spatial_unit,observed raw wetland area from authoritative panel
coastal-wetland-evidence-contract,1.0.0,a4cf9efdecf6735f87d398acc56604e66df26e62f1a2f1e96fafd7791aa3bcc6,2015,Binzhou,BYS,Salt_Marsh,0.0392657749023438,spatial_unit,observed raw wetland area from authoritative panel
coastal-wetland-evidence-contract,1.0.0,a4cf9efdecf6735f87d398acc56604e66df26e62f1a2f1e96fafd7791aa3bcc6,2016,Binzhou,BYS,Salt_Marsh,0.117744267089844,spatial_unit,observed raw wetland area from authoritative panel
coastal-wetland-evidence-contract,1.0.0,a4cf9efdecf6735f87d398acc56604e66df26e62f1a2f1e96fafd7791aa3bcc6,2017,Binzhou,BYS,Salt_Marsh,0.23554159765625,spatial_unit,observed raw wetland area from authoritative panel
coastal-wetland-evidence-contract,1.0.0,a4cf9efdecf6735f87d398acc56604e66df26e62f1a2f1e96fafd7791aa3bcc6,2018,Binzhou,BYS,Salt_Marsh,0.352497389533548,spatial_unit,observed raw wetland area from authoritative panel
coastal-wetland-evidence-contract,1.0.0,a4cf9efdecf6735f87d398acc56604e66df26e62f1a2f1e96fafd7791aa3bcc6,2019,Binzhou,BYS,Salt_Marsh,0.454600545295267,spatial_unit,observed raw wetland area from authoritative panel
coastal-wetland-evidence-contract,1.0.0,a4cf9efdecf6735f87d398acc56604e66df26e62f1a2f1e96fafd7791aa3bcc6,2020,Binzhou,BYS,Salt_Marsh,0.525294235236673,spatial_unit,observed raw wetland area from authoritative panel
coastal-wetland-evidence-contract,1.0.0,a4cf9efdecf6735f87d398acc56604e66df26e62f1a2f1e96fafd7791aa3bcc6,2021,Binzhou,BYS,Salt_Marsh,0.588080728889017,spatial_unit,observed raw wetland area from authoritative panel
coastal-wetland-evidence-contract,1.0.0,a4cf9efdecf6735f87d398acc56604e66df26e62f1a2f1e96fafd7791aa3bcc6,2022,Binzhou,BYS,Salt_Marsh,0.345459879394531,spatial_unit,observed raw wetland area from authoritative panel
coastal-wetland-evidence-contract,1.0.0,a4cf9efdecf6735f87d398acc56604e66df26e62f1a2f1e96fafd7791aa3bcc6,2001,Cangzhou,BYS,Salt_Marsh,0.0685263797181372,spatial_unit,observed raw wetland area from authoritative panel
coastal-wetland-evidence-contract,1.0.0,a4cf9efdecf6735f87d398acc56604e66df26e62f1a2f1e96fafd7791aa3bcc6,2002,Cangzhou,BYS,Salt_Marsh,0.0728626718596814,spatial_unit,observed raw wetland area from authoritative panel
coastal-wetland-evidence-contract,1.0.0,a4cf9efdecf6735f87d398acc56604e66df26e62f1a2f1e96fafd7791aa3bcc6,2003,Cangzhou,BYS,Salt_Marsh,0.0411219731081495,spatial_unit,observed raw wetland area from authoritative panel
coastal-wetland-evidence-contract,1.0.0,a4cf9efdecf6735f87d398acc56604e66df26e62f1a2f1e96fafd7791aa3bcc6,2004,Cangzhou,BYS,Salt_Marsh,0.0584999165441176,spatial_unit,observed raw wetland area from authoritative panel
coastal-wetland-evidence-contract,1.0.0,a4cf9efdecf6735f87d398acc56604e66df26e62f1a2f1e96fafd7791aa3bcc6,2005,Cangzhou,BYS,Salt_Marsh,0.0594532857383578,spatial_unit,observed raw wetland area from authoritative panel
coastal-wetland-evidence-contract,1.0.0,a4cf9efdecf6735f87d398acc56604e66df26e62f1a2f1e96fafd7791aa3bcc6,2006,Cangzhou,BYS,Salt_Marsh,0.0672925616172641,spatial_unit,observed raw wetland area from authoritative panel
coastal-wetland-evidence-contract,1.0.0,a4cf9efdecf6735f87d398acc56604e66df26e62f1a2f1e96fafd7791aa3bcc6,2007,Cangzhou,BYS,Salt_Marsh,0.0568084345339308,spatial_unit,observed raw wetland area from authoritative panel
coastal-wetland-evidence-contract,1.0.0,a4cf9efdecf6735f87d398acc56604e66df26e62f1a2f1e96fafd7791aa3bcc6,2008,Cangzhou,BYS,Salt_Marsh,0.0583769758425245,spatial_unit,observed raw wetland area from authoritative panel
coastal-wetland-evidence-contract,1.0.0,a4cf9efdecf6735f87d398acc56604e66df26e62f1a2f1e96fafd7791aa3bcc6,2009,Cangzhou,BYS,Salt_Marsh,0.0691415128561581,spatial_unit,observed raw wetland area from authoritative panel
coastal-wetland-evidence-contract,1.0.0,a4cf9efdecf6735f87d398acc56604e66df26e62f1a2f1e96fafd7791aa3bcc6,2010,Cangzhou,BYS,Salt_Marsh,0.0843962773858762,spatial_unit,observed raw wetland area from authoritative panel
coastal-wetland-evidence-contract,1.0.0,a4cf9efdecf6735f87d398acc56604e66df26e62f1a2f1e96fafd7791aa3bcc6,2011,Cangzhou,BYS,Salt_Marsh,0.0860877593960631,spatial_unit,observed raw wetland area from authoritative panel
coastal-wetland-evidence-contract,1.0.0,a4cf9efdecf6735f87d398acc56604e66df26e62f1a2f1e96fafd7791aa3bcc6,2012,Cangzhou,BYS,Salt_Marsh,0.109613687130438,spatial_unit,observed raw wetland area from authoritative panel
coastal-wetland-evidence-contract,1.0.0,a4cf9efdecf6735f87d398acc56604e66df26e62f1a2f1e96fafd7791aa3bcc6,2013,Cangzhou,BYS,Salt_Marsh,0.0939272257046569,spatial_unit,observed raw wetland area from authoritative panel
coastal-wetland-evidence-contract,1.0.0,a4cf9efdecf6735f87d398acc56604e66df26e62f1a2f1e96fafd7791aa3bcc6,2014,Cangzhou,BYS,Salt_Marsh,0.0939272257046569,spatial_unit,observed raw wetland area from authoritative panel
coastal-wetland-evidence-contract,1.0.0,a4cf9efdecf6735f87d398acc56604e66df26e62f1a2f1e96fafd7791aa3bcc6,2015,Cangzhou,BYS,Salt_Marsh,0.0912543015490962,spatial_unit,observed raw wetland area from authoritative panel
coastal-wetland-evidence-contract,1.0.0,a4cf9efdecf6735f87d398acc56604e66df26e62f1a2f1e96fafd7791aa3bcc6,2016,Cangzhou,BYS,Salt_Marsh,0.0863646478036918,spatial_unit,observed raw wetland area from authoritative panel
coastal-wetland-evidence-contract,1.0.0,a4cf9efdecf6735f87d398acc56604e66df26e62f1a2f1e96fafd7791aa3bcc6,2017,Cangzhou,BYS,Salt_Marsh,0.0777835225988052,spatial_unit,observed raw wetland area from authoritative panel
coastal-wetland-evidence-contract,1.0.0,a4cf9efdecf6735f87d398acc56604e66df26e62f1a2f1e96fafd7791aa3bcc6,2018,Cangzhou,BYS,Salt_Marsh,0.0775065586894914,spatial_unit,observed raw wetland area from authoritative panel
coastal-wetland-evidence-contract,1.0.0,a4cf9efdecf6735f87d398acc56604e66df26e62f1a2f1e96fafd7791aa3bcc6,2019,Cangzhou,BYS,Salt_Marsh,0.0865799796836704,spatial_unit,observed raw wetland area from authoritative panel
coastal-wetland-evidence-contract,1.0.0,a4cf9efdecf6735f87d398acc56604e66df26e62f1a2f1e96fafd7791aa3bcc6,2020,Cangzhou,BYS,Salt_Marsh,0.0782446715054381,spatial_unit,observed raw wetland area from authoritative panel
coastal-wetland-evidence-contract,1.0.0,a4cf9efdecf6735f87d398acc56604e66df26e62f1a2f1e96fafd7791aa3bcc6,2021,Cangzhou,BYS,Salt_Marsh,0.102165949345129,spatial_unit,observed raw wetland area from authoritative panel
coastal-wetland-evidence-contract,1.0.0,a4cf9efdecf6735f87d398acc56604e66df26e62f1a2f1e96fafd7791aa3bcc6,2022,Cangzhou,BYS,Salt_Marsh,0.117295922639017,spatial_unit,observed raw wetland area from authoritative panel
coastal-wetland-evidence-contract,1.0.0,a4cf9efdecf6735f87d398acc56604e66df26e62f1a2f1e96fafd7791aa3bcc6,2001,Dalian,BYS,Salt_Marsh,2.55659002511872,spatial_unit,observed raw wetland area from authoritative panel
coastal-wetland-evidence-contract,1.0.0,a4cf9efdecf6735f87d398acc56604e66df26e62f1a2f1e96fafd7791aa3bcc6,2002,Dalian,BYS,Salt_Marsh,2.37948195070083,spatial_unit,observed raw wetland area from authoritative panel
coastal-wetland-evidence-contract,1.0.0,a4cf9efdecf6735f87d398acc56604e66df26e62f1a2f1e96fafd7791aa3bcc6,2003,Dalian,BYS,Salt_Marsh,2.17443568007238,spatial_unit,observed raw wetland area from authoritative panel
coastal-wetland-evidence-contract,1.0.0,a4cf9efdecf6735f87d398acc56604e66df26e62f1a2f1e96fafd7791aa3bcc6,2004,Dalian,BYS,Salt_Marsh,5.15594966389974,spatial_unit,observed raw wetland area from authoritative panel
coastal-wetland-evidence-contract,1.0.0,a4cf9efdecf6735f87d398acc56604e66df26e62f1a2f1e96fafd7791aa3bcc6,2005,Dalian,BYS,Salt_Marsh,5.8903884510838,spatial_unit,observed raw wetland area from authoritative panel
coastal-wetland-evidence-contract,1.0.0,a4cf9efdecf6735f87d398acc56604e66df26e62f1a2f1e96fafd7791aa3bcc6,2006,Dalian,BYS,Salt_Marsh,6.43847413271101,spatial_unit,observed raw wetland area from authoritative panel
coastal-wetland-evidence-contract,1.0.0,a4cf9efdecf6735f87d398acc56604e66df26e62f1a2f1e96fafd7791aa3bcc6,2007,Dalian,BYS,Salt_Marsh,6.8013417739545,spatial_unit,observed raw wetland area from authoritative panel
coastal-wetland-evidence-contract,1.0.0,a4cf9efdecf6735f87d398acc56604e66df26e62f1a2f1e96fafd7791aa3bcc6,2008,Dalian,BYS,Salt_Marsh,7.59388874484144,spatial_unit,observed raw wetland area from authoritative panel
coastal-wetland-evidence-contract,1.0.0,a4cf9efdecf6735f87d398acc56604e66df26e62f1a2f1e96fafd7791aa3bcc6,2009,Dalian,BYS,Salt_Marsh,7.5862143911171,spatial_unit,observed raw wetland area from authoritative panel
coastal-wetland-evidence-contract,1.0.0,a4cf9efdecf6735f87d398acc56604e66df26e62f1a2f1e96fafd7791aa3bcc6,2010,Dalian,BYS,Salt_Marsh,8.79620041213044,spatial_unit,observed raw wetland area from authoritative panel
coastal-wetland-evidence-contract,1.0.0,a4cf9efdecf6735f87d398acc56604e66df26e62f1a2f1e96fafd7791aa3bcc6,2011,Dalian,BYS,Salt_Marsh,9.04426324521484,spatial_unit,observed raw wetland area from authoritative panel
coastal-wetland-evidence-contract,1.0.0,a4cf9efdecf6735f87d398acc56604e66df26e62f1a2f1e96fafd7791aa3bcc6,2012,Dalian,BYS,Salt_Marsh,13.4320604160788,spatial_unit,observed raw wetland area from authoritative panel
coastal-wetland-evidence-contract,1.0.0,a4cf9efdecf6735f87d398acc56604e66df26e62f1a2f1e96fafd7791aa3bcc6,2013,Dalian,BYS,Salt_Marsh,12.8034342947017,spatial_unit,observed raw wetland area from authoritative panel
coastal-wetland-evidence-contract,1.0.0,a4cf9efdecf6735f87d398acc56604e66df26e62f1a2f1e96fafd7791aa3bcc6,2014,Dalian,BYS,Salt_Marsh,14.8148006326325,spatial_unit,observed raw wetland area from authoritative panel
coastal-wetland-evidence-contract,1.0.0,a4cf9efdecf6735f87d398acc56604e66df26e62f1a2f1e96fafd7791aa3bcc6,2015,Dalian,BYS,Salt_Marsh,18.9175691959444,spatial_unit,observed raw wetland area from authoritative panel
coastal-wetland-evidence-contract,1.0.0,a4cf9efdecf6735f87d398acc56604e66df26e62f1a2f1e96fafd7791aa3bcc6,2016,Dalian,BYS,Salt_Marsh,20.4308677363798,spatial_unit,observed raw wetland area from authoritative panel
coastal-wetland-evidence-contract,1.0.0,a4cf9efdecf6735f87d398acc56604e66df26e62f1a2f1e96fafd7791aa3bcc6,2017,Dalian,BYS,Salt_Marsh,18.9069610936256,spatial_unit,observed raw wetland area from authoritative panel
coastal-wetland-evidence-contract,1.0.0,a4cf9efdecf6735f87d398acc56604e66df26e62f1a2f1e96fafd7791aa3bcc6,2018,Dalian,BYS,Salt_Marsh,15.4649129074008,spatial_unit,observed raw wetland area from authoritative panel
coastal-wetland-evidence-contract,1.0.0,a4cf9efdecf6735f87d398acc56604e66df26e62f1a2f1e96fafd7791aa3bcc6,2019,Dalian,BYS,Salt_Marsh,18.8765527874387,spatial_unit,observed raw wetland area from authoritative panel
coastal-wetland-evidence-contract,1.0.0,a4cf9efdecf6735f87d398acc56604e66df26e62f1a2f1e96fafd7791aa3bcc6,2020,Dalian,BYS,Salt_Marsh,25.9516710908701,spatial_unit,observed raw wetland area from authoritative panel
coastal-wetland-evidence-contract,1.0.0,a4cf9efdecf6735f87d398acc56604e66df26e62f1a2f1e96fafd7791aa3bcc6,2021,Dalian,BYS,Salt_Marsh,30.9350653705825,spatial_unit,observed raw wetland area from authoritative panel
coastal-wetland-evidence-contract,1.0.0,a4cf9efdecf6735f87d398acc56604e66df26e62f1a2f1e96fafd7791aa3bcc6,2022,Dalian,BYS,Salt_Marsh,30.4412317981618,spatial_unit,observed raw wetland area from authoritative panel
coastal-wetland-evidence-contract,1.0.0,a4cf9efdecf6735f87d398acc56604e66df26e62f1a2f1e96fafd7791aa3bcc6,2001,Dandong,BYS,Salt_Marsh,2.9514844695638,spatial_unit,observed raw wetland area from authoritative panel
coastal-wetland-evidence-contract,1.0.0,a4cf9efdecf6735f87d398acc56604e66df26e62f1a2f1e96fafd7791aa3bcc6,2002,Dandong,BYS,Salt_Marsh,2.54159634465763,spatial_unit,observed raw wetland area from authoritative panel
coastal-wetland-evidence-contract,1.0.0,a4cf9efdecf6735f87d398acc56604e66df26e62f1a2f1e96fafd7791aa3bcc6,2003,Dandong,BYS,Salt_Marsh,2.5212610527382,spatial_unit,observed raw wetland area from authoritative panel
coastal-wetland-evidence-contract,1.0.0,a4cf9efdecf6735f87d398acc56604e66df26e62f1a2f1e96fafd7791aa3bcc6,2004,Dandong,BYS,Salt_Marsh,2.29890146563075,spatial_unit,observed raw wetland area from authoritative panel
coastal-wetland-evidence-contract,1.0.0,a4cf9efdecf6735f87d398acc56604e66df26e62f1a2f1e96fafd7791aa3bcc6,2005,Dandong,BYS,Salt_Marsh,2.11923834250345,spatial_unit,observed raw wetland area from authoritative panel
coastal-wetland-evidence-contract,1.0.0,a4cf9efdecf6735f87d398acc56604e66df26e62f1a2f1e96fafd7791aa3bcc6,2006,Dandong,BYS,Salt_Marsh,2.41501086701325,spatial_unit,observed raw wetland area from authoritative panel
coastal-wetland-evidence-contract,1.0.0,a4cf9efdecf6735f87d398acc56604e66df26e62f1a2f1e96fafd7791aa3bcc6,2007,Dandong,BYS,Salt_Marsh,2.80042847953048,spatial_unit,observed raw wetland area from authoritative panel
coastal-wetland-evidence-contract,1.0.0,a4cf9efdecf6735f87d398acc56604e66df26e62f1a2f1e96fafd7791aa3bcc6,2008,Dandong,BYS,Salt_Marsh,2.59510259101563,spatial_unit,observed raw wetland area from authoritative panel
coastal-wetland-evidence-contract,1.0.0,a4cf9efdecf6735f87d398acc56604e66df26e62f1a2f1e96fafd7791aa3bcc6,2009,Dandong,BYS,Salt_Marsh,2.69292855678998,spatial_unit,observed raw wetland area from authoritative panel
coastal-wetland-evidence-contract,1.0.0,a4cf9efdecf6735f87d398acc56604e66df26e62f1a2f1e96fafd7791aa3bcc6,2010,Dandong,BYS,Salt_Marsh,2.46669593407246,spatial_unit,observed raw wetland area from authoritative panel
coastal-wetland-evidence-contract,1.0.0,a4cf9efdecf6735f87d398acc56604e66df26e62f1a2f1e96fafd7791aa3bcc6,2011,Dandong,BYS,Salt_Marsh,2.29876057838733,spatial_unit,observed raw wetland area from authoritative panel
coastal-wetland-evidence-contract,1.0.0,a4cf9efdecf6735f87d398acc56604e66df26e62f1a2f1e96fafd7791aa3bcc6,2012,Dandong,BYS,Salt_Marsh,3.15648661039369,spatial_unit,observed raw wetland area from authoritative panel
coastal-wetland-evidence-contract,1.0.0,a4cf9efdecf6735f87d398acc56604e66df26e62f1a2f1e96fafd7791aa3bcc6,2013,Dandong,BYS,Salt_Marsh,5.13821634979128,spatial_unit,observed raw wetland area from authoritative panel
coastal-wetland-evidence-contract,1.0.0,a4cf9efdecf6735f87d398acc56604e66df26e62f1a2f1e96fafd7791aa3bcc6,2014,Dandong,BYS,Salt_Marsh,5.32648503647939,spatial_unit,observed raw wetland area from authoritative panel
coastal-wetland-evidence-contract,1.0.0,a4cf9efdecf6735f87d398acc56604e66df26e62f1a2f1e96fafd7791aa3bcc6,2015,Dandong,BYS,Salt_Marsh,5.01666672752757,spatial_unit,observed raw wetland area from authoritative panel
coastal-wetland-evidence-contract,1.0.0,a4cf9efdecf6735f87d398acc56604e66df26e62f1a2f1e96fafd7791aa3bcc6,2016,Dandong,BYS,Salt_Marsh,4.62480808087852,spatial_unit,observed raw wetland area from authoritative panel
coastal-wetland-evidence-contract,1.0.0,a4cf9efdecf6735f87d398acc56604e66df26e62f1a2f1e96fafd7791aa3bcc6,2017,Dandong,BYS,Salt_Marsh,4.05350876515587,spatial_unit,observed raw wetland area from authoritative panel
coastal-wetland-evidence-contract,1.0.0,a4cf9efdecf6735f87d398acc56604e66df26e62f1a2f1e96fafd7791aa3bcc6,2018,Dandong,BYS,Salt_Marsh,4.39915507860754,spatial_unit,observed raw wetland area from authoritative panel
coastal-wetland-evidence-contract,1.0.0,a4cf9efdecf6735f87d398acc56604e66df26e62f1a2f1e96fafd7791aa3bcc6,2019,Dandong,BYS,Salt_Marsh,4.08430488077895,spatial_unit,observed raw wetland area from authoritative panel
coastal-wetland-evidence-contract,1.0.0,a4cf9efdecf6735f87d398acc56604e66df26e62f1a2f1e96fafd7791aa3bcc6,2020,Dandong,BYS,Salt_Marsh,4.80510284700904,spatial_unit,observed raw wetland area from authoritative panel
coastal-wetland-evidence-contract,1.0.0,a4cf9efdecf6735f87d398acc56604e66df26e62f1a2f1e96fafd7791aa3bcc6,2021,Dandong,BYS,Salt_Marsh,5.79374393133042,spatial_unit,observed raw wetland area from authoritative panel
coastal-wetland-evidence-contract,1.0.0,a4cf9efdecf6735f87d398acc56604e66df26e62f1a2f1e96fafd7791aa3bcc6,2022,Dandong,BYS,Salt_Marsh,5.78339384064798,spatial_unit,observed raw wetland area from authoritative panel
coastal-wetland-evidence-contract,1.0.0,a4cf9efdecf6735f87d398acc56604e66df26e62f1a2f1e96fafd7791aa3bcc6,2001,Dongying,BYS,Salt_Marsh,2.73436936949104,spatial_unit,observed raw wetland area from authoritative panel
coastal-wetland-evidence-contract,1.0.0,a4cf9efdecf6735f87d398acc56604e66df26e62f1a2f1e96fafd7791aa3bcc6,2002,Dongying,BYS,Salt_Marsh,2.61511245082529,spatial_unit,observed raw wetland area from authoritative panel
coastal-wetland-evidence-contract,1.0.0,a4cf9efdecf6735f87d398acc56604e66df26e62f1a2f1e96fafd7791aa3bcc6,2003,Dongying,BYS,Salt_Marsh,2.57944765437347,spatial_unit,observed raw wetland area from authoritative panel
coastal-wetland-evidence-contract,1.0.0,a4cf9efdecf6735f87d398acc56604e66df26e62f1a2f1e96fafd7791aa3bcc6,2004,Dongying,BYS,Salt_Marsh,3.10359236482268,spatial_unit,observed raw wetland area from authoritative panel
coastal-wetland-evidence-contract,1.0.0,a4cf9efdecf6735f87d398acc56604e66df26e62f1a2f1e96fafd7791aa3bcc6,2005,Dongying,BYS,Salt_Marsh,3.66275290840418,spatial_unit,observed raw wetland area from authoritative panel
coastal-wetland-evidence-contract,1.0.0,a4cf9efdecf6735f87d398acc56604e66df26e62f1a2f1e96fafd7791aa3bcc6,2006,Dongying,BYS,Salt_Marsh,3.78428000068168,spatial_unit,observed raw wetland area from authoritative panel
coastal-wetland-evidence-contract,1.0.0,a4cf9efdecf6735f87d398acc56604e66df26e62f1a2f1e96fafd7791aa3bcc6,2007,Dongying,BYS,Salt_Marsh,3.77401051360294,spatial_unit,observed raw wetland area from authoritative panel
coastal-wetland-evidence-contract,1.0.0,a4cf9efdecf6735f87d398acc56604e66df26e62f1a2f1e96fafd7791aa3bcc6,2008,Dongying,BYS,Salt_Marsh,3.98773830154718,spatial_unit,observed raw wetland area from authoritative panel
coastal-wetland-evidence-contract,1.0.0,a4cf9efdecf6735f87d398acc56604e66df26e62f1a2f1e96fafd7791aa3bcc6,2009,Dongying,BYS,Salt_Marsh,4.01950110623468,spatial_unit,observed raw wetland area from authoritative panel
coastal-wetland-evidence-contract,1.0.0,a4cf9efdecf6735f87d398acc56604e66df26e62f1a2f1e96fafd7791aa3bcc6,2010,Dongying,BYS,Salt_Marsh,4.01529143514284,spatial_unit,observed raw wetland area from authoritative panel
coastal-wetland-evidence-contract,1.0.0,a4cf9efdecf6735f87d398acc56604e66df26e62f1a2f1e96fafd7791aa3bcc6,2011,Dongying,BYS,Salt_Marsh,4.19758169861366,spatial_unit,observed raw wetland area from authoritative panel
coastal-wetland-evidence-contract,1.0.0,a4cf9efdecf6735f87d398acc56604e66df26e62f1a2f1e96fafd7791aa3bcc6,2012,Dongying,BYS,Salt_Marsh,3.84135143013748,spatial_unit,observed raw wetland area from authoritative panel
coastal-wetland-evidence-contract,1.0.0,a4cf9efdecf6735f87d398acc56604e66df26e62f1a2f1e96fafd7791aa3bcc6,2013,Dongying,BYS,Salt_Marsh,3.47226431981273,spatial_unit,observed raw wetland area from authoritative panel
coastal-wetland-evidence-contract,1.0.0,a4cf9efdecf6735f87d398acc56604e66df26e62f1a2f1e96fafd7791aa3bcc6,2014,Dongying,BYS,Salt_Marsh,1.12038720662339,spatial_unit,observed raw wetland area from authoritative panel
coastal-wetland-evidence-contract,1.0.0,a4cf9efdecf6735f87d398acc56604e66df26e62f1a2f1e96fafd7791aa3bcc6,2015,Dongying,BYS,Salt_Marsh,1.57053345129251,spatial_unit,observed raw wetland area from authoritative panel
coastal-wetland-evidence-contract,1.0.0,a4cf9efdecf6735f87d398acc56604e66df26e62f1a2f1e96fafd7791aa3bcc6,2016,Dongying,BYS,Salt_Marsh,2.2134472823472,spatial_unit,observed raw wetland area from authoritative panel
coastal-wetland-evidence-contract,1.0.0,a4cf9efdecf6735f87d398acc56604e66df26e62f1a2f1e96fafd7791aa3bcc6,2017,Dongying,BYS,Salt_Marsh,3.30791155262523,spatial_unit,observed raw wetland area from authoritative panel
coastal-wetland-evidence-contract,1.0.0,a4cf9efdecf6735f87d398acc56604e66df26e62f1a2f1e96fafd7791aa3bcc6,2018,Dongying,BYS,Salt_Marsh,3.48004557818244,spatial_unit,observed raw wetland area from authoritative panel
coastal-wetland-evidence-contract,1.0.0,a4cf9efdecf6735f87d398acc56604e66df26e62f1a2f1e96fafd7791aa3bcc6,2019,Dongying,BYS,Salt_Marsh,4.84538650967562,spatial_unit,observed raw wetland area from authoritative panel
coastal-wetland-evidence-contract,1.0.0,a4cf9efdecf6735f87d398acc56604e66df26e62f1a2f1e96fafd7791aa3bcc6,2020,Dongying,BYS,Salt_Marsh,4.9980275726639,spatial_unit,observed raw wetland area from authoritative panel
coastal-wetland-evidence-contract,1.0.0,a4cf9efdecf6735f87d398acc56604e66df26e62f1a2f1e96fafd7791aa3bcc6,2021,Dongying,BYS,Salt_Marsh,4.624994677518,spatial_unit,observed raw wetland area from authoritative panel
coastal-wetland-evidence-contract,1.0.0,a4cf9efdecf6735f87d398acc56604e66df26e62f1a2f1e96fafd7791aa3bcc6,2022,Dongying,BYS,Salt_Marsh,3.99259767207223,spatial_unit,observed raw wetland area from authoritative panel
coastal-wetland-evidence-contract,1.0.0,a4cf9efdecf6735f87d398acc56604e66df26e62f1a2f1e96fafd7791aa3bcc6,2001,Huludao,BYS,Salt_Marsh,0.524335182617188,spatial_unit,observed raw wetland area from authoritative panel
coastal-wetland-evidence-contract,1.0.0,a4cf9efdecf6735f87d398acc56604e66df26e62f1a2f1e96fafd7791aa3bcc6,2002,Huludao,BYS,Salt_Marsh,0.592741407714844,spatial_unit,observed raw wetland area from authoritative panel
coastal-wetland-evidence-contract,1.0.0,a4cf9efdecf6735f87d398acc56604e66df26e62f1a2f1e96fafd7791aa3bcc6,2003,Huludao,BYS,Salt_Marsh,0.47131464453125,spatial_unit,observed raw wetland area from authoritative panel
coastal-wetland-evidence-contract,1.0.0,a4cf9efdecf6735f87d398acc56604e66df26e62f1a2f1e96fafd7791aa3bcc6,2004,Huludao,BYS,Salt_Marsh,0.517206112792969,spatial_unit,observed raw wetland area from authoritative panel
coastal-wetland-evidence-contract,1.0.0,a4cf9efdecf6735f87d398acc56604e66df26e62f1a2f1e96fafd7791aa3bcc6,2005,Huludao,BYS,Salt_Marsh,0.5476516640625,spatial_unit,observed raw wetland area from authoritative panel
coastal-wetland-evidence-contract,1.0.0,a4cf9efdecf6735f87d398acc56604e66df26e62f1a2f1e96fafd7791aa3bcc6,2006,Huludao,BYS,Salt_Marsh,0.585535229492188,spatial_unit,observed raw wetland area from authoritative panel
coastal-wetland-evidence-contract,1.0.0,a4cf9efdecf6735f87d398acc56604e66df26e62f1a2f1e96fafd7791aa3bcc6,2007,Huludao,BYS,Salt_Marsh,0.942287090820313,spatial_unit,observed raw wetland area from authoritative panel
coastal-wetland-evidence-contract,1.0.0,a4cf9efdecf6735f87d398acc56604e66df26e62f1a2f1e96fafd7791aa3bcc6,2008,Huludao,BYS,Salt_Marsh,0.631266037109375,spatial_unit,observed raw wetland area from authoritative panel
coastal-wetland-evidence-contract,1.0.0,a4cf9efdecf6735f87d398acc56604e66df26e62f1a2f1e96fafd7791aa3bcc6,2009,Huludao,BYS,Salt_Marsh,0.776643984689032,spatial_unit,observed raw wetland area from authoritative panel
coastal-wetland-evidence-contract,1.0.0,a4cf9efdecf6735f87d398acc56604e66df26e62f1a2f1e96fafd7791aa3bcc6,2010,Huludao,BYS,Salt_Marsh,0.92676673002451,spatial_unit,observed raw wetland area from authoritative panel
coastal-wetland-evidence-contract,1.0.0,a4cf9efdecf6735f87d398acc56604e66df26e62f1a2f1e96fafd7791aa3bcc6,2011,Huludao,BYS,Salt_Marsh,1.05894321377528,spatial_unit,observed raw wetland area from authoritative panel
coastal-wetland-evidence-contract,1.0.0,a4cf9efdecf6735f87d398acc56604e66df26e62f1a2f1e96fafd7791aa3bcc6,2012,Huludao,BYS,Salt_Marsh,1.45172979942747,spatial_unit,observed raw wetland area from authoritative panel
coastal-wetland-evidence-contract,1.0.0,a4cf9efdecf6735f87d398acc56604e66df26e62f1a2f1e96fafd7791aa3bcc6,2013,Huludao,BYS,Salt_Marsh,1.48564153839614,spatial_unit,observed raw wetland area from authoritative panel
coastal-wetland-evidence-contract,1.0.0,a4cf9efdecf6735f87d398acc56604e66df26e62f1a2f1e96fafd7791aa3bcc6,2014,Huludao,BYS,Salt_Marsh,1.5361357744964,spatial_unit,observed raw wetland area from authoritative panel
coastal-wetland-evidence-contract,1.0.0,a4cf9efdecf6735f87d398acc56604e66df26e62f1a2f1e96fafd7791aa3bcc6,2015,Huludao,BYS,Salt_Marsh,1.52637008475222,spatial_unit,observed raw wetland area from authoritative panel
coastal-wetland-evidence-contract,1.0.0,a4cf9efdecf6735f87d398acc56604e66df26e62f1a2f1e96fafd7791aa3bcc6,2016,Huludao,BYS,Salt_Marsh,2.0907555310949,spatial_unit,observed raw wetland area from authoritative panel
coastal-wetland-evidence-contract,1.0.0,a4cf9efdecf6735f87d398acc56604e66df26e62f1a2f1e96fafd7791aa3bcc6,2017,Huludao,BYS,Salt_Marsh,2.31183462985409,spatial_unit,observed raw wetland area from authoritative panel
coastal-wetland-evidence-contract,1.0.0,a4cf9efdecf6735f87d398acc56604e66df26e62f1a2f1e96fafd7791aa3bcc6,2018,Huludao,BYS,Salt_Marsh,2.08462387337623,spatial_unit,observed raw wetland area from authoritative panel
coastal-wetland-evidence-contract,1.0.0,a4cf9efdecf6735f87d398acc56604e66df26e62f1a2f1e96fafd7791aa3bcc6,2019,Huludao,BYS,Salt_Marsh,2.26828086624732,spatial_unit,observed raw wetland area from authoritative panel
coastal-wetland-evidence-contract,1.0.0,a4cf9efdecf6735f87d398acc56604e66df26e62f1a2f1e96fafd7791aa3bcc6,2020,Huludao,BYS,Salt_Marsh,2.46623155806143,spatial_unit,observed raw wetland area from authoritative panel
coastal-wetland-evidence-contract,1.0.0,a4cf9efdecf6735f87d398acc56604e66df26e62f1a2f1e96fafd7791aa3bcc6,2021,Huludao,BYS,Salt_Marsh,3.44677789171454,spatial_unit,observed raw wetland area from authoritative panel
coastal-wetland-evidence-contract,1.0.0,a4cf9efdecf6735f87d398acc56604e66df26e62f1a2f1e96fafd7791aa3bcc6,2022,Huludao,BYS,Salt_Marsh,3.50668991875766,spatial_unit,observed raw wetland area from authoritative panel
coastal-wetland-evidence-contract,1.0.0,a4cf9efdecf6735f87d398acc56604e66df26e62f1a2f1e96fafd7791aa3bcc6,2001,Jinzhou,BYS,Salt_Marsh,2.73854149511719,spatial_unit,observed raw wetland area from authoritative panel
coastal-wetland-evidence-contract,1.0.0,a4cf9efdecf6735f87d398acc56604e66df26e62f1a2f1e96fafd7791aa3bcc6,2002,Jinzhou,BYS,Salt_Marsh,2.63288711572265,spatial_unit,observed raw wetland area from authoritative panel
coastal-wetland-evidence-contract,1.0.0,a4cf9efdecf6735f87d398acc56604e66df26e62f1a2f1e96fafd7791aa3bcc6,2003,Jinzhou,BYS,Salt_Marsh,2.45180628222656,spatial_unit,observed raw wetland area from authoritative panel
coastal-wetland-evidence-contract,1.0.0,a4cf9efdecf6735f87d398acc56604e66df26e62f1a2f1e96fafd7791aa3bcc6,2004,Jinzhou,BYS,Salt_Marsh,2.39896060253906,spatial_unit,observed raw wetland area from authoritative panel
coastal-wetland-evidence-contract,1.0.0,a4cf9efdecf6735f87d398acc56604e66df26e62f1a2f1e96fafd7791aa3bcc6,2005,Jinzhou,BYS,Salt_Marsh,2.50468759472656,spatial_unit,observed raw wetland area from authoritative panel
coastal-wetland-evidence-contract,1.0.0,a4cf9efdecf6735f87d398acc56604e66df26e62f1a2f1e96fafd7791aa3bcc6,2006,Jinzhou,BYS,Salt_Marsh,2.48213351757812,spatial_unit,observed raw wetland area from authoritative panel
coastal-wetland-evidence-contract,1.0.0,a4cf9efdecf6735f87d398acc56604e66df26e62f1a2f1e96fafd7791aa3bcc6,2007,Jinzhou,BYS,Salt_Marsh,2.8133096889859,spatial_unit,observed raw wetland area from authoritative panel
coastal-wetland-evidence-contract,1.0.0,a4cf9efdecf6735f87d398acc56604e66df26e62f1a2f1e96fafd7791aa3bcc6,2008,Jinzhou,BYS,Salt_Marsh,3.13970802214499,spatial_unit,observed raw wetland area from authoritative panel
coastal-wetland-evidence-contract,1.0.0,a4cf9efdecf6735f87d398acc56604e66df26e62f1a2f1e96fafd7791aa3bcc6,2009,Jinzhou,BYS,Salt_Marsh,3.13109500585938,spatial_unit,observed raw wetland area from authoritative panel
coastal-wetland-evidence-contract,1.0.0,a4cf9efdecf6735f87d398acc56604e66df26e62f1a2f1e96fafd7791aa3bcc6,2010,Jinzhou,BYS,Salt_Marsh,3.07071718994141,spatial_unit,observed raw wetland area from authoritative panel
coastal-wetland-evidence-contract,1.0.0,a4cf9efdecf6735f87d398acc56604e66df26e62f1a2f1e96fafd7791aa3bcc6,2011,Jinzhou,BYS,Salt_Marsh,3.25171304745137,spatial_unit,observed raw wetland area from authoritative panel
coastal-wetland-evidence-contract,1.0.0,a4cf9efdecf6735f87d398acc56604e66df26e62f1a2f1e96fafd7791aa3bcc6,2012,Jinzhou,BYS,Salt_Marsh,4.3174526915422,spatial_unit,observed raw wetland area from authoritative panel
coastal-wetland-evidence-contract,1.0.0,a4cf9efdecf6735f87d398acc56604e66df26e62f1a2f1e96fafd7791aa3bcc6,2013,Jinzhou,BYS,Salt_Marsh,5.02302108203699,spatial_unit,observed raw wetland area from authoritative panel
coastal-wetland-evidence-contract,1.0.0,a4cf9efdecf6735f87d398acc56604e66df26e62f1a2f1e96fafd7791aa3bcc6,2014,Jinzhou,BYS,Salt_Marsh,5.10476684866153,spatial_unit,observed raw wetland area from authoritative panel
coastal-wetland-evidence-contract,1.0.0,a4cf9efdecf6735f87d398acc56604e66df26e62f1a2f1e96fafd7791aa3bcc6,2015,Jinzhou,BYS,Salt_Marsh,4.89441280514897,spatial_unit,observed raw wetland area from authoritative panel
coastal-wetland-evidence-contract,1.0.0,a4cf9efdecf6735f87d398acc56604e66df26e62f1a2f1e96fafd7791aa3bcc6,2016,Jinzhou,BYS,Salt_Marsh,3.71654228359375,spatial_unit,observed raw wetland area from authoritative panel
coastal-wetland-evidence-contract,1.0.0,a4cf9efdecf6735f87d398acc56604e66df26e62f1a2f1e96fafd7791aa3bcc6,2017,Jinzhou,BYS,Salt_Marsh,3.2815633854473,spatial_unit,observed raw wetland area from authoritative panel
coastal-wetland-evidence-contract,1.0.0,a4cf9efdecf6735f87d398acc56604e66df26e62f1a2f1e96fafd7791aa3bcc6,2018,Jinzhou,BYS,Salt_Marsh,3.04758760370903,spatial_unit,observed raw wetland area from authoritative panel
coastal-wetland-evidence-contract,1.0.0,a4cf9efdecf6735f87d398acc56604e66df26e62f1a2f1e96fafd7791aa3bcc6,2019,Jinzhou,BYS,Salt_Marsh,3.28400775822227,spatial_unit,observed raw wetland area from authoritative panel
coastal-wetland-evidence-contract,1.0.0,a4cf9efdecf6735f87d398acc56604e66df26e62f1a2f1e96fafd7791aa3bcc6,2020,Jinzhou,BYS,Salt_Marsh,3.48561432873583,spatial_unit,observed raw wetland area from authoritative panel
coastal-wetland-evidence-contract,1.0.0,a4cf9efdecf6735f87d398acc56604e66df26e62f1a2f1e96fafd7791aa3bcc6,2021,Jinzhou,BYS,Salt_Marsh,4.82662791197725,spatial_unit,observed raw wetland area from authoritative panel
coastal-wetland-evidence-contract,1.0.0,a4cf9efdecf6735f87d398acc56604e66df26e62f1a2f1e96fafd7791aa3bcc6,2022,Jinzhou,BYS,Salt_Marsh,4.97023052029142,spatial_unit,observed raw wetland area from authoritative panel
coastal-wetland-evidence-contract,1.0.0,a4cf9efdecf6735f87d398acc56604e66df26e62f1a2f1e96fafd7791aa3bcc6,2001,Panjin,BYS,Salt_Marsh,9.99121458307676,spatial_unit,observed raw wetland area from authoritative panel
coastal-wetland-evidence-contract,1.0.0,a4cf9efdecf6735f87d398acc56604e66df26e62f1a2f1e96fafd7791aa3bcc6,2002,Panjin,BYS,Salt_Marsh,8.9604152172009,spatial_unit,observed raw wetland area from authoritative panel
coastal-wetland-evidence-contract,1.0.0,a4cf9efdecf6735f87d398acc56604e66df26e62f1a2f1e96fafd7791aa3bcc6,2003,Panjin,BYS,Salt_Marsh,9.48342207353899,spatial_unit,observed raw wetland area from authoritative panel
coastal-wetland-evidence-contract,1.0.0,a4cf9efdecf6735f87d398acc56604e66df26e62f1a2f1e96fafd7791aa3bcc6,2004,Panjin,BYS,Salt_Marsh,12.8850389013097,spatial_unit,observed raw wetland area from authoritative panel
coastal-wetland-evidence-contract,1.0.0,a4cf9efdecf6735f87d398acc56604e66df26e62f1a2f1e96fafd7791aa3bcc6,2005,Panjin,BYS,Salt_Marsh,14.5325293465974,spatial_unit,observed raw wetland area from authoritative panel
coastal-wetland-evidence-contract,1.0.0,a4cf9efdecf6735f87d398acc56604e66df26e62f1a2f1e96fafd7791aa3bcc6,2006,Panjin,BYS,Salt_Marsh,16.5839163681756,spatial_unit,observed raw wetland area from authoritative panel
coastal-wetland-evidence-contract,1.0.0,a4cf9efdecf6735f87d398acc56604e66df26e62f1a2f1e96fafd7791aa3bcc6,2007,Panjin,BYS,Salt_Marsh,21.2566966519224,spatial_unit,observed raw wetland area from authoritative panel
coastal-wetland-evidence-contract,1.0.0,a4cf9efdecf6735f87d398acc56604e66df26e62f1a2f1e96fafd7791aa3bcc6,2008,Panjin,BYS,Salt_Marsh,23.5596435257218,spatial_unit,observed raw wetland area from authoritative panel
coastal-wetland-evidence-contract,1.0.0,a4cf9efdecf6735f87d398acc56604e66df26e62f1a2f1e96fafd7791aa3bcc6,2009,Panjin,BYS,Salt_Marsh,23.5854399277572,spatial_unit,observed raw wetland area from authoritative panel
coastal-wetland-evidence-contract,1.0.0,a4cf9efdecf6735f87d398acc56604e66df26e62f1a2f1e96fafd7791aa3bcc6,2010,Panjin,BYS,Salt_Marsh,21.6825924775581,spatial_unit,observed raw wetland area from authoritative panel
coastal-wetland-evidence-contract,1.0.0,a4cf9efdecf6735f87d398acc56604e66df26e62f1a2f1e96fafd7791aa3bcc6,2011,Panjin,BYS,Salt_Marsh,20.4602475113568,spatial_unit,observed raw wetland area from authoritative panel
coastal-wetland-evidence-contract,1.0.0,a4cf9efdecf6735f87d398acc56604e66df26e62f1a2f1e96fafd7791aa3bcc6,2012,Panjin,BYS,Salt_Marsh,30.9902383578353,spatial_unit,observed raw wetland area from authoritative panel
coastal-wetland-evidence-contract,1.0.0,a4cf9efdecf6735f87d398acc56604e66df26e62f1a2f1e96fafd7791aa3bcc6,2013,Panjin,BYS,Salt_Marsh,37.3766615066386,spatial_unit,observed raw wetland area from authoritative panel
coastal-wetland-evidence-contract,1.0.0,a4cf9efdecf6735f87d398acc56604e66df26e62f1a2f1e96fafd7791aa3bcc6,2014,Panjin,BYS,Salt_Marsh,39.4030406244082,spatial_unit,observed raw wetland area from authoritative panel
coastal-wetland-evidence-contract,1.0.0,a4cf9efdecf6735f87d398acc56604e66df26e62f1a2f1e96fafd7791aa3bcc6,2015,Panjin,BYS,Salt_Marsh,39.0492709683746,spatial_unit,observed raw wetland area from authoritative panel
coastal-wetland-evidence-contract,1.0.0,a4cf9efdecf6735f87d398acc56604e66df26e62f1a2f1e96fafd7791aa3bcc6,2016,Panjin,BYS,Salt_Marsh,33.2340701661113,spatial_unit,observed raw wetland area from authoritative panel
coastal-wetland-evidence-contract,1.0.0,a4cf9efdecf6735f87d398acc56604e66df26e62f1a2f1e96fafd7791aa3bcc6,2017,Panjin,BYS,Salt_Marsh,31.4058932324984,spatial_unit,observed raw wetland area from authoritative panel
coastal-wetland-evidence-contract,1.0.0,a4cf9efdecf6735f87d398acc56604e66df26e62f1a2f1e96fafd7791aa3bcc6,2018,Panjin,BYS,Salt_Marsh,30.734438980911,spatial_unit,observed raw wetland area from authoritative panel
coastal-wetland-evidence-contract,1.0.0,a4cf9efdecf6735f87d398acc56604e66df26e62f1a2f1e96fafd7791aa3bcc6,2019,Panjin,BYS,Salt_Marsh,28.5778178677101,spatial_unit,observed raw wetland area from authoritative panel
coastal-wetland-evidence-contract,1.0.0,a4cf9efdecf6735f87d398acc56604e66df26e62f1a2f1e96fafd7791aa3bcc6,2020,Panjin,BYS,Salt_Marsh,34.5983101991574,spatial_unit,observed raw wetland area from authoritative panel
coastal-wetland-evidence-contract,1.0.0,a4cf9efdecf6735f87d398acc56604e66df26e62f1a2f1e96fafd7791aa3bcc6,2021,Panjin,BYS,Salt_Marsh,44.3246756001896,spatial_unit,observed raw wetland area from authoritative panel
coastal-wetland-evidence-contract,1.0.0,a4cf9efdecf6735f87d398acc56604e66df26e62f1a2f1e96fafd7791aa3bcc6,2022,Panjin,BYS,Salt_Marsh,44.9752462510474,spatial_unit,observed raw wetland area from authoritative panel
coastal-wetland-evidence-contract,1.0.0,a4cf9efdecf6735f87d398acc56604e66df26e62f1a2f1e96fafd7791aa3bcc6,2001,Qingdao,BYS,Salt_Marsh,0.314100612792969,spatial_unit,observed raw wetland area from authoritative panel
coastal-wetland-evidence-contract,1.0.0,a4cf9efdecf6735f87d398acc56604e66df26e62f1a2f1e96fafd7791aa3bcc6,2002,Qingdao,BYS,Salt_Marsh,0.169054619628906,spatial_unit,observed raw wetland area from authoritative panel
coastal-wetland-evidence-contract,1.0.0,a4cf9efdecf6735f87d398acc56604e66df26e62f1a2f1e96fafd7791aa3bcc6,2003,Qingdao,BYS,Salt_Marsh,0.0964437905273438,spatial_unit,observed raw wetland area from authoritative panel
coastal-wetland-evidence-contract,1.0.0,a4cf9efdecf6735f87d398acc56604e66df26e62f1a2f1e96fafd7791aa3bcc6,2004,Qingdao,BYS,Salt_Marsh,0.168849004394531,spatial_unit,observed raw wetland area from authoritative panel
coastal-wetland-evidence-contract,1.0.0,a4cf9efdecf6735f87d398acc56604e66df26e62f1a2f1e96fafd7791aa3bcc6,2005,Qingdao,BYS,Salt_Marsh,0.289726440429687,spatial_unit,observed raw wetland area from authoritative panel
coastal-wetland-evidence-contract,1.0.0,a4cf9efdecf6735f87d398acc56604e66df26e62f1a2f1e96fafd7791aa3bcc6,2006,Qingdao,BYS,Salt_Marsh,0.30570983203125,spatial_unit,observed raw wetland area from authoritative panel
coastal-wetland-evidence-contract,1.0.0,a4cf9efdecf6735f87d398acc56604e66df26e62f1a2f1e96fafd7791aa3bcc6,2007,Qingdao,BYS,Salt_Marsh,0.257489770019531,spatial_unit,observed raw wetland area from authoritative panel
coastal-wetland-evidence-contract,1.0.0,a4cf9efdecf6735f87d398acc56604e66df26e62f1a2f1e96fafd7791aa3bcc6,2008,Qingdao,BYS,Salt_Marsh,0.375513861536841,spatial_unit,observed raw wetland area from authoritative panel
coastal-wetland-evidence-contract,1.0.0,a4cf9efdecf6735f87d398acc56604e66df26e62f1a2f1e96fafd7791aa3bcc6,2009,Qingdao,BYS,Salt_Marsh,0.375549388578048,spatial_unit,observed raw wetland area from authoritative panel
coastal-wetland-evidence-contract,1.0.0,a4cf9efdecf6735f87d398acc56604e66df26e62f1a2f1e96fafd7791aa3bcc6,2010,Qingdao,BYS,Salt_Marsh,0.748045445036765,spatial_unit,observed raw wetland area from authoritative panel
coastal-wetland-evidence-contract,1.0.0,a4cf9efdecf6735f87d398acc56604e66df26e62f1a2f1e96fafd7791aa3bcc6,2011,Qingdao,BYS,Salt_Marsh,0.967076147478171,spatial_unit,observed raw wetland area from authoritative panel
coastal-wetland-evidence-contract,1.0.0,a4cf9efdecf6735f87d398acc56604e66df26e62f1a2f1e96fafd7791aa3bcc6,2012,Qingdao,BYS,Salt_Marsh,1.29200499152305,spatial_unit,observed raw wetland area from authoritative panel
coastal-wetland-evidence-contract,1.0.0,a4cf9efdecf6735f87d398acc56604e66df26e62f1a2f1e96fafd7791aa3bcc6,2013,Qingdao,BYS,Salt_Marsh,1.14654262591912,spatial_unit,observed raw wetland area from authoritative panel
coastal-wetland-evidence-contract,1.0.0,a4cf9efdecf6735f87d398acc56604e66df26e62f1a2f1e96fafd7791aa3bcc6,2014,Qingdao,BYS,Salt_Marsh,0.964385269502528,spatial_unit,observed raw wetland area from authoritative panel
coastal-wetland-evidence-contract,1.0.0,a4cf9efdecf6735f87d398acc56604e66df26e62f1a2f1e96fafd7791aa3bcc6,2015,Qingdao,BYS,Salt_Marsh,0.853807722524127,spatial_unit,observed raw wetland area from authoritative panel
coastal-wetland-evidence-contract,1.0.0,a4cf9efdecf6735f87d398acc56604e66df26e62f1a2f1e96fafd7791aa3bcc6,2016,Qingdao,BYS,Salt_Marsh,0.933322147547105,spatial_unit,observed raw wetland area from authoritative panel
coastal-wetland-evidence-contract,1.0.0,a4cf9efdecf6735f87d398acc56604e66df26e62f1a2f1e96fafd7791aa3bcc6,2017,Qingdao,BYS,Salt_Marsh,1.41172411741536,spatial_unit,observed raw wetland area from authoritative panel
coastal-wetland-evidence-contract,1.0.0,a4cf9efdecf6735f87d398acc56604e66df26e62f1a2f1e96fafd7791aa3bcc6,2018,Qingdao,BYS,Salt_Marsh,1.21688785775697,spatial_unit,observed raw wetland area from authoritative panel
coastal-wetland-evidence-contract,1.0.0,a4cf9efdecf6735f87d398acc56604e66df26e62f1a2f1e96fafd7791aa3bcc6,2019,Qingdao,BYS,Salt_Marsh,1.00418644877834,spatial_unit,observed raw wetland area from authoritative panel
coastal-wetland-evidence-contract,1.0.0,a4cf9efdecf6735f87d398acc56604e66df26e62f1a2f1e96fafd7791aa3bcc6,2020,Qingdao,BYS,Salt_Marsh,1.06921051441674,spatial_unit,observed raw wetland area from authoritative panel
coastal-wetland-evidence-contract,1.0.0,a4cf9efdecf6735f87d398acc56604e66df26e62f1a2f1e96fafd7791aa3bcc6,2021,Qingdao,BYS,Salt_Marsh,1.40975005484452,spatial_unit,observed raw wetland area from authoritative panel
coastal-wetland-evidence-contract,1.0.0,a4cf9efdecf6735f87d398acc56604e66df26e62f1a2f1e96fafd7791aa3bcc6,2022,Qingdao,BYS,Salt_Marsh,1.3590825177045,spatial_unit,observed raw wetland area from authoritative panel
coastal-wetland-evidence-contract,1.0.0,a4cf9efdecf6735f87d398acc56604e66df26e62f1a2f1e96fafd7791aa3bcc6,2001,Qinhuangdao,BYS,Salt_Marsh,1.19184219692096,spatial_unit,observed raw wetland area from authoritative panel
coastal-wetland-evidence-contract,1.0.0,a4cf9efdecf6735f87d398acc56604e66df26e62f1a2f1e96fafd7791aa3bcc6,2002,Qinhuangdao,BYS,Salt_Marsh,1.18156702540403,spatial_unit,observed raw wetland area from authoritative panel
coastal-wetland-evidence-contract,1.0.0,a4cf9efdecf6735f87d398acc56604e66df26e62f1a2f1e96fafd7791aa3bcc6,2003,Qinhuangdao,BYS,Salt_Marsh,1.02484543275314,spatial_unit,observed raw wetland area from authoritative panel
coastal-wetland-evidence-contract,1.0.0,a4cf9efdecf6735f87d398acc56604e66df26e62f1a2f1e96fafd7791aa3bcc6,2004,Qinhuangdao,BYS,Salt_Marsh,0.879756039089308,spatial_unit,observed raw wetland area from authoritative panel
coastal-wetland-evidence-contract,1.0.0,a4cf9efdecf6735f87d398acc56604e66df26e62f1a2f1e96fafd7791aa3bcc6,2005,Qinhuangdao,BYS,Salt_Marsh,0.941881115368413,spatial_unit,observed raw wetland area from authoritative panel
coastal-wetland-evidence-contract,1.0.0,a4cf9efdecf6735f87d398acc56604e66df26e62f1a2f1e96fafd7791aa3bcc6,2006,Qinhuangdao,BYS,Salt_Marsh,0.755642919898897,spatial_unit,observed raw wetland area from authoritative panel
coastal-wetland-evidence-contract,1.0.0,a4cf9efdecf6735f87d398acc56604e66df26e62f1a2f1e96fafd7791aa3bcc6,2007,Qinhuangdao,BYS,Salt_Marsh,0.938889789056755,spatial_unit,observed raw wetland area from authoritative panel
coastal-wetland-evidence-contract,1.0.0,a4cf9efdecf6735f87d398acc56604e66df26e62f1a2f1e96fafd7791aa3bcc6,2008,Qinhuangdao,BYS,Salt_Marsh,0.796792542537913,spatial_unit,observed raw wetland area from authoritative panel
coastal-wetland-evidence-contract,1.0.0,a4cf9efdecf6735f87d398acc56604e66df26e62f1a2f1e96fafd7791aa3bcc6,2009,Qinhuangdao,BYS,Salt_Marsh,0.697306453712852,spatial_unit,observed raw wetland area from authoritative panel
coastal-wetland-evidence-contract,1.0.0,a4cf9efdecf6735f87d398acc56604e66df26e62f1a2f1e96fafd7791aa3bcc6,2010,Qinhuangdao,BYS,Salt_Marsh,0.746188629978554,spatial_unit,observed raw wetland area from authoritative panel
coastal-wetland-evidence-contract,1.0.0,a4cf9efdecf6735f87d398acc56604e66df26e62f1a2f1e96fafd7791aa3bcc6,2011,Qinhuangdao,BYS,Salt_Marsh,0.787072166781556,spatial_unit,observed raw wetland area from authoritative panel
coastal-wetland-evidence-contract,1.0.0,a4cf9efdecf6735f87d398acc56604e66df26e62f1a2f1e96fafd7791aa3bcc6,2012,Qinhuangdao,BYS,Salt_Marsh,0.900665931349571,spatial_unit,observed raw wetland area from authoritative panel
coastal-wetland-evidence-contract,1.0.0,a4cf9efdecf6735f87d398acc56604e66df26e62f1a2f1e96fafd7791aa3bcc6,2013,Qinhuangdao,BYS,Salt_Marsh,0.790647334983915,spatial_unit,observed raw wetland area from authoritative panel
coastal-wetland-evidence-contract,1.0.0,a4cf9efdecf6735f87d398acc56604e66df26e62f1a2f1e96fafd7791aa3bcc6,2014,Qinhuangdao,BYS,Salt_Marsh,1.10845108443244,spatial_unit,observed raw wetland area from authoritative panel
coastal-wetland-evidence-contract,1.0.0,a4cf9efdecf6735f87d398acc56604e66df26e62f1a2f1e96fafd7791aa3bcc6,2015,Qinhuangdao,BYS,Salt_Marsh,1.23133273091682,spatial_unit,observed raw wetland area from authoritative panel
coastal-wetland-evidence-contract,1.0.0,a4cf9efdecf6735f87d398acc56604e66df26e62f1a2f1e96fafd7791aa3bcc6,2016,Qinhuangdao,BYS,Salt_Marsh,1.2742452290805,spatial_unit,observed raw wetland area from authoritative panel
coastal-wetland-evidence-contract,1.0.0,a4cf9efdecf6735f87d398acc56604e66df26e62f1a2f1e96fafd7791aa3bcc6,2017,Qinhuangdao,BYS,Salt_Marsh,1.06714018368183,spatial_unit,observed raw wetland area from authoritative panel
coastal-wetland-evidence-contract,1.0.0,a4cf9efdecf6735f87d398acc56604e66df26e62f1a2f1e96fafd7791aa3bcc6,2018,Qinhuangdao,BYS,Salt_Marsh,1.23195930922564,spatial_unit,observed raw wetland area from authoritative panel
coastal-wetland-evidence-contract,1.0.0,a4cf9efdecf6735f87d398acc56604e66df26e62f1a2f1e96fafd7791aa3bcc6,2019,Qinhuangdao,BYS,Salt_Marsh,1.11109852278837,spatial_unit,observed raw wetland area from authoritative panel
coastal-wetland-evidence-contract,1.0.0,a4cf9efdecf6735f87d398acc56604e66df26e62f1a2f1e96fafd7791aa3bcc6,2020,Qinhuangdao,BYS,Salt_Marsh,1.18201134030139,spatial_unit,observed raw wetland area from authoritative panel
coastal-wetland-evidence-contract,1.0.0,a4cf9efdecf6735f87d398acc56604e66df26e62f1a2f1e96fafd7791aa3bcc6,2021,Qinhuangdao,BYS,Salt_Marsh,1.03049910184781,spatial_unit,observed raw wetland area from authoritative panel
coastal-wetland-evidence-contract,1.0.0,a4cf9efdecf6735f87d398acc56604e66df26e62f1a2f1e96fafd7791aa3bcc6,2022,Qinhuangdao,BYS,Salt_Marsh,0.949744764131433,spatial_unit,observed raw wetland area from authoritative panel
coastal-wetland-evidence-contract,1.0.0,a4cf9efdecf6735f87d398acc56604e66df26e62f1a2f1e96fafd7791aa3bcc6,2001,Rizhao,BYS,Salt_Marsh,0.0,spatial_unit,observed raw wetland area from authoritative panel
coastal-wetland-evidence-contract,1.0.0,a4cf9efdecf6735f87d398acc56604e66df26e62f1a2f1e96fafd7791aa3bcc6,2002,Rizhao,BYS,Salt_Marsh,0.0,spatial_unit,observed raw wetland area from authoritative panel
coastal-wetland-evidence-contract,1.0.0,a4cf9efdecf6735f87d398acc56604e66df26e62f1a2f1e96fafd7791aa3bcc6,2003,Rizhao,BYS,Salt_Marsh,0.0,spatial_unit,observed raw wetland area from authoritative panel
coastal-wetland-evidence-contract,1.0.0,a4cf9efdecf6735f87d398acc56604e66df26e62f1a2f1e96fafd7791aa3bcc6,2004,Rizhao,BYS,Salt_Marsh,0.0,spatial_unit,observed raw wetland area from authoritative panel
coastal-wetland-evidence-contract,1.0.0,a4cf9efdecf6735f87d398acc56604e66df26e62f1a2f1e96fafd7791aa3bcc6,2005,Rizhao,BYS,Salt_Marsh,0.0,spatial_unit,observed raw wetland area from authoritative panel
coastal-wetland-evidence-contract,1.0.0,a4cf9efdecf6735f87d398acc56604e66df26e62f1a2f1e96fafd7791aa3bcc6,2006,Rizhao,BYS,Salt_Marsh,0.0162844853515625,spatial_unit,observed raw wetland area from authoritative panel
coastal-wetland-evidence-contract,1.0.0,a4cf9efdecf6735f87d398acc56604e66df26e62f1a2f1e96fafd7791aa3bcc6,2007,Rizhao,BYS,Salt_Marsh,0.0081422426757812,spatial_unit,observed raw wetland area from authoritative panel
coastal-wetland-evidence-contract,1.0.0,a4cf9efdecf6735f87d398acc56604e66df26e62f1a2f1e96fafd7791aa3bcc6,2008,Rizhao,BYS,Salt_Marsh,0.0,spatial_unit,observed raw wetland area from authoritative panel
coastal-wetland-evidence-contract,1.0.0,a4cf9efdecf6735f87d398acc56604e66df26e62f1a2f1e96fafd7791aa3bcc6,2009,Rizhao,BYS,Salt_Marsh,0.0,spatial_unit,observed raw wetland area from authoritative panel
coastal-wetland-evidence-contract,1.0.0,a4cf9efdecf6735f87d398acc56604e66df26e62f1a2f1e96fafd7791aa3bcc6,2010,Rizhao,BYS,Salt_Marsh,0.0,spatial_unit,observed raw wetland area from authoritative panel
coastal-wetland-evidence-contract,1.0.0,a4cf9efdecf6735f87d398acc56604e66df26e62f1a2f1e96fafd7791aa3bcc6,2011,Rizhao,BYS,Salt_Marsh,0.0,spatial_unit,observed raw wetland area from authoritative panel
coastal-wetland-evidence-contract,1.0.0,a4cf9efdecf6735f87d398acc56604e66df26e62f1a2f1e96fafd7791aa3bcc6,2012,Rizhao,BYS,Salt_Marsh,0.0,spatial_unit,observed raw wetland area from authoritative panel
coastal-wetland-evidence-contract,1.0.0,a4cf9efdecf6735f87d398acc56604e66df26e62f1a2f1e96fafd7791aa3bcc6,2013,Rizhao,BYS,Salt_Marsh,0.0,spatial_unit,observed raw wetland area from authoritative panel
coastal-wetland-evidence-contract,1.0.0,a4cf9efdecf6735f87d398acc56604e66df26e62f1a2f1e96fafd7791aa3bcc6,2014,Rizhao,BYS,Salt_Marsh,0.0,spatial_unit,observed raw wetland area from authoritative panel
coastal-wetland-evidence-contract,1.0.0,a4cf9efdecf6735f87d398acc56604e66df26e62f1a2f1e96fafd7791aa3bcc6,2015,Rizhao,BYS,Salt_Marsh,0.0,spatial_unit,observed raw wetland area from authoritative panel
coastal-wetland-evidence-contract,1.0.0,a4cf9efdecf6735f87d398acc56604e66df26e62f1a2f1e96fafd7791aa3bcc6,2016,Rizhao,BYS,Salt_Marsh,0.0003818769761029,spatial_unit,observed raw wetland area from authoritative panel
coastal-wetland-evidence-contract,1.0.0,a4cf9efdecf6735f87d398acc56604e66df26e62f1a2f1e96fafd7791aa3bcc6,2017,Rizhao,BYS,Salt_Marsh,0.0003818769761029,spatial_unit,observed raw wetland area from authoritative panel
coastal-wetland-evidence-contract,1.0.0,a4cf9efdecf6735f87d398acc56604e66df26e62f1a2f1e96fafd7791aa3bcc6,2018,Rizhao,BYS,Salt_Marsh,0.0018138998678768,spatial_unit,observed raw wetland area from authoritative panel
coastal-wetland-evidence-contract,1.0.0,a4cf9efdecf6735f87d398acc56604e66df26e62f1a2f1e96fafd7791aa3bcc6,2019,Rizhao,BYS,Salt_Marsh,0.0018138998678768,spatial_unit,observed raw wetland area from authoritative panel
coastal-wetland-evidence-contract,1.0.0,a4cf9efdecf6735f87d398acc56604e66df26e62f1a2f1e96fafd7791aa3bcc6,2020,Rizhao,BYS,Salt_Marsh,0.0095831356847426,spatial_unit,observed raw wetland area from authoritative panel
coastal-wetland-evidence-contract,1.0.0,a4cf9efdecf6735f87d398acc56604e66df26e62f1a2f1e96fafd7791aa3bcc6,2021,Rizhao,BYS,Salt_Marsh,0.0073829548713235,spatial_unit,observed raw wetland area from authoritative panel
coastal-wetland-evidence-contract,1.0.0,a4cf9efdecf6735f87d398acc56604e66df26e62f1a2f1e96fafd7791aa3bcc6,2022,Rizhao,BYS,Salt_Marsh,0.0155340676642923,spatial_unit,observed raw wetland area from authoritative panel
coastal-wetland-evidence-contract,1.0.0,a4cf9efdecf6735f87d398acc56604e66df26e62f1a2f1e96fafd7791aa3bcc6,2001,Tangshan,BYS,Salt_Marsh,0.474851675158931,spatial_unit,observed raw wetland area from authoritative panel
coastal-wetland-evidence-contract,1.0.0,a4cf9efdecf6735f87d398acc56604e66df26e62f1a2f1e96fafd7791aa3bcc6,2002,Tangshan,BYS,Salt_Marsh,0.535208077692248,spatial_unit,observed raw wetland area from authoritative panel
coastal-wetland-evidence-contract,1.0.0,a4cf9efdecf6735f87d398acc56604e66df26e62f1a2f1e96fafd7791aa3bcc6,2003,Tangshan,BYS,Salt_Marsh,0.549963614623544,spatial_unit,observed raw wetland area from authoritative panel
coastal-wetland-evidence-contract,1.0.0,a4cf9efdecf6735f87d398acc56604e66df26e62f1a2f1e96fafd7791aa3bcc6,2004,Tangshan,BYS,Salt_Marsh,0.485983835701976,spatial_unit,observed raw wetland area from authoritative panel
coastal-wetland-evidence-contract,1.0.0,a4cf9efdecf6735f87d398acc56604e66df26e62f1a2f1e96fafd7791aa3bcc6,2005,Tangshan,BYS,Salt_Marsh,0.731083978695619,spatial_unit,observed raw wetland area from authoritative panel
coastal-wetland-evidence-contract,1.0.0,a4cf9efdecf6735f87d398acc56604e66df26e62f1a2f1e96fafd7791aa3bcc6,2006,Tangshan,BYS,Salt_Marsh,0.609388149772135,spatial_unit,observed raw wetland area from authoritative panel
coastal-wetland-evidence-contract,1.0.0,a4cf9efdecf6735f87d398acc56604e66df26e62f1a2f1e96fafd7791aa3bcc6,2007,Tangshan,BYS,Salt_Marsh,0.891371924004289,spatial_unit,observed raw wetland area from authoritative panel
coastal-wetland-evidence-contract,1.0.0,a4cf9efdecf6735f87d398acc56604e66df26e62f1a2f1e96fafd7791aa3bcc6,2008,Tangshan,BYS,Salt_Marsh,0.960463536630668,spatial_unit,observed raw wetland area from authoritative panel
coastal-wetland-evidence-contract,1.0.0,a4cf9efdecf6735f87d398acc56604e66df26e62f1a2f1e96fafd7791aa3bcc6,2009,Tangshan,BYS,Salt_Marsh,0.970843896342678,spatial_unit,observed raw wetland area from authoritative panel
coastal-wetland-evidence-contract,1.0.0,a4cf9efdecf6735f87d398acc56604e66df26e62f1a2f1e96fafd7791aa3bcc6,2010,Tangshan,BYS,Salt_Marsh,0.989504277630974,spatial_unit,observed raw wetland area from authoritative panel
coastal-wetland-evidence-contract,1.0.0,a4cf9efdecf6735f87d398acc56604e66df26e62f1a2f1e96fafd7791aa3bcc6,2011,Tangshan,BYS,Salt_Marsh,0.629391499190027,spatial_unit,observed raw wetland area from authoritative panel
coastal-wetland-evidence-contract,1.0.0,a4cf9efdecf6735f87d398acc56604e66df26e62f1a2f1e96fafd7791aa3bcc6,2012,Tangshan,BYS,Salt_Marsh,0.560661961387485,spatial_unit,observed raw wetland area from authoritative panel
coastal-wetland-evidence-contract,1.0.0,a4cf9efdecf6735f87d398acc56604e66df26e62f1a2f1e96fafd7791aa3bcc6,2013,Tangshan,BYS,Salt_Marsh,0.607883855114507,spatial_unit,observed raw wetland area from authoritative panel
coastal-wetland-evidence-contract,1.0.0,a4cf9efdecf6735f87d398acc56604e66df26e62f1a2f1e96fafd7791aa3bcc6,2014,Tangshan,BYS,Salt_Marsh,0.663312261644072,spatial_unit,observed raw wetland area from authoritative panel
coastal-wetland-evidence-contract,1.0.0,a4cf9efdecf6735f87d398acc56604e66df26e62f1a2f1e96fafd7791aa3bcc6,2015,Tangshan,BYS,Salt_Marsh,0.670197790102252,spatial_unit,observed raw wetland area from authoritative panel
coastal-wetland-evidence-contract,1.0.0,a4cf9efdecf6735f87d398acc56604e66df26e62f1a2f1e96fafd7791aa3bcc6,2016,Tangshan,BYS,Salt_Marsh,0.786185685485601,spatial_unit,observed raw wetland area from authoritative panel
coastal-wetland-evidence-contract,1.0.0,a4cf9efdecf6735f87d398acc56604e66df26e62f1a2f1e96fafd7791aa3bcc6,2017,Tangshan,BYS,Salt_Marsh,0.774903967348346,spatial_unit,observed raw wetland area from authoritative panel
coastal-wetland-evidence-contract,1.0.0,a4cf9efdecf6735f87d398acc56604e66df26e62f1a2f1e96fafd7791aa3bcc6,2018,Tangshan,BYS,Salt_Marsh,0.758647535661765,spatial_unit,observed raw wetland area from authoritative panel
coastal-wetland-evidence-contract,1.0.0,a4cf9efdecf6735f87d398acc56604e66df26e62f1a2f1e96fafd7791aa3bcc6,2019,Tangshan,BYS,Salt_Marsh,0.823172865988817,spatial_unit,observed raw wetland area from authoritative panel
coastal-wetland-evidence-contract,1.0.0,a4cf9efdecf6735f87d398acc56604e66df26e62f1a2f1e96fafd7791aa3bcc6,2020,Tangshan,BYS,Salt_Marsh,1.07681159775199,spatial_unit,observed raw wetland area from authoritative panel
coastal-wetland-evidence-contract,1.0.0,a4cf9efdecf6735f87d398acc56604e66df26e62f1a2f1e96fafd7791aa3bcc6,2021,Tangshan,BYS,Salt_Marsh,1.37638923360524,spatial_unit,observed raw wetland area from authoritative panel
coastal-wetland-evidence-contract,1.0.0,a4cf9efdecf6735f87d398acc56604e66df26e62f1a2f1e96fafd7791aa3bcc6,2022,Tangshan,BYS,Salt_Marsh,1.45918923329504,spatial_unit,observed raw wetland area from authoritative panel
coastal-wetland-evidence-contract,1.0.0,a4cf9efdecf6735f87d398acc56604e66df26e62f1a2f1e96fafd7791aa3bcc6,2001,Tianjin_Shi,BYS,Salt_Marsh,1.13566945170611,spatial_unit,observed raw wetland area from authoritative panel
coastal-wetland-evidence-contract,1.0.0,a4cf9efdecf6735f87d398acc56604e66df26e62f1a2f1e96fafd7791aa3bcc6,2002,Tianjin_Shi,BYS,Salt_Marsh,1.29663832197074,spatial_unit,observed raw wetland area from authoritative panel
coastal-wetland-evidence-contract,1.0.0,a4cf9efdecf6735f87d398acc56604e66df26e62f1a2f1e96fafd7791aa3bcc6,2003,Tianjin_Shi,BYS,Salt_Marsh,1.46345080965648,spatial_unit,observed raw wetland area from authoritative panel
coastal-wetland-evidence-contract,1.0.0,a4cf9efdecf6735f87d398acc56604e66df26e62f1a2f1e96fafd7791aa3bcc6,2004,Tianjin_Shi,BYS,Salt_Marsh,1.6881502857307,spatial_unit,observed raw wetland area from authoritative panel
coastal-wetland-evidence-contract,1.0.0,a4cf9efdecf6735f87d398acc56604e66df26e62f1a2f1e96fafd7791aa3bcc6,2005,Tianjin_Shi,BYS,Salt_Marsh,1.58642798009919,spatial_unit,observed raw wetland area from authoritative panel
coastal-wetland-evidence-contract,1.0.0,a4cf9efdecf6735f87d398acc56604e66df26e62f1a2f1e96fafd7791aa3bcc6,2006,Tianjin_Shi,BYS,Salt_Marsh,1.58267975835057,spatial_unit,observed raw wetland area from authoritative panel
coastal-wetland-evidence-contract,1.0.0,a4cf9efdecf6735f87d398acc56604e66df26e62f1a2f1e96fafd7791aa3bcc6,2007,Tianjin_Shi,BYS,Salt_Marsh,1.29014830599533,spatial_unit,observed raw wetland area from authoritative panel
coastal-wetland-evidence-contract,1.0.0,a4cf9efdecf6735f87d398acc56604e66df26e62f1a2f1e96fafd7791aa3bcc6,2008,Tianjin_Shi,BYS,Salt_Marsh,1.46335564316215,spatial_unit,observed raw wetland area from authoritative panel
coastal-wetland-evidence-contract,1.0.0,a4cf9efdecf6735f87d398acc56604e66df26e62f1a2f1e96fafd7791aa3bcc6,2009,Tianjin_Shi,BYS,Salt_Marsh,1.14806673419118,spatial_unit,observed raw wetland area from authoritative panel
coastal-wetland-evidence-contract,1.0.0,a4cf9efdecf6735f87d398acc56604e66df26e62f1a2f1e96fafd7791aa3bcc6,2010,Tianjin_Shi,BYS,Salt_Marsh,1.35810833294845,spatial_unit,observed raw wetland area from authoritative panel
coastal-wetland-evidence-contract,1.0.0,a4cf9efdecf6735f87d398acc56604e66df26e62f1a2f1e96fafd7791aa3bcc6,2011,Tianjin_Shi,BYS,Salt_Marsh,1.36482013683938,spatial_unit,observed raw wetland area from authoritative panel
coastal-wetland-evidence-contract,1.0.0,a4cf9efdecf6735f87d398acc56604e66df26e62f1a2f1e96fafd7791aa3bcc6,2012,Tianjin_Shi,BYS,Salt_Marsh,1.44787005818398,spatial_unit,observed raw wetland area from authoritative panel
coastal-wetland-evidence-contract,1.0.0,a4cf9efdecf6735f87d398acc56604e66df26e62f1a2f1e96fafd7791aa3bcc6,2013,Tianjin_Shi,BYS,Salt_Marsh,1.17414809923215,spatial_unit,observed raw wetland area from authoritative panel
coastal-wetland-evidence-contract,1.0.0,a4cf9efdecf6735f87d398acc56604e66df26e62f1a2f1e96fafd7791aa3bcc6,2014,Tianjin_Shi,BYS,Salt_Marsh,1.14405911806258,spatial_unit,observed raw wetland area from authoritative panel
coastal-wetland-evidence-contract,1.0.0,a4cf9efdecf6735f87d398acc56604e66df26e62f1a2f1e96fafd7791aa3bcc6,2015,Tianjin_Shi,BYS,Salt_Marsh,0.978109670230163,spatial_unit,observed raw wetland area from authoritative panel
coastal-wetland-evidence-contract,1.0.0,a4cf9efdecf6735f87d398acc56604e66df26e62f1a2f1e96fafd7791aa3bcc6,2016,Tianjin_Shi,BYS,Salt_Marsh,1.01810288931143,spatial_unit,observed raw wetland area from authoritative panel
coastal-wetland-evidence-contract,1.0.0,a4cf9efdecf6735f87d398acc56604e66df26e62f1a2f1e96fafd7791aa3bcc6,2017,Tianjin_Shi,BYS,Salt_Marsh,1.02967510124655,spatial_unit,observed raw wetland area from authoritative panel
coastal-wetland-evidence-contract,1.0.0,a4cf9efdecf6735f87d398acc56604e66df26e62f1a2f1e96fafd7791aa3bcc6,2018,Tianjin_Shi,BYS,Salt_Marsh,0.971296401769302,spatial_unit,observed raw wetland area from authoritative panel
coastal-wetland-evidence-contract,1.0.0,a4cf9efdecf6735f87d398acc56604e66df26e62f1a2f1e96fafd7791aa3bcc6,2019,Tianjin_Shi,BYS,Salt_Marsh,0.978930661316636,spatial_unit,observed raw wetland area from authoritative panel
coastal-wetland-evidence-contract,1.0.0,a4cf9efdecf6735f87d398acc56604e66df26e62f1a2f1e96fafd7791aa3bcc6,2020,Tianjin_Shi,BYS,Salt_Marsh,1.00041306820619,spatial_unit,observed raw wetland area from authoritative panel
coastal-wetland-evidence-contract,1.0.0,a4cf9efdecf6735f87d398acc56604e66df26e62f1a2f1e96fafd7791aa3bcc6,2021,Tianjin_Shi,BYS,Salt_Marsh,1.11101950659275,spatial_unit,observed raw wetland area from authoritative panel
coastal-wetland-evidence-contract,1.0.0,a4cf9efdecf6735f87d398acc56604e66df26e62f1a2f1e96fafd7791aa3bcc6,2022,Tianjin_Shi,BYS,Salt_Marsh,1.14845462623506,spatial_unit,observed raw wetland area from authoritative panel
coastal-wetland-evidence-contract,1.0.0,a4cf9efdecf6735f87d398acc56604e66df26e62f1a2f1e96fafd7791aa3bcc6,2001,Weifang,BYS,Salt_Marsh,2.91230543913144,spatial_unit,observed raw wetland area from authoritative panel
coastal-wetland-evidence-contract,1.0.0,a4cf9efdecf6735f87d398acc56604e66df26e62f1a2f1e96fafd7791aa3bcc6,2002,Weifang,BYS,Salt_Marsh,3.17070185511451,spatial_unit,observed raw wetland area from authoritative panel
coastal-wetland-evidence-contract,1.0.0,a4cf9efdecf6735f87d398acc56604e66df26e62f1a2f1e96fafd7791aa3bcc6,2003,Weifang,BYS,Salt_Marsh,3.07588502894264,spatial_unit,observed raw wetland area from authoritative panel
coastal-wetland-evidence-contract,1.0.0,a4cf9efdecf6735f87d398acc56604e66df26e62f1a2f1e96fafd7791aa3bcc6,2004,Weifang,BYS,Salt_Marsh,3.54039902059398,spatial_unit,observed raw wetland area from authoritative panel
coastal-wetland-evidence-contract,1.0.0,a4cf9efdecf6735f87d398acc56604e66df26e62f1a2f1e96fafd7791aa3bcc6,2005,Weifang,BYS,Salt_Marsh,3.5156064966165,spatial_unit,observed raw wetland area from authoritative panel
coastal-wetland-evidence-contract,1.0.0,a4cf9efdecf6735f87d398acc56604e66df26e62f1a2f1e96fafd7791aa3bcc6,2006,Weifang,BYS,Salt_Marsh,3.1716248626934,spatial_unit,observed raw wetland area from authoritative panel
coastal-wetland-evidence-contract,1.0.0,a4cf9efdecf6735f87d398acc56604e66df26e62f1a2f1e96fafd7791aa3bcc6,2007,Weifang,BYS,Salt_Marsh,3.48431336933402,spatial_unit,observed raw wetland area from authoritative panel
coastal-wetland-evidence-contract,1.0.0,a4cf9efdecf6735f87d398acc56604e66df26e62f1a2f1e96fafd7791aa3bcc6,2008,Weifang,BYS,Salt_Marsh,3.67312535202589,spatial_unit,observed raw wetland area from authoritative panel
coastal-wetland-evidence-contract,1.0.0,a4cf9efdecf6735f87d398acc56604e66df26e62f1a2f1e96fafd7791aa3bcc6,2009,Weifang,BYS,Salt_Marsh,3.67360265476026,spatial_unit,observed raw wetland area from authoritative panel
coastal-wetland-evidence-contract,1.0.0,a4cf9efdecf6735f87d398acc56604e66df26e62f1a2f1e96fafd7791aa3bcc6,2010,Weifang,BYS,Salt_Marsh,3.05214700581917,spatial_unit,observed raw wetland area from authoritative panel
coastal-wetland-evidence-contract,1.0.0,a4cf9efdecf6735f87d398acc56604e66df26e62f1a2f1e96fafd7791aa3bcc6,2011,Weifang,BYS,Salt_Marsh,3.2507537519244,spatial_unit,observed raw wetland area from authoritative panel
coastal-wetland-evidence-contract,1.0.0,a4cf9efdecf6735f87d398acc56604e66df26e62f1a2f1e96fafd7791aa3bcc6,2012,Weifang,BYS,Salt_Marsh,3.54401932843903,spatial_unit,observed raw wetland area from authoritative panel
coastal-wetland-evidence-contract,1.0.0,a4cf9efdecf6735f87d398acc56604e66df26e62f1a2f1e96fafd7791aa3bcc6,2013,Weifang,BYS,Salt_Marsh,2.52557149543122,spatial_unit,observed raw wetland area from authoritative panel
coastal-wetland-evidence-contract,1.0.0,a4cf9efdecf6735f87d398acc56604e66df26e62f1a2f1e96fafd7791aa3bcc6,2014,Weifang,BYS,Salt_Marsh,2.53431532790479,spatial_unit,observed raw wetland area from authoritative panel
coastal-wetland-evidence-contract,1.0.0,a4cf9efdecf6735f87d398acc56604e66df26e62f1a2f1e96fafd7791aa3bcc6,2015,Weifang,BYS,Salt_Marsh,4.97732486644837,spatial_unit,observed raw wetland area from authoritative panel
coastal-wetland-evidence-contract,1.0.0,a4cf9efdecf6735f87d398acc56604e66df26e62f1a2f1e96fafd7791aa3bcc6,2016,Weifang,BYS,Salt_Marsh,7.03803881029603,spatial_unit,observed raw wetland area from authoritative panel
coastal-wetland-evidence-contract,1.0.0,a4cf9efdecf6735f87d398acc56604e66df26e62f1a2f1e96fafd7791aa3bcc6,2017,Weifang,BYS,Salt_Marsh,11.0957760856867,spatial_unit,observed raw wetland area from authoritative panel
coastal-wetland-evidence-contract,1.0.0,a4cf9efdecf6735f87d398acc56604e66df26e62f1a2f1e96fafd7791aa3bcc6,2018,Weifang,BYS,Salt_Marsh,11.4455020017023,spatial_unit,observed raw wetland area from authoritative panel
coastal-wetland-evidence-contract,1.0.0,a4cf9efdecf6735f87d398acc56604e66df26e62f1a2f1e96fafd7791aa3bcc6,2019,Weifang,BYS,Salt_Marsh,13.7344428753274,spatial_unit,observed raw wetland area from authoritative panel
coastal-wetland-evidence-contract,1.0.0,a4cf9efdecf6735f87d398acc56604e66df26e62f1a2f1e96fafd7791aa3bcc6,2020,Weifang,BYS,Salt_Marsh,16.426265677629,spatial_unit,observed raw wetland area from authoritative panel
coastal-wetland-evidence-contract,1.0.0,a4cf9efdecf6735f87d398acc56604e66df26e62f1a2f1e96fafd7791aa3bcc6,2021,Weifang,BYS,Salt_Marsh,19.4991936357096,spatial_unit,observed raw wetland area from authoritative panel
coastal-wetland-evidence-contract,1.0.0,a4cf9efdecf6735f87d398acc56604e66df26e62f1a2f1e96fafd7791aa3bcc6,2022,Weifang,BYS,Salt_Marsh,19.5676186104032,spatial_unit,observed raw wetland area from authoritative panel
coastal-wetland-evidence-contract,1.0.0,a4cf9efdecf6735f87d398acc56604e66df26e62f1a2f1e96fafd7791aa3bcc6,2001,Weihai,BYS,Salt_Marsh,0.47599320853439,spatial_unit,observed raw wetland area from authoritative panel
coastal-wetland-evidence-contract,1.0.0,a4cf9efdecf6735f87d398acc56604e66df26e62f1a2f1e96fafd7791aa3bcc6,2002,Weihai,BYS,Salt_Marsh,0.444483429419424,spatial_unit,observed raw wetland area from authoritative panel
coastal-wetland-evidence-contract,1.0.0,a4cf9efdecf6735f87d398acc56604e66df26e62f1a2f1e96fafd7791aa3bcc6,2003,Weihai,BYS,Salt_Marsh,0.384480971698836,spatial_unit,observed raw wetland area from authoritative panel
coastal-wetland-evidence-contract,1.0.0,a4cf9efdecf6735f87d398acc56604e66df26e62f1a2f1e96fafd7791aa3bcc6,2004,Weihai,BYS,Salt_Marsh,0.289271798221124,spatial_unit,observed raw wetland area from authoritative panel
coastal-wetland-evidence-contract,1.0.0,a4cf9efdecf6735f87d398acc56604e66df26e62f1a2f1e96fafd7791aa3bcc6,2005,Weihai,BYS,Salt_Marsh,0.321096168367034,spatial_unit,observed raw wetland area from authoritative panel
coastal-wetland-evidence-contract,1.0.0,a4cf9efdecf6735f87d398acc56604e66df26e62f1a2f1e96fafd7791aa3bcc6,2006,Weihai,BYS,Salt_Marsh,0.314478268173637,spatial_unit,observed raw wetland area from authoritative panel
coastal-wetland-evidence-contract,1.0.0,a4cf9efdecf6735f87d398acc56604e66df26e62f1a2f1e96fafd7791aa3bcc6,2007,Weihai,BYS,Salt_Marsh,0.338740875731465,spatial_unit,observed raw wetland area from authoritative panel
coastal-wetland-evidence-contract,1.0.0,a4cf9efdecf6735f87d398acc56604e66df26e62f1a2f1e96fafd7791aa3bcc6,2008,Weihai,BYS,Salt_Marsh,0.435835372717524,spatial_unit,observed raw wetland area from authoritative panel
coastal-wetland-evidence-contract,1.0.0,a4cf9efdecf6735f87d398acc56604e66df26e62f1a2f1e96fafd7791aa3bcc6,2009,Weihai,BYS,Salt_Marsh,0.422700301928232,spatial_unit,observed raw wetland area from authoritative panel
coastal-wetland-evidence-contract,1.0.0,a4cf9efdecf6735f87d398acc56604e66df26e62f1a2f1e96fafd7791aa3bcc6,2010,Weihai,BYS,Salt_Marsh,0.414478860539216,spatial_unit,observed raw wetland area from authoritative panel
coastal-wetland-evidence-contract,1.0.0,a4cf9efdecf6735f87d398acc56604e66df26e62f1a2f1e96fafd7791aa3bcc6,2011,Weihai,BYS,Salt_Marsh,0.456004779195389,spatial_unit,observed raw wetland area from authoritative panel
coastal-wetland-evidence-contract,1.0.0,a4cf9efdecf6735f87d398acc56604e66df26e62f1a2f1e96fafd7791aa3bcc6,2012,Weihai,BYS,Salt_Marsh,0.50635063465265,spatial_unit,observed raw wetland area from authoritative panel
coastal-wetland-evidence-contract,1.0.0,a4cf9efdecf6735f87d398acc56604e66df26e62f1a2f1e96fafd7791aa3bcc6,2013,Weihai,BYS,Salt_Marsh,0.371373053990502,spatial_unit,observed raw wetland area from authoritative panel
coastal-wetland-evidence-contract,1.0.0,a4cf9efdecf6735f87d398acc56604e66df26e62f1a2f1e96fafd7791aa3bcc6,2014,Weihai,BYS,Salt_Marsh,0.376200002328431,spatial_unit,observed raw wetland area from authoritative panel
coastal-wetland-evidence-contract,1.0.0,a4cf9efdecf6735f87d398acc56604e66df26e62f1a2f1e96fafd7791aa3bcc6,2015,Weihai,BYS,Salt_Marsh,0.502823283940334,spatial_unit,observed raw wetland area from authoritative panel
coastal-wetland-evidence-contract,1.0.0,a4cf9efdecf6735f87d398acc56604e66df26e62f1a2f1e96fafd7791aa3bcc6,2016,Weihai,BYS,Salt_Marsh,0.691338118171722,spatial_unit,observed raw wetland area from authoritative panel
coastal-wetland-evidence-contract,1.0.0,a4cf9efdecf6735f87d398acc56604e66df26e62f1a2f1e96fafd7791aa3bcc6,2017,Weihai,BYS,Salt_Marsh,0.782645973728554,spatial_unit,observed raw wetland area from authoritative panel
coastal-wetland-evidence-contract,1.0.0,a4cf9efdecf6735f87d398acc56604e66df26e62f1a2f1e96fafd7791aa3bcc6,2018,Weihai,BYS,Salt_Marsh,0.821455367064951,spatial_unit,observed raw wetland area from authoritative panel
coastal-wetland-evidence-contract,1.0.0,a4cf9efdecf6735f87d398acc56604e66df26e62f1a2f1e96fafd7791aa3bcc6,2019,Weihai,BYS,Salt_Marsh,1.24372008019876,spatial_unit,observed raw wetland area from authoritative panel
coastal-wetland-evidence-contract,1.0.0,a4cf9efdecf6735f87d398acc56604e66df26e62f1a2f1e96fafd7791aa3bcc6,2020,Weihai,BYS,Salt_Marsh,1.67015588780063,spatial_unit,observed raw wetland area from authoritative panel
coastal-wetland-evidence-contract,1.0.0,a4cf9efdecf6735f87d398acc56604e66df26e62f1a2f1e96fafd7791aa3bcc6,2021,Weihai,BYS,Salt_Marsh,1.90138827153033,spatial_unit,observed raw wetland area from authoritative panel
coastal-wetland-evidence-contract,1.0.0,a4cf9efdecf6735f87d398acc56604e66df26e62f1a2f1e96fafd7791aa3bcc6,2022,Weihai,BYS,Salt_Marsh,1.9125533650314,spatial_unit,observed raw wetland area from authoritative panel
coastal-wetland-evidence-contract,1.0.0,a4cf9efdecf6735f87d398acc56604e66df26e62f1a2f1e96fafd7791aa3bcc6,2001,Yantai,BYS,Salt_Marsh,0.559862487088312,spatial_unit,observed raw wetland area from authoritative panel
coastal-wetland-evidence-contract,1.0.0,a4cf9efdecf6735f87d398acc56604e66df26e62f1a2f1e96fafd7791aa3bcc6,2002,Yantai,BYS,Salt_Marsh,0.410096827820542,spatial_unit,observed raw wetland area from authoritative panel
coastal-wetland-evidence-contract,1.0.0,a4cf9efdecf6735f87d398acc56604e66df26e62f1a2f1e96fafd7791aa3bcc6,2003,Yantai,BYS,Salt_Marsh,0.376671759922641,spatial_unit,observed raw wetland area from authoritative panel
coastal-wetland-evidence-contract,1.0.0,a4cf9efdecf6735f87d398acc56604e66df26e62f1a2f1e96fafd7791aa3bcc6,2004,Yantai,BYS,Salt_Marsh,0.624510172087546,spatial_unit,observed raw wetland area from authoritative panel
coastal-wetland-evidence-contract,1.0.0,a4cf9efdecf6735f87d398acc56604e66df26e62f1a2f1e96fafd7791aa3bcc6,2005,Yantai,BYS,Salt_Marsh,0.680270087932751,spatial_unit,observed raw wetland area from authoritative panel
coastal-wetland-evidence-contract,1.0.0,a4cf9efdecf6735f87d398acc56604e66df26e62f1a2f1e96fafd7791aa3bcc6,2006,Yantai,BYS,Salt_Marsh,0.70686322717333,spatial_unit,observed raw wetland area from authoritative panel
coastal-wetland-evidence-contract,1.0.0,a4cf9efdecf6735f87d398acc56604e66df26e62f1a2f1e96fafd7791aa3bcc6,2007,Yantai,BYS,Salt_Marsh,0.595816255560662,spatial_unit,observed raw wetland area from authoritative panel
coastal-wetland-evidence-contract,1.0.0,a4cf9efdecf6735f87d398acc56604e66df26e62f1a2f1e96fafd7791aa3bcc6,2008,Yantai,BYS,Salt_Marsh,0.740710993278952,spatial_unit,observed raw wetland area from authoritative panel
coastal-wetland-evidence-contract,1.0.0,a4cf9efdecf6735f87d398acc56604e66df26e62f1a2f1e96fafd7791aa3bcc6,2009,Yantai,BYS,Salt_Marsh,0.8115833645661,spatial_unit,observed raw wetland area from authoritative panel
coastal-wetland-evidence-contract,1.0.0,a4cf9efdecf6735f87d398acc56604e66df26e62f1a2f1e96fafd7791aa3bcc6,2010,Yantai,BYS,Salt_Marsh,0.918445553781786,spatial_unit,observed raw wetland area from authoritative panel
coastal-wetland-evidence-contract,1.0.0,a4cf9efdecf6735f87d398acc56604e66df26e62f1a2f1e96fafd7791aa3bcc6,2011,Yantai,BYS,Salt_Marsh,0.838152265860524,spatial_unit,observed raw wetland area from authoritative panel
coastal-wetland-evidence-contract,1.0.0,a4cf9efdecf6735f87d398acc56604e66df26e62f1a2f1e96fafd7791aa3bcc6,2012,Yantai,BYS,Salt_Marsh,1.18280199306449,spatial_unit,observed raw wetland area from authoritative panel
coastal-wetland-evidence-contract,1.0.0,a4cf9efdecf6735f87d398acc56604e66df26e62f1a2f1e96fafd7791aa3bcc6,2013,Yantai,BYS,Salt_Marsh,1.01674600749847,spatial_unit,observed raw wetland area from authoritative panel
coastal-wetland-evidence-contract,1.0.0,a4cf9efdecf6735f87d398acc56604e66df26e62f1a2f1e96fafd7791aa3bcc6,2014,Yantai,BYS,Salt_Marsh,1.24286005143421,spatial_unit,observed raw wetland area from authoritative panel
coastal-wetland-evidence-contract,1.0.0,a4cf9efdecf6735f87d398acc56604e66df26e62f1a2f1e96fafd7791aa3bcc6,2015,Yantai,BYS,Salt_Marsh,1.62871765929649,spatial_unit,observed raw wetland area from authoritative panel
coastal-wetland-evidence-contract,1.0.0,a4cf9efdecf6735f87d398acc56604e66df26e62f1a2f1e96fafd7791aa3bcc6,2016,Yantai,BYS,Salt_Marsh,2.32148303612898,spatial_unit,observed raw wetland area from authoritative panel
coastal-wetland-evidence-contract,1.0.0,a4cf9efdecf6735f87d398acc56604e66df26e62f1a2f1e96fafd7791aa3bcc6,2017,Yantai,BYS,Salt_Marsh,3.22682431922487,spatial_unit,observed raw wetland area from authoritative panel
coastal-wetland-evidence-contract,1.0.0,a4cf9efdecf6735f87d398acc56604e66df26e62f1a2f1e96fafd7791aa3bcc6,2018,Yantai,BYS,Salt_Marsh,3.67731712935048,spatial_unit,observed raw wetland area from authoritative panel
coastal-wetland-evidence-contract,1.0.0,a4cf9efdecf6735f87d398acc56604e66df26e62f1a2f1e96fafd7791aa3bcc6,2019,Yantai,BYS,Salt_Marsh,5.22847557028759,spatial_unit,observed raw wetland area from authoritative panel
coastal-wetland-evidence-contract,1.0.0,a4cf9efdecf6735f87d398acc56604e66df26e62f1a2f1e96fafd7791aa3bcc6,2020,Yantai,BYS,Salt_Marsh,6.4191840817804,spatial_unit,observed raw wetland area from authoritative panel
coastal-wetland-evidence-contract,1.0.0,a4cf9efdecf6735f87d398acc56604e66df26e62f1a2f1e96fafd7791aa3bcc6,2021,Yantai,BYS,Salt_Marsh,7.18448214810623,spatial_unit,observed raw wetland area from authoritative panel
coastal-wetland-evidence-contract,1.0.0,a4cf9efdecf6735f87d398acc56604e66df26e62f1a2f1e96fafd7791aa3bcc6,2022,Yantai,BYS,Salt_Marsh,6.99830995666934,spatial_unit,observed raw wetland area from authoritative panel
coastal-wetland-evidence-contract,1.0.0,a4cf9efdecf6735f87d398acc56604e66df26e62f1a2f1e96fafd7791aa3bcc6,2001,Yingkou,BYS,Salt_Marsh,0.308459232063802,spatial_unit,observed raw wetland area from authoritative panel
coastal-wetland-evidence-contract,1.0.0,a4cf9efdecf6735f87d398acc56604e66df26e62f1a2f1e96fafd7791aa3bcc6,2002,Yingkou,BYS,Salt_Marsh,0.339951527441406,spatial_unit,observed raw wetland area from authoritative panel
coastal-wetland-evidence-contract,1.0.0,a4cf9efdecf6735f87d398acc56604e66df26e62f1a2f1e96fafd7791aa3bcc6,2003,Yingkou,BYS,Salt_Marsh,0.338991074352788,spatial_unit,observed raw wetland area from authoritative panel
coastal-wetland-evidence-contract,1.0.0,a4cf9efdecf6735f87d398acc56604e66df26e62f1a2f1e96fafd7791aa3bcc6,2004,Yingkou,BYS,Salt_Marsh,0.37804451713197,spatial_unit,observed raw wetland area from authoritative panel
coastal-wetland-evidence-contract,1.0.0,a4cf9efdecf6735f87d398acc56604e66df26e62f1a2f1e96fafd7791aa3bcc6,2005,Yingkou,BYS,Salt_Marsh,0.403420106102558,spatial_unit,observed raw wetland area from authoritative panel
coastal-wetland-evidence-contract,1.0.0,a4cf9efdecf6735f87d398acc56604e66df26e62f1a2f1e96fafd7791aa3bcc6,2006,Yingkou,BYS,Salt_Marsh,0.487874368652344,spatial_unit,observed raw wetland area from authoritative panel
coastal-wetland-evidence-contract,1.0.0,a4cf9efdecf6735f87d398acc56604e66df26e62f1a2f1e96fafd7791aa3bcc6,2007,Yingkou,BYS,Salt_Marsh,0.443177825359988,spatial_unit,observed raw wetland area from authoritative panel
coastal-wetland-evidence-contract,1.0.0,a4cf9efdecf6735f87d398acc56604e66df26e62f1a2f1e96fafd7791aa3bcc6,2008,Yingkou,BYS,Salt_Marsh,0.464181517005591,spatial_unit,observed raw wetland area from authoritative panel
coastal-wetland-evidence-contract,1.0.0,a4cf9efdecf6735f87d398acc56604e66df26e62f1a2f1e96fafd7791aa3bcc6,2009,Yingkou,BYS,Salt_Marsh,0.360775493487669,spatial_unit,observed raw wetland area from authoritative panel
coastal-wetland-evidence-contract,1.0.0,a4cf9efdecf6735f87d398acc56604e66df26e62f1a2f1e96fafd7791aa3bcc6,2010,Yingkou,BYS,Salt_Marsh,0.308839681541054,spatial_unit,observed raw wetland area from authoritative panel
coastal-wetland-evidence-contract,1.0.0,a4cf9efdecf6735f87d398acc56604e66df26e62f1a2f1e96fafd7791aa3bcc6,2011,Yingkou,BYS,Salt_Marsh,0.2374401505553,spatial_unit,observed raw wetland area from authoritative panel
coastal-wetland-evidence-contract,1.0.0,a4cf9efdecf6735f87d398acc56604e66df26e62f1a2f1e96fafd7791aa3bcc6,2012,Yingkou,BYS,Salt_Marsh,0.396959615274586,spatial_unit,observed raw wetland area from authoritative panel
coastal-wetland-evidence-contract,1.0.0,a4cf9efdecf6735f87d398acc56604e66df26e62f1a2f1e96fafd7791aa3bcc6,2013,Yingkou,BYS,Salt_Marsh,0.439099877876072,spatial_unit,observed raw wetland area from authoritative panel
coastal-wetland-evidence-contract,1.0.0,a4cf9efdecf6735f87d398acc56604e66df26e62f1a2f1e96fafd7791aa3bcc6,2014,Yingkou,BYS,Salt_Marsh,0.420470827989047,spatial_unit,observed raw wetland area from authoritative panel
coastal-wetland-evidence-contract,1.0.0,a4cf9efdecf6735f87d398acc56604e66df26e62f1a2f1e96fafd7791aa3bcc6,2015,Yingkou,BYS,Salt_Marsh,0.399903037745098,spatial_unit,observed raw wetland area from authoritative panel
coastal-wetland-evidence-contract,1.0.0,a4cf9efdecf6735f87d398acc56604e66df26e62f1a2f1e96fafd7791aa3bcc6,2016,Yingkou,BYS,Salt_Marsh,0.409114708710555,spatial_unit,observed raw wetland area from authoritative panel
coastal-wetland-evidence-contract,1.0.0,a4cf9efdecf6735f87d398acc56604e66df26e62f1a2f1e96fafd7791aa3bcc6,2017,Yingkou,BYS,Salt_Marsh,0.404070824904259,spatial_unit,observed raw wetland area from authoritative panel
coastal-wetland-evidence-contract,1.0.0,a4cf9efdecf6735f87d398acc56604e66df26e62f1a2f1e96fafd7791aa3bcc6,2018,Yingkou,BYS,Salt_Marsh,0.405188604591759,spatial_unit,observed raw wetland area from authoritative panel
coastal-wetland-evidence-contract,1.0.0,a4cf9efdecf6735f87d398acc56604e66df26e62f1a2f1e96fafd7791aa3bcc6,2019,Yingkou,BYS,Salt_Marsh,0.434429317769608,spatial_unit,observed raw wetland area from authoritative panel
coastal-wetland-evidence-contract,1.0.0,a4cf9efdecf6735f87d398acc56604e66df26e62f1a2f1e96fafd7791aa3bcc6,2020,Yingkou,BYS,Salt_Marsh,0.519000487283624,spatial_unit,observed raw wetland area from authoritative panel
coastal-wetland-evidence-contract,1.0.0,a4cf9efdecf6735f87d398acc56604e66df26e62f1a2f1e96fafd7791aa3bcc6,2021,Yingkou,BYS,Salt_Marsh,0.634692079811964,spatial_unit,observed raw wetland area from authoritative panel
coastal-wetland-evidence-contract,1.0.0,a4cf9efdecf6735f87d398acc56604e66df26e62f1a2f1e96fafd7791aa3bcc6,2022,Yingkou,BYS,Salt_Marsh,0.589050180886183,spatial_unit,observed raw wetland area from authoritative panel
coastal-wetland-evidence-contract,1.0.0,a4cf9efdecf6735f87d398acc56604e66df26e62f1a2f1e96fafd7791aa3bcc6,2001,Chaozhou,HX,Salt_Marsh,0.117044605269608,spatial_unit,observed raw wetland area from authoritative panel
coastal-wetland-evidence-contract,1.0.0,a4cf9efdecf6735f87d398acc56604e66df26e62f1a2f1e96fafd7791aa3bcc6,2002,Chaozhou,HX,Salt_Marsh,0.130284062434896,spatial_unit,observed raw wetland area from authoritative panel
coastal-wetland-evidence-contract,1.0.0,a4cf9efdecf6735f87d398acc56604e66df26e62f1a2f1e96fafd7791aa3bcc6,2003,Chaozhou,HX,Salt_Marsh,0.192364079660692,spatial_unit,observed raw wetland area from authoritative panel
coastal-wetland-evidence-contract,1.0.0,a4cf9efdecf6735f87d398acc56604e66df26e62f1a2f1e96fafd7791aa3bcc6,2004,Chaozhou,HX,Salt_Marsh,0.221159083547794,spatial_unit,observed raw wetland area from authoritative panel
coastal-wetland-evidence-contract,1.0.0,a4cf9efdecf6735f87d398acc56604e66df26e62f1a2f1e96fafd7791aa3bcc6,2005,Chaozhou,HX,Salt_Marsh,0.207625278737745,spatial_unit,observed raw wetland area from authoritative panel
coastal-wetland-evidence-contract,1.0.0,a4cf9efdecf6735f87d398acc56604e66df26e62f1a2f1e96fafd7791aa3bcc6,2006,Chaozhou,HX,Salt_Marsh,0.26366084441636,spatial_unit,observed raw wetland area from authoritative panel
coastal-wetland-evidence-contract,1.0.0,a4cf9efdecf6735f87d398acc56604e66df26e62f1a2f1e96fafd7791aa3bcc6,2007,Chaozhou,HX,Salt_Marsh,0.233390687442555,spatial_unit,observed raw wetland area from authoritative panel
coastal-wetland-evidence-contract,1.0.0,a4cf9efdecf6735f87d398acc56604e66df26e62f1a2f1e96fafd7791aa3bcc6,2008,Chaozhou,HX,Salt_Marsh,0.256938221928615,spatial_unit,observed raw wetland area from authoritative panel
coastal-wetland-evidence-contract,1.0.0,a4cf9efdecf6735f87d398acc56604e66df26e62f1a2f1e96fafd7791aa3bcc6,2009,Chaozhou,HX,Salt_Marsh,0.23360861328125,spatial_unit,observed raw wetland area from authoritative panel
coastal-wetland-evidence-contract,1.0.0,a4cf9efdecf6735f87d398acc56604e66df26e62f1a2f1e96fafd7791aa3bcc6,2010,Chaozhou,HX,Salt_Marsh,0.249067624191942,spatial_unit,observed raw wetland area from authoritative panel
coastal-wetland-evidence-contract,1.0.0,a4cf9efdecf6735f87d398acc56604e66df26e62f1a2f1e96fafd7791aa3bcc6,2011,Chaozhou,HX,Salt_Marsh,0.24813644531633,spatial_unit,observed raw wetland area from authoritative panel
coastal-wetland-evidence-contract,1.0.0,a4cf9efdecf6735f87d398acc56604e66df26e62f1a2f1e96fafd7791aa3bcc6,2012,Chaozhou,HX,Salt_Marsh,0.220546857215073,spatial_unit,observed raw wetland area from authoritative panel
coastal-wetland-evidence-contract,1.0.0,a4cf9efdecf6735f87d398acc56604e66df26e62f1a2f1e96fafd7791aa3bcc6,2013,Chaozhou,HX,Salt_Marsh,0.215036086764706,spatial_unit,observed raw wetland area from authoritative panel
coastal-wetland-evidence-contract,1.0.0,a4cf9efdecf6735f87d398acc56604e66df26e62f1a2f1e96fafd7791aa3bcc6,2014,Chaozhou,HX,Salt_Marsh,0.182903901256127,spatial_unit,observed raw wetland area from authoritative panel
coastal-wetland-evidence-contract,1.0.0,a4cf9efdecf6735f87d398acc56604e66df26e62f1a2f1e96fafd7791aa3bcc6,2015,Chaozhou,HX,Salt_Marsh,0.155887588361673,spatial_unit,observed raw wetland area from authoritative panel
coastal-wetland-evidence-contract,1.0.0,a4cf9efdecf6735f87d398acc56604e66df26e62f1a2f1e96fafd7791aa3bcc6,2016,Chaozhou,HX,Salt_Marsh,0.14776656584329,spatial_unit,observed raw wetland area from authoritative panel
coastal-wetland-evidence-contract,1.0.0,a4cf9efdecf6735f87d398acc56604e66df26e62f1a2f1e96fafd7791aa3bcc6,2017,Chaozhou,HX,Salt_Marsh,0.162402017107077,spatial_unit,observed raw wetland area from authoritative panel
coastal-wetland-evidence-contract,1.0.0,a4cf9efdecf6735f87d398acc56604e66df26e62f1a2f1e96fafd7791aa3bcc6,2018,Chaozhou,HX,Salt_Marsh,0.198043399751072,spatial_unit,observed raw wetland area from authoritative panel
coastal-wetland-evidence-contract,1.0.0,a4cf9efdecf6735f87d398acc56604e66df26e62f1a2f1e96fafd7791aa3bcc6,2019,Chaozhou,HX,Salt_Marsh,0.18069313783318,spatial_unit,observed raw wetland area from authoritative panel
coastal-wetland-evidence-contract,1.0.0,a4cf9efdecf6735f87d398acc56604e66df26e62f1a2f1e96fafd7791aa3bcc6,2020,Chaozhou,HX,Salt_Marsh,0.197079491226256,spatial_unit,observed raw wetland area from authoritative panel
coastal-wetland-evidence-contract,1.0.0,a4cf9efdecf6735f87d398acc56604e66df26e62f1a2f1e96fafd7791aa3bcc6,2021,Chaozhou,HX,Salt_Marsh,0.1260661801394,spatial_unit,observed raw wetland area from authoritative panel
coastal-wetland-evidence-contract,1.0.0,a4cf9efdecf6735f87d398acc56604e66df26e62f1a2f1e96fafd7791aa3bcc6,2022,Chaozhou,HX,Salt_Marsh,0.135735320818015,spatial_unit,observed raw wetland area from authoritative panel
coastal-wetland-evidence-contract,1.0.0,a4cf9efdecf6735f87d398acc56604e66df26e62f1a2f1e96fafd7791aa3bcc6,2001,Fuzhou,HX,Salt_Marsh,22.4559049063841,spatial_unit,observed raw wetland area from authoritative panel
coastal-wetland-evidence-contract,1.0.0,a4cf9efdecf6735f87d398acc56604e66df26e62f1a2f1e96fafd7791aa3bcc6,2002,Fuzhou,HX,Salt_Marsh,22.62624822572,spatial_unit,observed raw wetland area from authoritative panel
coastal-wetland-evidence-contract,1.0.0,a4cf9efdecf6735f87d398acc56604e66df26e62f1a2f1e96fafd7791aa3bcc6,2003,Fuzhou,HX,Salt_Marsh,22.641282781859,spatial_unit,observed raw wetland area from authoritative panel
coastal-wetland-evidence-contract,1.0.0,a4cf9efdecf6735f87d398acc56604e66df26e62f1a2f1e96fafd7791aa3bcc6,2004,Fuzhou,HX,Salt_Marsh,22.2088795302008,spatial_unit,observed raw wetland area from authoritative panel
coastal-wetland-evidence-contract,1.0.0,a4cf9efdecf6735f87d398acc56604e66df26e62f1a2f1e96fafd7791aa3bcc6,2005,Fuzhou,HX,Salt_Marsh,22.6920575805913,spatial_unit,observed raw wetland area from authoritative panel
coastal-wetland-evidence-contract,1.0.0,a4cf9efdecf6735f87d398acc56604e66df26e62f1a2f1e96fafd7791aa3bcc6,2006,Fuzhou,HX,Salt_Marsh,21.6583579428003,spatial_unit,observed raw wetland area from authoritative panel
coastal-wetland-evidence-contract,1.0.0,a4cf9efdecf6735f87d398acc56604e66df26e62f1a2f1e96fafd7791aa3bcc6,2007,Fuzhou,HX,Salt_Marsh,21.496998837052,spatial_unit,observed raw wetland area from authoritative panel
coastal-wetland-evidence-contract,1.0.0,a4cf9efdecf6735f87d398acc56604e66df26e62f1a2f1e96fafd7791aa3bcc6,2008,Fuzhou,HX,Salt_Marsh,21.2549281394991,spatial_unit,observed raw wetland area from authoritative panel
coastal-wetland-evidence-contract,1.0.0,a4cf9efdecf6735f87d398acc56604e66df26e62f1a2f1e96fafd7791aa3bcc6,2009,Fuzhou,HX,Salt_Marsh,22.0143978896677,spatial_unit,observed raw wetland area from authoritative panel
coastal-wetland-evidence-contract,1.0.0,a4cf9efdecf6735f87d398acc56604e66df26e62f1a2f1e96fafd7791aa3bcc6,2010,Fuzhou,HX,Salt_Marsh,22.3517161868146,spatial_unit,observed raw wetland area from authoritative panel
coastal-wetland-evidence-contract,1.0.0,a4cf9efdecf6735f87d398acc56604e66df26e62f1a2f1e96fafd7791aa3bcc6,2011,Fuzhou,HX,Salt_Marsh,22.351202124395,spatial_unit,observed raw wetland area from authoritative panel
coastal-wetland-evidence-contract,1.0.0,a4cf9efdecf6735f87d398acc56604e66df26e62f1a2f1e96fafd7791aa3bcc6,2012,Fuzhou,HX,Salt_Marsh,23.0921523510188,spatial_unit,observed raw wetland area from authoritative panel
coastal-wetland-evidence-contract,1.0.0,a4cf9efdecf6735f87d398acc56604e66df26e62f1a2f1e96fafd7791aa3bcc6,2013,Fuzhou,HX,Salt_Marsh,22.4514169331917,spatial_unit,observed raw wetland area from authoritative panel
coastal-wetland-evidence-contract,1.0.0,a4cf9efdecf6735f87d398acc56604e66df26e62f1a2f1e96fafd7791aa3bcc6,2014,Fuzhou,HX,Salt_Marsh,22.1507275158702,spatial_unit,observed raw wetland area from authoritative panel
coastal-wetland-evidence-contract,1.0.0,a4cf9efdecf6735f87d398acc56604e66df26e62f1a2f1e96fafd7791aa3bcc6,2015,Fuzhou,HX,Salt_Marsh,22.8030766183518,spatial_unit,observed raw wetland area from authoritative panel
coastal-wetland-evidence-contract,1.0.0,a4cf9efdecf6735f87d398acc56604e66df26e62f1a2f1e96fafd7791aa3bcc6,2016,Fuzhou,HX,Salt_Marsh,23.5095783190488,spatial_unit,observed raw wetland area from authoritative panel
coastal-wetland-evidence-contract,1.0.0,a4cf9efdecf6735f87d398acc56604e66df26e62f1a2f1e96fafd7791aa3bcc6,2017,Fuzhou,HX,Salt_Marsh,24.1087290585249,spatial_unit,observed raw wetland area from authoritative panel
coastal-wetland-evidence-contract,1.0.0,a4cf9efdecf6735f87d398acc56604e66df26e62f1a2f1e96fafd7791aa3bcc6,2018,Fuzhou,HX,Salt_Marsh,25.9041601491078,spatial_unit,observed raw wetland area from authoritative panel
coastal-wetland-evidence-contract,1.0.0,a4cf9efdecf6735f87d398acc56604e66df26e62f1a2f1e96fafd7791aa3bcc6,2019,Fuzhou,HX,Salt_Marsh,26.1536818723423,spatial_unit,observed raw wetland area from authoritative panel
coastal-wetland-evidence-contract,1.0.0,a4cf9efdecf6735f87d398acc56604e66df26e62f1a2f1e96fafd7791aa3bcc6,2020,Fuzhou,HX,Salt_Marsh,26.613150372798,spatial_unit,observed raw wetland area from authoritative panel
coastal-wetland-evidence-contract,1.0.0,a4cf9efdecf6735f87d398acc56604e66df26e62f1a2f1e96fafd7791aa3bcc6,2021,Fuzhou,HX,Salt_Marsh,27.7064350409276,spatial_unit,observed raw wetland area from authoritative panel
coastal-wetland-evidence-contract,1.0.0,a4cf9efdecf6735f87d398acc56604e66df26e62f1a2f1e96fafd7791aa3bcc6,2022,Fuzhou,HX,Salt_Marsh,27.8638340570696,spatial_unit,observed raw wetland area from authoritative panel
coastal-wetland-evidence-contract,1.0.0,a4cf9efdecf6735f87d398acc56604e66df26e62f1a2f1e96fafd7791aa3bcc6,2001,Jieyang,HX,Salt_Marsh,1.0260976875,spatial_unit,observed raw wetland area from authoritative panel
coastal-wetland-evidence-contract,1.0.0,a4cf9efdecf6735f87d398acc56604e66df26e62f1a2f1e96fafd7791aa3bcc6,2002,Jieyang,HX,Salt_Marsh,1.053583046875,spatial_unit,observed raw wetland area from authoritative panel
coastal-wetland-evidence-contract,1.0.0,a4cf9efdecf6735f87d398acc56604e66df26e62f1a2f1e96fafd7791aa3bcc6,2003,Jieyang,HX,Salt_Marsh,1.03525923535156,spatial_unit,observed raw wetland area from authoritative panel
coastal-wetland-evidence-contract,1.0.0,a4cf9efdecf6735f87d398acc56604e66df26e62f1a2f1e96fafd7791aa3bcc6,2004,Jieyang,HX,Salt_Marsh,0.980291439453125,spatial_unit,observed raw wetland area from authoritative panel
coastal-wetland-evidence-contract,1.0.0,a4cf9efdecf6735f87d398acc56604e66df26e62f1a2f1e96fafd7791aa3bcc6,2005,Jieyang,HX,Salt_Marsh,1.05358310644531,spatial_unit,observed raw wetland area from authoritative panel
coastal-wetland-evidence-contract,1.0.0,a4cf9efdecf6735f87d398acc56604e66df26e62f1a2f1e96fafd7791aa3bcc6,2006,Jieyang,HX,Salt_Marsh,1.06274489257812,spatial_unit,observed raw wetland area from authoritative panel
coastal-wetland-evidence-contract,1.0.0,a4cf9efdecf6735f87d398acc56604e66df26e62f1a2f1e96fafd7791aa3bcc6,2007,Jieyang,HX,Salt_Marsh,1.08106584082031,spatial_unit,observed raw wetland area from authoritative panel
coastal-wetland-evidence-contract,1.0.0,a4cf9efdecf6735f87d398acc56604e66df26e62f1a2f1e96fafd7791aa3bcc6,2008,Jieyang,HX,Salt_Marsh,1.09939024902344,spatial_unit,observed raw wetland area from authoritative panel
coastal-wetland-evidence-contract,1.0.0,a4cf9efdecf6735f87d398acc56604e66df26e62f1a2f1e96fafd7791aa3bcc6,2009,Jieyang,HX,Salt_Marsh,1.0993903671875,spatial_unit,observed raw wetland area from authoritative panel
coastal-wetland-evidence-contract,1.0.0,a4cf9efdecf6735f87d398acc56604e66df26e62f1a2f1e96fafd7791aa3bcc6,2010,Jieyang,HX,Salt_Marsh,1.12687590527344,spatial_unit,observed raw wetland area from authoritative panel
coastal-wetland-evidence-contract,1.0.0,a4cf9efdecf6735f87d398acc56604e66df26e62f1a2f1e96fafd7791aa3bcc6,2011,Jieyang,HX,Salt_Marsh,1.15435995117187,spatial_unit,observed raw wetland area from authoritative panel
coastal-wetland-evidence-contract,1.0.0,a4cf9efdecf6735f87d398acc56604e66df26e62f1a2f1e96fafd7791aa3bcc6,2012,Jieyang,HX,Salt_Marsh,1.17268453613281,spatial_unit,observed raw wetland area from authoritative panel
coastal-wetland-evidence-contract,1.0.0,a4cf9efdecf6735f87d398acc56604e66df26e62f1a2f1e96fafd7791aa3bcc6,2013,Jieyang,HX,Salt_Marsh,1.23681650292969,spatial_unit,observed raw wetland area from authoritative panel
coastal-wetland-evidence-contract,1.0.0,a4cf9efdecf6735f87d398acc56604e66df26e62f1a2f1e96fafd7791aa3bcc6,2014,Jieyang,HX,Salt_Marsh,1.20933179980469,spatial_unit,observed raw wetland area from authoritative panel
coastal-wetland-evidence-contract,1.0.0,a4cf9efdecf6735f87d398acc56604e66df26e62f1a2f1e96fafd7791aa3bcc6,2015,Jieyang,HX,Salt_Marsh,1.22765590820312,spatial_unit,observed raw wetland area from authoritative panel
coastal-wetland-evidence-contract,1.0.0,a4cf9efdecf6735f87d398acc56604e66df26e62f1a2f1e96fafd7791aa3bcc6,2016,Jieyang,HX,Salt_Marsh,1.20016834570312,spatial_unit,observed raw wetland area from authoritative panel
coastal-wetland-evidence-contract,1.0.0,a4cf9efdecf6735f87d398acc56604e66df26e62f1a2f1e96fafd7791aa3bcc6,2017,Jieyang,HX,Salt_Marsh,1.17268537109375,spatial_unit,observed raw wetland area from authoritative panel
coastal-wetland-evidence-contract,1.0.0,a4cf9efdecf6735f87d398acc56604e66df26e62f1a2f1e96fafd7791aa3bcc6,2018,Jieyang,HX,Salt_Marsh,1.21849388476562,spatial_unit,observed raw wetland area from authoritative panel
coastal-wetland-evidence-contract,1.0.0,a4cf9efdecf6735f87d398acc56604e66df26e62f1a2f1e96fafd7791aa3bcc6,2019,Jieyang,HX,Salt_Marsh,1.20933227734375,spatial_unit,observed raw wetland area from authoritative panel
coastal-wetland-evidence-contract,1.0.0,a4cf9efdecf6735f87d398acc56604e66df26e62f1a2f1e96fafd7791aa3bcc6,2020,Jieyang,HX,Salt_Marsh,1.1726857890625,spatial_unit,observed raw wetland area from authoritative panel
coastal-wetland-evidence-contract,1.0.0,a4cf9efdecf6735f87d398acc56604e66df26e62f1a2f1e96fafd7791aa3bcc6,2021,Jieyang,HX,Salt_Marsh,1.1726848359375,spatial_unit,observed raw wetland area from authoritative panel
coastal-wetland-evidence-contract,1.0.0,a4cf9efdecf6735f87d398acc56604e66df26e62f1a2f1e96fafd7791aa3bcc6,2022,Jieyang,HX,Salt_Marsh,1.19100715527344,spatial_unit,observed raw wetland area from authoritative panel
coastal-wetland-evidence-contract,1.0.0,a4cf9efdecf6735f87d398acc56604e66df26e62f1a2f1e96fafd7791aa3bcc6,2001,Ningde,HX,Salt_Marsh,4.98647137622549,spatial_unit,observed raw wetland area from authoritative panel
coastal-wetland-evidence-contract,1.0.0,a4cf9efdecf6735f87d398acc56604e66df26e62f1a2f1e96fafd7791aa3bcc6,2002,Ningde,HX,Salt_Marsh,4.78719813677619,spatial_unit,observed raw wetland area from authoritative panel
coastal-wetland-evidence-contract,1.0.0,a4cf9efdecf6735f87d398acc56604e66df26e62f1a2f1e96fafd7791aa3bcc6,2003,Ningde,HX,Salt_Marsh,4.61039096212852,spatial_unit,observed raw wetland area from authoritative panel
coastal-wetland-evidence-contract,1.0.0,a4cf9efdecf6735f87d398acc56604e66df26e62f1a2f1e96fafd7791aa3bcc6,2004,Ningde,HX,Salt_Marsh,3.86799671006817,spatial_unit,observed raw wetland area from authoritative panel
coastal-wetland-evidence-contract,1.0.0,a4cf9efdecf6735f87d398acc56604e66df26e62f1a2f1e96fafd7791aa3bcc6,2005,Ningde,HX,Salt_Marsh,4.62745716341528,spatial_unit,observed raw wetland area from authoritative panel
coastal-wetland-evidence-contract,1.0.0,a4cf9efdecf6735f87d398acc56604e66df26e62f1a2f1e96fafd7791aa3bcc6,2006,Ningde,HX,Salt_Marsh,4.46706238571538,spatial_unit,observed raw wetland area from authoritative panel
coastal-wetland-evidence-contract,1.0.0,a4cf9efdecf6735f87d398acc56604e66df26e62f1a2f1e96fafd7791aa3bcc6,2007,Ningde,HX,Salt_Marsh,4.79234404664522,spatial_unit,observed raw wetland area from authoritative panel
coastal-wetland-evidence-contract,1.0.0,a4cf9efdecf6735f87d398acc56604e66df26e62f1a2f1e96fafd7791aa3bcc6,2008,Ningde,HX,Salt_Marsh,4.40302766406633,spatial_unit,observed raw wetland area from authoritative panel
coastal-wetland-evidence-contract,1.0.0,a4cf9efdecf6735f87d398acc56604e66df26e62f1a2f1e96fafd7791aa3bcc6,2009,Ningde,HX,Salt_Marsh,4.39472758502987,spatial_unit,observed raw wetland area from authoritative panel
coastal-wetland-evidence-contract,1.0.0,a4cf9efdecf6735f87d398acc56604e66df26e62f1a2f1e96fafd7791aa3bcc6,2010,Ningde,HX,Salt_Marsh,4.40213945413986,spatial_unit,observed raw wetland area from authoritative panel
coastal-wetland-evidence-contract,1.0.0,a4cf9efdecf6735f87d398acc56604e66df26e62f1a2f1e96fafd7791aa3bcc6,2011,Ningde,HX,Salt_Marsh,4.61157209931449,spatial_unit,observed raw wetland area from authoritative panel
coastal-wetland-evidence-contract,1.0.0,a4cf9efdecf6735f87d398acc56604e66df26e62f1a2f1e96fafd7791aa3bcc6,2012,Ningde,HX,Salt_Marsh,5.40288469733839,spatial_unit,observed raw wetland area from authoritative panel
coastal-wetland-evidence-contract,1.0.0,a4cf9efdecf6735f87d398acc56604e66df26e62f1a2f1e96fafd7791aa3bcc6,2013,Ningde,HX,Salt_Marsh,6.33703004327512,spatial_unit,observed raw wetland area from authoritative panel
coastal-wetland-evidence-contract,1.0.0,a4cf9efdecf6735f87d398acc56604e66df26e62f1a2f1e96fafd7791aa3bcc6,2014,Ningde,HX,Salt_Marsh,6.7015918657935,spatial_unit,observed raw wetland area from authoritative panel
coastal-wetland-evidence-contract,1.0.0,a4cf9efdecf6735f87d398acc56604e66df26e62f1a2f1e96fafd7791aa3bcc6,2015,Ningde,HX,Salt_Marsh,7.1707152652497,spatial_unit,observed raw wetland area from authoritative panel
coastal-wetland-evidence-contract,1.0.0,a4cf9efdecf6735f87d398acc56604e66df26e62f1a2f1e96fafd7791aa3bcc6,2016,Ningde,HX,Salt_Marsh,7.202267702428,spatial_unit,observed raw wetland area from authoritative panel
coastal-wetland-evidence-contract,1.0.0,a4cf9efdecf6735f87d398acc56604e66df26e62f1a2f1e96fafd7791aa3bcc6,2017,Ningde,HX,Salt_Marsh,6.83406717883732,spatial_unit,observed raw wetland area from authoritative panel
coastal-wetland-evidence-contract,1.0.0,a4cf9efdecf6735f87d398acc56604e66df26e62f1a2f1e96fafd7791aa3bcc6,2018,Ningde,HX,Salt_Marsh,6.92200597544808,spatial_unit,observed raw wetland area from authoritative panel
coastal-wetland-evidence-contract,1.0.0,a4cf9efdecf6735f87d398acc56604e66df26e62f1a2f1e96fafd7791aa3bcc6,2019,Ningde,HX,Salt_Marsh,7.22349848645068,spatial_unit,observed raw wetland area from authoritative panel
coastal-wetland-evidence-contract,1.0.0,a4cf9efdecf6735f87d398acc56604e66df26e62f1a2f1e96fafd7791aa3bcc6,2020,Ningde,HX,Salt_Marsh,7.47590553434054,spatial_unit,observed raw wetland area from authoritative panel
coastal-wetland-evidence-contract,1.0.0,a4cf9efdecf6735f87d398acc56604e66df26e62f1a2f1e96fafd7791aa3bcc6,2021,Ningde,HX,Salt_Marsh,7.98795035688573,spatial_unit,observed raw wetland area from authoritative panel
coastal-wetland-evidence-contract,1.0.0,a4cf9efdecf6735f87d398acc56604e66df26e62f1a2f1e96fafd7791aa3bcc6,2022,Ningde,HX,Salt_Marsh,7.71873612439875,spatial_unit,observed raw wetland area from authoritative panel
coastal-wetland-evidence-contract,1.0.0,a4cf9efdecf6735f87d398acc56604e66df26e62f1a2f1e96fafd7791aa3bcc6,2001,Putian,HX,Salt_Marsh,1.68251662961091,spatial_unit,observed raw wetland area from authoritative panel
coastal-wetland-evidence-contract,1.0.0,a4cf9efdecf6735f87d398acc56604e66df26e62f1a2f1e96fafd7791aa3bcc6,2002,Putian,HX,Salt_Marsh,1.53930918773361,spatial_unit,observed raw wetland area from authoritative panel
coastal-wetland-evidence-contract,1.0.0,a4cf9efdecf6735f87d398acc56604e66df26e62f1a2f1e96fafd7791aa3bcc6,2003,Putian,HX,Salt_Marsh,1.54355440043275,spatial_unit,observed raw wetland area from authoritative panel
coastal-wetland-evidence-contract,1.0.0,a4cf9efdecf6735f87d398acc56604e66df26e62f1a2f1e96fafd7791aa3bcc6,2004,Putian,HX,Salt_Marsh,1.48689157037377,spatial_unit,observed raw wetland area from authoritative panel
coastal-wetland-evidence-contract,1.0.0,a4cf9efdecf6735f87d398acc56604e66df26e62f1a2f1e96fafd7791aa3bcc6,2005,Putian,HX,Salt_Marsh,1.59792681331955,spatial_unit,observed raw wetland area from authoritative panel
coastal-wetland-evidence-contract,1.0.0,a4cf9efdecf6735f87d398acc56604e66df26e62f1a2f1e96fafd7791aa3bcc6,2006,Putian,HX,Salt_Marsh,1.58134939571461,spatial_unit,observed raw wetland area from authoritative panel
coastal-wetland-evidence-contract,1.0.0,a4cf9efdecf6735f87d398acc56604e66df26e62f1a2f1e96fafd7791aa3bcc6,2007,Putian,HX,Salt_Marsh,1.55540184350107,spatial_unit,observed raw wetland area from authoritative panel
coastal-wetland-evidence-contract,1.0.0,a4cf9efdecf6735f87d398acc56604e66df26e62f1a2f1e96fafd7791aa3bcc6,2008,Putian,HX,Salt_Marsh,1.55730883922335,spatial_unit,observed raw wetland area from authoritative panel
coastal-wetland-evidence-contract,1.0.0,a4cf9efdecf6735f87d398acc56604e66df26e62f1a2f1e96fafd7791aa3bcc6,2009,Putian,HX,Salt_Marsh,1.68936173688726,spatial_unit,observed raw wetland area from authoritative panel
coastal-wetland-evidence-contract,1.0.0,a4cf9efdecf6735f87d398acc56604e66df26e62f1a2f1e96fafd7791aa3bcc6,2010,Putian,HX,Salt_Marsh,1.68640202683058,spatial_unit,observed raw wetland area from authoritative panel
coastal-wetland-evidence-contract,1.0.0,a4cf9efdecf6735f87d398acc56604e66df26e62f1a2f1e96fafd7791aa3bcc6,2011,Putian,HX,Salt_Marsh,1.55218876784237,spatial_unit,observed raw wetland area from authoritative panel
coastal-wetland-evidence-contract,1.0.0,a4cf9efdecf6735f87d398acc56604e66df26e62f1a2f1e96fafd7791aa3bcc6,2012,Putian,HX,Salt_Marsh,1.69458541950827,spatial_unit,observed raw wetland area from authoritative panel
coastal-wetland-evidence-contract,1.0.0,a4cf9efdecf6735f87d398acc56604e66df26e62f1a2f1e96fafd7791aa3bcc6,2013,Putian,HX,Salt_Marsh,1.71332689545803,spatial_unit,observed raw wetland area from authoritative panel
coastal-wetland-evidence-contract,1.0.0,a4cf9efdecf6735f87d398acc56604e66df26e62f1a2f1e96fafd7791aa3bcc6,2014,Putian,HX,Salt_Marsh,1.85022568820849,spatial_unit,observed raw wetland area from authoritative panel
coastal-wetland-evidence-contract,1.0.0,a4cf9efdecf6735f87d398acc56604e66df26e62f1a2f1e96fafd7791aa3bcc6,2015,Putian,HX,Salt_Marsh,1.85532204162837,spatial_unit,observed raw wetland area from authoritative panel
coastal-wetland-evidence-contract,1.0.0,a4cf9efdecf6735f87d398acc56604e66df26e62f1a2f1e96fafd7791aa3bcc6,2016,Putian,HX,Salt_Marsh,1.9968967673292,spatial_unit,observed raw wetland area from authoritative panel
coastal-wetland-evidence-contract,1.0.0,a4cf9efdecf6735f87d398acc56604e66df26e62f1a2f1e96fafd7791aa3bcc6,2017,Putian,HX,Salt_Marsh,1.894742560769,spatial_unit,observed raw wetland area from authoritative panel
coastal-wetland-evidence-contract,1.0.0,a4cf9efdecf6735f87d398acc56604e66df26e62f1a2f1e96fafd7791aa3bcc6,2018,Putian,HX,Salt_Marsh,2.01012329965533,spatial_unit,observed raw wetland area from authoritative panel
coastal-wetland-evidence-contract,1.0.0,a4cf9efdecf6735f87d398acc56604e66df26e62f1a2f1e96fafd7791aa3bcc6,2019,Putian,HX,Salt_Marsh,1.90596034675628,spatial_unit,observed raw wetland area from authoritative panel
coastal-wetland-evidence-contract,1.0.0,a4cf9efdecf6735f87d398acc56604e66df26e62f1a2f1e96fafd7791aa3bcc6,2020,Putian,HX,Salt_Marsh,1.89236093016621,spatial_unit,observed raw wetland area from authoritative panel
coastal-wetland-evidence-contract,1.0.0,a4cf9efdecf6735f87d398acc56604e66df26e62f1a2f1e96fafd7791aa3bcc6,2021,Putian,HX,Salt_Marsh,1.92395209808134,spatial_unit,observed raw wetland area from authoritative panel
coastal-wetland-evidence-contract,1.0.0,a4cf9efdecf6735f87d398acc56604e66df26e62f1a2f1e96fafd7791aa3bcc6,2022,Putian,HX,Salt_Marsh,1.88798159132966,spatial_unit,observed raw wetland area from authoritative panel
coastal-wetland-evidence-contract,1.0.0,a4cf9efdecf6735f87d398acc56604e66df26e62f1a2f1e96fafd7791aa3bcc6,2001,Quanzhou,HX,Salt_Marsh,0.394584146599265,spatial_unit,observed raw wetland area from authoritative panel
coastal-wetland-evidence-contract,1.0.0,a4cf9efdecf6735f87d398acc56604e66df26e62f1a2f1e96fafd7791aa3bcc6,2002,Quanzhou,HX,Salt_Marsh,0.418861178592218,spatial_unit,observed raw wetland area from authoritative panel
coastal-wetland-evidence-contract,1.0.0,a4cf9efdecf6735f87d398acc56604e66df26e62f1a2f1e96fafd7791aa3bcc6,2003,Quanzhou,HX,Salt_Marsh,0.358817727607996,spatial_unit,observed raw wetland area from authoritative panel
coastal-wetland-evidence-contract,1.0.0,a4cf9efdecf6735f87d398acc56604e66df26e62f1a2f1e96fafd7791aa3bcc6,2004,Quanzhou,HX,Salt_Marsh,0.372379119845282,spatial_unit,observed raw wetland area from authoritative panel
coastal-wetland-evidence-contract,1.0.0,a4cf9efdecf6735f87d398acc56604e66df26e62f1a2f1e96fafd7791aa3bcc6,2005,Quanzhou,HX,Salt_Marsh,0.498962895377604,spatial_unit,observed raw wetland area from authoritative panel
coastal-wetland-evidence-contract,1.0.0,a4cf9efdecf6735f87d398acc56604e66df26e62f1a2f1e96fafd7791aa3bcc6,2006,Quanzhou,HX,Salt_Marsh,0.81421191506204,spatial_unit,observed raw wetland area from authoritative panel
coastal-wetland-evidence-contract,1.0.0,a4cf9efdecf6735f87d398acc56604e66df26e62f1a2f1e96fafd7791aa3bcc6,2007,Quanzhou,HX,Salt_Marsh,0.759511428442861,spatial_unit,observed raw wetland area from authoritative panel
coastal-wetland-evidence-contract,1.0.0,a4cf9efdecf6735f87d398acc56604e66df26e62f1a2f1e96fafd7791aa3bcc6,2008,Quanzhou,HX,Salt_Marsh,0.875834096055453,spatial_unit,observed raw wetland area from authoritative panel
coastal-wetland-evidence-contract,1.0.0,a4cf9efdecf6735f87d398acc56604e66df26e62f1a2f1e96fafd7791aa3bcc6,2009,Quanzhou,HX,Salt_Marsh,0.981224927558211,spatial_unit,observed raw wetland area from authoritative panel
coastal-wetland-evidence-contract,1.0.0,a4cf9efdecf6735f87d398acc56604e66df26e62f1a2f1e96fafd7791aa3bcc6,2010,Quanzhou,HX,Salt_Marsh,1.09329077970665,spatial_unit,observed raw wetland area from authoritative panel
coastal-wetland-evidence-contract,1.0.0,a4cf9efdecf6735f87d398acc56604e66df26e62f1a2f1e96fafd7791aa3bcc6,2011,Quanzhou,HX,Salt_Marsh,1.30091757259497,spatial_unit,observed raw wetland area from authoritative panel
coastal-wetland-evidence-contract,1.0.0,a4cf9efdecf6735f87d398acc56604e66df26e62f1a2f1e96fafd7791aa3bcc6,2012,Quanzhou,HX,Salt_Marsh,1.6766615855239,spatial_unit,observed raw wetland area from authoritative panel
coastal-wetland-evidence-contract,1.0.0,a4cf9efdecf6735f87d398acc56604e66df26e62f1a2f1e96fafd7791aa3bcc6,2013,Quanzhou,HX,Salt_Marsh,1.78337791074985,spatial_unit,observed raw wetland area from authoritative panel
coastal-wetland-evidence-contract,1.0.0,a4cf9efdecf6735f87d398acc56604e66df26e62f1a2f1e96fafd7791aa3bcc6,2014,Quanzhou,HX,Salt_Marsh,1.74405506494715,spatial_unit,observed raw wetland area from authoritative panel
coastal-wetland-evidence-contract,1.0.0,a4cf9efdecf6735f87d398acc56604e66df26e62f1a2f1e96fafd7791aa3bcc6,2015,Quanzhou,HX,Salt_Marsh,2.20817272638251,spatial_unit,observed raw wetland area from authoritative panel
coastal-wetland-evidence-contract,1.0.0,a4cf9efdecf6735f87d398acc56604e66df26e62f1a2f1e96fafd7791aa3bcc6,2016,Quanzhou,HX,Salt_Marsh,2.17487808805913,spatial_unit,observed raw wetland area from authoritative panel
coastal-wetland-evidence-contract,1.0.0,a4cf9efdecf6735f87d398acc56604e66df26e62f1a2f1e96fafd7791aa3bcc6,2017,Quanzhou,HX,Salt_Marsh,2.36067858929994,spatial_unit,observed raw wetland area from authoritative panel
coastal-wetland-evidence-contract,1.0.0,a4cf9efdecf6735f87d398acc56604e66df26e62f1a2f1e96fafd7791aa3bcc6,2018,Quanzhou,HX,Salt_Marsh,2.68146559718137,spatial_unit,observed raw wetland area from authoritative panel
coastal-wetland-evidence-contract,1.0.0,a4cf9efdecf6735f87d398acc56604e66df26e62f1a2f1e96fafd7791aa3bcc6,2019,Quanzhou,HX,Salt_Marsh,2.64183182931985,spatial_unit,observed raw wetland area from authoritative panel
coastal-wetland-evidence-contract,1.0.0,a4cf9efdecf6735f87d398acc56604e66df26e62f1a2f1e96fafd7791aa3bcc6,2020,Quanzhou,HX,Salt_Marsh,2.73161673105852,spatial_unit,observed raw wetland area from authoritative panel
coastal-wetland-evidence-contract,1.0.0,a4cf9efdecf6735f87d398acc56604e66df26e62f1a2f1e96fafd7791aa3bcc6,2021,Quanzhou,HX,Salt_Marsh,3.44842025952053,spatial_unit,observed raw wetland area from authoritative panel
coastal-wetland-evidence-contract,1.0.0,a4cf9efdecf6735f87d398acc56604e66df26e62f1a2f1e96fafd7791aa3bcc6,2022,Quanzhou,HX,Salt_Marsh,3.59897823510263,spatial_unit,observed raw wetland area from authoritative panel
coastal-wetland-evidence-contract,1.0.0,a4cf9efdecf6735f87d398acc56604e66df26e62f1a2f1e96fafd7791aa3bcc6,2001,Shantou,HX,Salt_Marsh,11.7391546733571,spatial_unit,observed raw wetland area from authoritative panel
coastal-wetland-evidence-contract,1.0.0,a4cf9efdecf6735f87d398acc56604e66df26e62f1a2f1e96fafd7791aa3bcc6,2002,Shantou,HX,Salt_Marsh,11.8371289311083,spatial_unit,observed raw wetland area from authoritative panel
coastal-wetland-evidence-contract,1.0.0,a4cf9efdecf6735f87d398acc56604e66df26e62f1a2f1e96fafd7791aa3bcc6,2003,Shantou,HX,Salt_Marsh,12.0039150741881,spatial_unit,observed raw wetland area from authoritative panel
coastal-wetland-evidence-contract,1.0.0,a4cf9efdecf6735f87d398acc56604e66df26e62f1a2f1e96fafd7791aa3bcc6,2004,Shantou,HX,Salt_Marsh,11.7736177089538,spatial_unit,observed raw wetland area from authoritative panel
coastal-wetland-evidence-contract,1.0.0,a4cf9efdecf6735f87d398acc56604e66df26e62f1a2f1e96fafd7791aa3bcc6,2005,Shantou,HX,Salt_Marsh,11.754062065782,spatial_unit,observed raw wetland area from authoritative panel
coastal-wetland-evidence-contract,1.0.0,a4cf9efdecf6735f87d398acc56604e66df26e62f1a2f1e96fafd7791aa3bcc6,2006,Shantou,HX,Salt_Marsh,11.2823007165977,spatial_unit,observed raw wetland area from authoritative panel
coastal-wetland-evidence-contract,1.0.0,a4cf9efdecf6735f87d398acc56604e66df26e62f1a2f1e96fafd7791aa3bcc6,2007,Shantou,HX,Salt_Marsh,11.6283673845971,spatial_unit,observed raw wetland area from authoritative panel
coastal-wetland-evidence-contract,1.0.0,a4cf9efdecf6735f87d398acc56604e66df26e62f1a2f1e96fafd7791aa3bcc6,2008,Shantou,HX,Salt_Marsh,13.4141782032246,spatial_unit,observed raw wetland area from authoritative panel
coastal-wetland-evidence-contract,1.0.0,a4cf9efdecf6735f87d398acc56604e66df26e62f1a2f1e96fafd7791aa3bcc6,2009,Shantou,HX,Salt_Marsh,13.6126270615885,spatial_unit,observed raw wetland area from authoritative panel
coastal-wetland-evidence-contract,1.0.0,a4cf9efdecf6735f87d398acc56604e66df26e62f1a2f1e96fafd7791aa3bcc6,2010,Shantou,HX,Salt_Marsh,14.4602165752183,spatial_unit,observed raw wetland area from authoritative panel
coastal-wetland-evidence-contract,1.0.0,a4cf9efdecf6735f87d398acc56604e66df26e62f1a2f1e96fafd7791aa3bcc6,2011,Shantou,HX,Salt_Marsh,13.2669052777535,spatial_unit,observed raw wetland area from authoritative panel
coastal-wetland-evidence-contract,1.0.0,a4cf9efdecf6735f87d398acc56604e66df26e62f1a2f1e96fafd7791aa3bcc6,2012,Shantou,HX,Salt_Marsh,13.6290484211474,spatial_unit,observed raw wetland area from authoritative panel
coastal-wetland-evidence-contract,1.0.0,a4cf9efdecf6735f87d398acc56604e66df26e62f1a2f1e96fafd7791aa3bcc6,2013,Shantou,HX,Salt_Marsh,14.5962312299594,spatial_unit,observed raw wetland area from authoritative panel
coastal-wetland-evidence-contract,1.0.0,a4cf9efdecf6735f87d398acc56604e66df26e62f1a2f1e96fafd7791aa3bcc6,2014,Shantou,HX,Salt_Marsh,15.8072905128753,spatial_unit,observed raw wetland area from authoritative panel
coastal-wetland-evidence-contract,1.0.0,a4cf9efdecf6735f87d398acc56604e66df26e62f1a2f1e96fafd7791aa3bcc6,2015,Shantou,HX,Salt_Marsh,15.6818871095474,spatial_unit,observed raw wetland area from authoritative panel
coastal-wetland-evidence-contract,1.0.0,a4cf9efdecf6735f87d398acc56604e66df26e62f1a2f1e96fafd7791aa3bcc6,2016,Shantou,HX,Salt_Marsh,15.3595150173139,spatial_unit,observed raw wetland area from authoritative panel
coastal-wetland-evidence-contract,1.0.0,a4cf9efdecf6735f87d398acc56604e66df26e62f1a2f1e96fafd7791aa3bcc6,2017,Shantou,HX,Salt_Marsh,14.3430668556526,spatial_unit,observed raw wetland area from authoritative panel
coastal-wetland-evidence-contract,1.0.0,a4cf9efdecf6735f87d398acc56604e66df26e62f1a2f1e96fafd7791aa3bcc6,2018,Shantou,HX,Salt_Marsh,13.8077260201517,spatial_unit,observed raw wetland area from authoritative panel
coastal-wetland-evidence-contract,1.0.0,a4cf9efdecf6735f87d398acc56604e66df26e62f1a2f1e96fafd7791aa3bcc6,2019,Shantou,HX,Salt_Marsh,12.0326010946193,spatial_unit,observed raw wetland area from authoritative panel
coastal-wetland-evidence-contract,1.0.0,a4cf9efdecf6735f87d398acc56604e66df26e62f1a2f1e96fafd7791aa3bcc6,2020,Shantou,HX,Salt_Marsh,9.47677204926854,spatial_unit,observed raw wetland area from authoritative panel
coastal-wetland-evidence-contract,1.0.0,a4cf9efdecf6735f87d398acc56604e66df26e62f1a2f1e96fafd7791aa3bcc6,2021,Shantou,HX,Salt_Marsh,9.52726497260647,spatial_unit,observed raw wetland area from authoritative panel
coastal-wetland-evidence-contract,1.0.0,a4cf9efdecf6735f87d398acc56604e66df26e62f1a2f1e96fafd7791aa3bcc6,2022,Shantou,HX,Salt_Marsh,9.6848590211895,spatial_unit,observed raw wetland area from authoritative panel
coastal-wetland-evidence-contract,1.0.0,a4cf9efdecf6735f87d398acc56604e66df26e62f1a2f1e96fafd7791aa3bcc6,2001,Xiamen,HX,Salt_Marsh,0.178565625742953,spatial_unit,observed raw wetland area from authoritative panel
coastal-wetland-evidence-contract,1.0.0,a4cf9efdecf6735f87d398acc56604e66df26e62f1a2f1e96fafd7791aa3bcc6,2002,Xiamen,HX,Salt_Marsh,0.233618772947304,spatial_unit,observed raw wetland area from authoritative panel
coastal-wetland-evidence-contract,1.0.0,a4cf9efdecf6735f87d398acc56604e66df26e62f1a2f1e96fafd7791aa3bcc6,2003,Xiamen,HX,Salt_Marsh,0.375915161086857,spatial_unit,observed raw wetland area from authoritative panel
coastal-wetland-evidence-contract,1.0.0,a4cf9efdecf6735f87d398acc56604e66df26e62f1a2f1e96fafd7791aa3bcc6,2004,Xiamen,HX,Salt_Marsh,0.335366130867034,spatial_unit,observed raw wetland area from authoritative panel
coastal-wetland-evidence-contract,1.0.0,a4cf9efdecf6735f87d398acc56604e66df26e62f1a2f1e96fafd7791aa3bcc6,2005,Xiamen,HX,Salt_Marsh,0.395898373525582,spatial_unit,observed raw wetland area from authoritative panel
coastal-wetland-evidence-contract,1.0.0,a4cf9efdecf6735f87d398acc56604e66df26e62f1a2f1e96fafd7791aa3bcc6,2006,Xiamen,HX,Salt_Marsh,0.600897621300552,spatial_unit,observed raw wetland area from authoritative panel
coastal-wetland-evidence-contract,1.0.0,a4cf9efdecf6735f87d398acc56604e66df26e62f1a2f1e96fafd7791aa3bcc6,2007,Xiamen,HX,Salt_Marsh,0.554522180277267,spatial_unit,observed raw wetland area from authoritative panel
coastal-wetland-evidence-contract,1.0.0,a4cf9efdecf6735f87d398acc56604e66df26e62f1a2f1e96fafd7791aa3bcc6,2008,Xiamen,HX,Salt_Marsh,0.521169549793198,spatial_unit,observed raw wetland area from authoritative panel
coastal-wetland-evidence-contract,1.0.0,a4cf9efdecf6735f87d398acc56604e66df26e62f1a2f1e96fafd7791aa3bcc6,2009,Xiamen,HX,Salt_Marsh,0.443367435320925,spatial_unit,observed raw wetland area from authoritative panel
coastal-wetland-evidence-contract,1.0.0,a4cf9efdecf6735f87d398acc56604e66df26e62f1a2f1e96fafd7791aa3bcc6,2010,Xiamen,HX,Salt_Marsh,0.545207124682138,spatial_unit,observed raw wetland area from authoritative panel
coastal-wetland-evidence-contract,1.0.0,a4cf9efdecf6735f87d398acc56604e66df26e62f1a2f1e96fafd7791aa3bcc6,2011,Xiamen,HX,Salt_Marsh,0.597440932686121,spatial_unit,observed raw wetland area from authoritative panel
coastal-wetland-evidence-contract,1.0.0,a4cf9efdecf6735f87d398acc56604e66df26e62f1a2f1e96fafd7791aa3bcc6,2012,Xiamen,HX,Salt_Marsh,0.936348490594362,spatial_unit,observed raw wetland area from authoritative panel
coastal-wetland-evidence-contract,1.0.0,a4cf9efdecf6735f87d398acc56604e66df26e62f1a2f1e96fafd7791aa3bcc6,2013,Xiamen,HX,Salt_Marsh,1.02093979245558,spatial_unit,observed raw wetland area from authoritative panel
coastal-wetland-evidence-contract,1.0.0,a4cf9efdecf6735f87d398acc56604e66df26e62f1a2f1e96fafd7791aa3bcc6,2014,Xiamen,HX,Salt_Marsh,1.03657376845895,spatial_unit,observed raw wetland area from authoritative panel
coastal-wetland-evidence-contract,1.0.0,a4cf9efdecf6735f87d398acc56604e66df26e62f1a2f1e96fafd7791aa3bcc6,2015,Xiamen,HX,Salt_Marsh,1.38803662355239,spatial_unit,observed raw wetland area from authoritative panel
coastal-wetland-evidence-contract,1.0.0,a4cf9efdecf6735f87d398acc56604e66df26e62f1a2f1e96fafd7791aa3bcc6,2016,Xiamen,HX,Salt_Marsh,1.51317421647518,spatial_unit,observed raw wetland area from authoritative panel
coastal-wetland-evidence-contract,1.0.0,a4cf9efdecf6735f87d398acc56604e66df26e62f1a2f1e96fafd7791aa3bcc6,2017,Xiamen,HX,Salt_Marsh,1.49183377352175,spatial_unit,observed raw wetland area from authoritative panel
coastal-wetland-evidence-contract,1.0.0,a4cf9efdecf6735f87d398acc56604e66df26e62f1a2f1e96fafd7791aa3bcc6,2018,Xiamen,HX,Salt_Marsh,1.88611299335171,spatial_unit,observed raw wetland area from authoritative panel
coastal-wetland-evidence-contract,1.0.0,a4cf9efdecf6735f87d398acc56604e66df26e62f1a2f1e96fafd7791aa3bcc6,2019,Xiamen,HX,Salt_Marsh,1.59326162383195,spatial_unit,observed raw wetland area from authoritative panel
coastal-wetland-evidence-contract,1.0.0,a4cf9efdecf6735f87d398acc56604e66df26e62f1a2f1e96fafd7791aa3bcc6,2020,Xiamen,HX,Salt_Marsh,1.41079932501532,spatial_unit,observed raw wetland area from authoritative panel
coastal-wetland-evidence-contract,1.0.0,a4cf9efdecf6735f87d398acc56604e66df26e62f1a2f1e96fafd7791aa3bcc6,2021,Xiamen,HX,Salt_Marsh,1.57687200008808,spatial_unit,observed raw wetland area from authoritative panel
coastal-wetland-evidence-contract,1.0.0,a4cf9efdecf6735f87d398acc56604e66df26e62f1a2f1e96fafd7791aa3bcc6,2022,Xiamen,HX,Salt_Marsh,1.71613706940104,spatial_unit,observed raw wetland area from authoritative panel
coastal-wetland-evidence-contract,1.0.0,a4cf9efdecf6735f87d398acc56604e66df26e62f1a2f1e96fafd7791aa3bcc6,2001,Zhangzhou,HX,Salt_Marsh,16.0264940556142,spatial_unit,observed raw wetland area from authoritative panel
coastal-wetland-evidence-contract,1.0.0,a4cf9efdecf6735f87d398acc56604e66df26e62f1a2f1e96fafd7791aa3bcc6,2002,Zhangzhou,HX,Salt_Marsh,15.7405833678883,spatial_unit,observed raw wetland area from authoritative panel
coastal-wetland-evidence-contract,1.0.0,a4cf9efdecf6735f87d398acc56604e66df26e62f1a2f1e96fafd7791aa3bcc6,2003,Zhangzhou,HX,Salt_Marsh,15.8846572260723,spatial_unit,observed raw wetland area from authoritative panel
coastal-wetland-evidence-contract,1.0.0,a4cf9efdecf6735f87d398acc56604e66df26e62f1a2f1e96fafd7791aa3bcc6,2004,Zhangzhou,HX,Salt_Marsh,15.5921967963618,spatial_unit,observed raw wetland area from authoritative panel
coastal-wetland-evidence-contract,1.0.0,a4cf9efdecf6735f87d398acc56604e66df26e62f1a2f1e96fafd7791aa3bcc6,2005,Zhangzhou,HX,Salt_Marsh,16.1230037483379,spatial_unit,observed raw wetland area from authoritative panel
coastal-wetland-evidence-contract,1.0.0,a4cf9efdecf6735f87d398acc56604e66df26e62f1a2f1e96fafd7791aa3bcc6,2006,Zhangzhou,HX,Salt_Marsh,16.1268273723499,spatial_unit,observed raw wetland area from authoritative panel
coastal-wetland-evidence-contract,1.0.0,a4cf9efdecf6735f87d398acc56604e66df26e62f1a2f1e96fafd7791aa3bcc6,2007,Zhangzhou,HX,Salt_Marsh,16.3346064955308,spatial_unit,observed raw wetland area from authoritative panel
coastal-wetland-evidence-contract,1.0.0,a4cf9efdecf6735f87d398acc56604e66df26e62f1a2f1e96fafd7791aa3bcc6,2008,Zhangzhou,HX,Salt_Marsh,17.0510097360256,spatial_unit,observed raw wetland area from authoritative panel
coastal-wetland-evidence-contract,1.0.0,a4cf9efdecf6735f87d398acc56604e66df26e62f1a2f1e96fafd7791aa3bcc6,2009,Zhangzhou,HX,Salt_Marsh,16.8335428208793,spatial_unit,observed raw wetland area from authoritative panel
coastal-wetland-evidence-contract,1.0.0,a4cf9efdecf6735f87d398acc56604e66df26e62f1a2f1e96fafd7791aa3bcc6,2010,Zhangzhou,HX,Salt_Marsh,16.7020496319355,spatial_unit,observed raw wetland area from authoritative panel
coastal-wetland-evidence-contract,1.0.0,a4cf9efdecf6735f87d398acc56604e66df26e62f1a2f1e96fafd7791aa3bcc6,2011,Zhangzhou,HX,Salt_Marsh,16.4186284340457,spatial_unit,observed raw wetland area from authoritative panel
coastal-wetland-evidence-contract,1.0.0,a4cf9efdecf6735f87d398acc56604e66df26e62f1a2f1e96fafd7791aa3bcc6,2012,Zhangzhou,HX,Salt_Marsh,19.1130471098729,spatial_unit,observed raw wetland area from authoritative panel
coastal-wetland-evidence-contract,1.0.0,a4cf9efdecf6735f87d398acc56604e66df26e62f1a2f1e96fafd7791aa3bcc6,2013,Zhangzhou,HX,Salt_Marsh,20.8423621761144,spatial_unit,observed raw wetland area from authoritative panel
coastal-wetland-evidence-contract,1.0.0,a4cf9efdecf6735f87d398acc56604e66df26e62f1a2f1e96fafd7791aa3bcc6,2014,Zhangzhou,HX,Salt_Marsh,20.6691804015089,spatial_unit,observed raw wetland area from authoritative panel
coastal-wetland-evidence-contract,1.0.0,a4cf9efdecf6735f87d398acc56604e66df26e62f1a2f1e96fafd7791aa3bcc6,2015,Zhangzhou,HX,Salt_Marsh,20.7280879306373,spatial_unit,observed raw wetland area from authoritative panel
coastal-wetland-evidence-contract,1.0.0,a4cf9efdecf6735f87d398acc56604e66df26e62f1a2f1e96fafd7791aa3bcc6,2016,Zhangzhou,HX,Salt_Marsh,20.5007026710249,spatial_unit,observed raw wetland area from authoritative panel
coastal-wetland-evidence-contract,1.0.0,a4cf9efdecf6735f87d398acc56604e66df26e62f1a2f1e96fafd7791aa3bcc6,2017,Zhangzhou,HX,Salt_Marsh,21.2340175778493,spatial_unit,observed raw wetland area from authoritative panel
coastal-wetland-evidence-contract,1.0.0,a4cf9efdecf6735f87d398acc56604e66df26e62f1a2f1e96fafd7791aa3bcc6,2018,Zhangzhou,HX,Salt_Marsh,22.7766711313035,spatial_unit,observed raw wetland area from authoritative panel
coastal-wetland-evidence-contract,1.0.0,a4cf9efdecf6735f87d398acc56604e66df26e62f1a2f1e96fafd7791aa3bcc6,2019,Zhangzhou,HX,Salt_Marsh,23.1072417650658,spatial_unit,observed raw wetland area from authoritative panel
coastal-wetland-evidence-contract,1.0.0,a4cf9efdecf6735f87d398acc56604e66df26e62f1a2f1e96fafd7791aa3bcc6,2020,Zhangzhou,HX,Salt_Marsh,22.3168643607498,spatial_unit,observed raw wetland area from authoritative panel
coastal-wetland-evidence-contract,1.0.0,a4cf9efdecf6735f87d398acc56604e66df26e62f1a2f1e96fafd7791aa3bcc6,2021,Zhangzhou,HX,Salt_Marsh,22.5303027332337,spatial_unit,observed raw wetland area from authoritative panel
coastal-wetland-evidence-contract,1.0.0,a4cf9efdecf6735f87d398acc56604e66df26e62f1a2f1e96fafd7791aa3bcc6,2022,Zhangzhou,HX,Salt_Marsh,22.9329438145527,spatial_unit,observed raw wetland area from authoritative panel
coastal-wetland-evidence-contract,1.0.0,a4cf9efdecf6735f87d398acc56604e66df26e62f1a2f1e96fafd7791aa3bcc6,2001,Dongguan,PRD,Salt_Marsh,1.11566614672564,spatial_unit,observed raw wetland area from authoritative panel
coastal-wetland-evidence-contract,1.0.0,a4cf9efdecf6735f87d398acc56604e66df26e62f1a2f1e96fafd7791aa3bcc6,2002,Dongguan,PRD,Salt_Marsh,1.04261062221201,spatial_unit,observed raw wetland area from authoritative panel
coastal-wetland-evidence-contract,1.0.0,a4cf9efdecf6735f87d398acc56604e66df26e62f1a2f1e96fafd7791aa3bcc6,2003,Dongguan,PRD,Salt_Marsh,0.992800309286918,spatial_unit,observed raw wetland area from authoritative panel
coastal-wetland-evidence-contract,1.0.0,a4cf9efdecf6735f87d398acc56604e66df26e62f1a2f1e96fafd7791aa3bcc6,2004,Dongguan,PRD,Salt_Marsh,0.960850021132046,spatial_unit,observed raw wetland area from authoritative panel
coastal-wetland-evidence-contract,1.0.0,a4cf9efdecf6735f87d398acc56604e66df26e62f1a2f1e96fafd7791aa3bcc6,2005,Dongguan,PRD,Salt_Marsh,0.941647895431219,spatial_unit,observed raw wetland area from authoritative panel
coastal-wetland-evidence-contract,1.0.0,a4cf9efdecf6735f87d398acc56604e66df26e62f1a2f1e96fafd7791aa3bcc6,2006,Dongguan,PRD,Salt_Marsh,0.919330020879289,spatial_unit,observed raw wetland area from authoritative panel
coastal-wetland-evidence-contract,1.0.0,a4cf9efdecf6735f87d398acc56604e66df26e62f1a2f1e96fafd7791aa3bcc6,2007,Dongguan,PRD,Salt_Marsh,0.894887260631128,spatial_unit,observed raw wetland area from authoritative panel
coastal-wetland-evidence-contract,1.0.0,a4cf9efdecf6735f87d398acc56604e66df26e62f1a2f1e96fafd7791aa3bcc6,2008,Dongguan,PRD,Salt_Marsh,0.850679691088388,spatial_unit,observed raw wetland area from authoritative panel
coastal-wetland-evidence-contract,1.0.0,a4cf9efdecf6735f87d398acc56604e66df26e62f1a2f1e96fafd7791aa3bcc6,2009,Dongguan,PRD,Salt_Marsh,0.969774515770527,spatial_unit,observed raw wetland area from authoritative panel
coastal-wetland-evidence-contract,1.0.0,a4cf9efdecf6735f87d398acc56604e66df26e62f1a2f1e96fafd7791aa3bcc6,2010,Dongguan,PRD,Salt_Marsh,0.92256148604856,spatial_unit,observed raw wetland area from authoritative panel
coastal-wetland-evidence-contract,1.0.0,a4cf9efdecf6735f87d398acc56604e66df26e62f1a2f1e96fafd7791aa3bcc6,2011,Dongguan,PRD,Salt_Marsh,1.00152500946308,spatial_unit,observed raw wetland area from authoritative panel
coastal-wetland-evidence-contract,1.0.0,a4cf9efdecf6735f87d398acc56604e66df26e62f1a2f1e96fafd7791aa3bcc6,2012,Dongguan,PRD,Salt_Marsh,0.879369783329504,spatial_unit,observed raw wetland area from authoritative panel
coastal-wetland-evidence-contract,1.0.0,a4cf9efdecf6735f87d398acc56604e66df26e62f1a2f1e96fafd7791aa3bcc6,2013,Dongguan,PRD,Salt_Marsh,0.993980638587623,spatial_unit,observed raw wetland area from authoritative panel
coastal-wetland-evidence-contract,1.0.0,a4cf9efdecf6735f87d398acc56604e66df26e62f1a2f1e96fafd7791aa3bcc6,2014,Dongguan,PRD,Salt_Marsh,1.09274894792816,spatial_unit,observed raw wetland area from authoritative panel
coastal-wetland-evidence-contract,1.0.0,a4cf9efdecf6735f87d398acc56604e66df26e62f1a2f1e96fafd7791aa3bcc6,2015,Dongguan,PRD,Salt_Marsh,1.04372183782552,spatial_unit,observed raw wetland area from authoritative panel
coastal-wetland-evidence-contract,1.0.0,a4cf9efdecf6735f87d398acc56604e66df26e62f1a2f1e96fafd7791aa3bcc6,2016,Dongguan,PRD,Salt_Marsh,0.830249764652267,spatial_unit,observed raw wetland area from authoritative panel
coastal-wetland-evidence-contract,1.0.0,a4cf9efdecf6735f87d398acc56604e66df26e62f1a2f1e96fafd7791aa3bcc6,2017,Dongguan,PRD,Salt_Marsh,0.888563169209559,spatial_unit,observed raw wetland area from authoritative panel
coastal-wetland-evidence-contract,1.0.0,a4cf9efdecf6735f87d398acc56604e66df26e62f1a2f1e96fafd7791aa3bcc6,2018,Dongguan,PRD,Salt_Marsh,1.03426814661841,spatial_unit,observed raw wetland area from authoritative panel
coastal-wetland-evidence-contract,1.0.0,a4cf9efdecf6735f87d398acc56604e66df26e62f1a2f1e96fafd7791aa3bcc6,2019,Dongguan,PRD,Salt_Marsh,1.13902117540211,spatial_unit,observed raw wetland area from authoritative panel
coastal-wetland-evidence-contract,1.0.0,a4cf9efdecf6735f87d398acc56604e66df26e62f1a2f1e96fafd7791aa3bcc6,2020,Dongguan,PRD,Salt_Marsh,1.22568189790518,spatial_unit,observed raw wetland area from authoritative panel
coastal-wetland-evidence-contract,1.0.0,a4cf9efdecf6735f87d398acc56604e66df26e62f1a2f1e96fafd7791aa3bcc6,2021,Dongguan,PRD,Salt_Marsh,1.3251892824257,spatial_unit,observed raw wetland area from authoritative panel
coastal-wetland-evidence-contract,1.0.0,a4cf9efdecf6735f87d398acc56604e66df26e62f1a2f1e96fafd7791aa3bcc6,2022,Dongguan,PRD,Salt_Marsh,1.35633649070159,spatial_unit,observed raw wetland area from authoritative panel
coastal-wetland-evidence-contract,1.0.0,a4cf9efdecf6735f87d398acc56604e66df26e62f1a2f1e96fafd7791aa3bcc6,2001,Guangzhou,PRD,Salt_Marsh,2.92227913304228,spatial_unit,observed raw wetland area from authoritative panel
coastal-wetland-evidence-contract,1.0.0,a4cf9efdecf6735f87d398acc56604e66df26e62f1a2f1e96fafd7791aa3bcc6,2002,Guangzhou,PRD,Salt_Marsh,2.83303260485217,spatial_unit,observed raw wetland area from authoritative panel
coastal-wetland-evidence-contract,1.0.0,a4cf9efdecf6735f87d398acc56604e66df26e62f1a2f1e96fafd7791aa3bcc6,2003,Guangzhou,PRD,Salt_Marsh,2.83790423496094,spatial_unit,observed raw wetland area from authoritative panel
coastal-wetland-evidence-contract,1.0.0,a4cf9efdecf6735f87d398acc56604e66df26e62f1a2f1e96fafd7791aa3bcc6,2004,Guangzhou,PRD,Salt_Marsh,2.81004497131587,spatial_unit,observed raw wetland area from authoritative panel
coastal-wetland-evidence-contract,1.0.0,a4cf9efdecf6735f87d398acc56604e66df26e62f1a2f1e96fafd7791aa3bcc6,2005,Guangzhou,PRD,Salt_Marsh,2.71065313370864,spatial_unit,observed raw wetland area from authoritative panel
coastal-wetland-evidence-contract,1.0.0,a4cf9efdecf6735f87d398acc56604e66df26e62f1a2f1e96fafd7791aa3bcc6,2006,Guangzhou,PRD,Salt_Marsh,2.61716959705882,spatial_unit,observed raw wetland area from authoritative panel
coastal-wetland-evidence-contract,1.0.0,a4cf9efdecf6735f87d398acc56604e66df26e62f1a2f1e96fafd7791aa3bcc6,2007,Guangzhou,PRD,Salt_Marsh,2.57283142185585,spatial_unit,observed raw wetland area from authoritative panel
coastal-wetland-evidence-contract,1.0.0,a4cf9efdecf6735f87d398acc56604e66df26e62f1a2f1e96fafd7791aa3bcc6,2008,Guangzhou,PRD,Salt_Marsh,2.55701798387714,spatial_unit,observed raw wetland area from authoritative panel
coastal-wetland-evidence-contract,1.0.0,a4cf9efdecf6735f87d398acc56604e66df26e62f1a2f1e96fafd7791aa3bcc6,2009,Guangzhou,PRD,Salt_Marsh,2.56007167275965,spatial_unit,observed raw wetland area from authoritative panel
coastal-wetland-evidence-contract,1.0.0,a4cf9efdecf6735f87d398acc56604e66df26e62f1a2f1e96fafd7791aa3bcc6,2010,Guangzhou,PRD,Salt_Marsh,2.63492939075904,spatial_unit,observed raw wetland area from authoritative panel
coastal-wetland-evidence-contract,1.0.0,a4cf9efdecf6735f87d398acc56604e66df26e62f1a2f1e96fafd7791aa3bcc6,2011,Guangzhou,PRD,Salt_Marsh,2.56195134775582,spatial_unit,observed raw wetland area from authoritative panel
coastal-wetland-evidence-contract,1.0.0,a4cf9efdecf6735f87d398acc56604e66df26e62f1a2f1e96fafd7791aa3bcc6,2012,Guangzhou,PRD,Salt_Marsh,2.69504415615426,spatial_unit,observed raw wetland area from authoritative panel
coastal-wetland-evidence-contract,1.0.0,a4cf9efdecf6735f87d398acc56604e66df26e62f1a2f1e96fafd7791aa3bcc6,2013,Guangzhou,PRD,Salt_Marsh,2.69166304191176,spatial_unit,observed raw wetland area from authoritative panel
coastal-wetland-evidence-contract,1.0.0,a4cf9efdecf6735f87d398acc56604e66df26e62f1a2f1e96fafd7791aa3bcc6,2014,Guangzhou,PRD,Salt_Marsh,2.87277794826134,spatial_unit,observed raw wetland area from authoritative panel
coastal-wetland-evidence-contract,1.0.0,a4cf9efdecf6735f87d398acc56604e66df26e62f1a2f1e96fafd7791aa3bcc6,2015,Guangzhou,PRD,Salt_Marsh,2.9244567838848,spatial_unit,observed raw wetland area from authoritative panel
coastal-wetland-evidence-contract,1.0.0,a4cf9efdecf6735f87d398acc56604e66df26e62f1a2f1e96fafd7791aa3bcc6,2016,Guangzhou,PRD,Salt_Marsh,2.90072817841605,spatial_unit,observed raw wetland area from authoritative panel
coastal-wetland-evidence-contract,1.0.0,a4cf9efdecf6735f87d398acc56604e66df26e62f1a2f1e96fafd7791aa3bcc6,2017,Guangzhou,PRD,Salt_Marsh,2.8016378913488,spatial_unit,observed raw wetland area from authoritative panel
coastal-wetland-evidence-contract,1.0.0,a4cf9efdecf6735f87d398acc56604e66df26e62f1a2f1e96fafd7791aa3bcc6,2018,Guangzhou,PRD,Salt_Marsh,3.15979225254672,spatial_unit,observed raw wetland area from authoritative panel
coastal-wetland-evidence-contract,1.0.0,a4cf9efdecf6735f87d398acc56604e66df26e62f1a2f1e96fafd7791aa3bcc6,2019,Guangzhou,PRD,Salt_Marsh,3.16626548927313,spatial_unit,observed raw wetland area from authoritative panel
coastal-wetland-evidence-contract,1.0.0,a4cf9efdecf6735f87d398acc56604e66df26e62f1a2f1e96fafd7791aa3bcc6,2020,Guangzhou,PRD,Salt_Marsh,3.34298667502681,spatial_unit,observed raw wetland area from authoritative panel
coastal-wetland-evidence-contract,1.0.0,a4cf9efdecf6735f87d398acc56604e66df26e62f1a2f1e96fafd7791aa3bcc6,2021,Guangzhou,PRD,Salt_Marsh,3.35994181014476,spatial_unit,observed raw wetland area from authoritative panel
coastal-wetland-evidence-contract,1.0.0,a4cf9efdecf6735f87d398acc56604e66df26e62f1a2f1e96fafd7791aa3bcc6,2022,Guangzhou,PRD,Salt_Marsh,3.40199635186121,spatial_unit,observed raw wetland area from authoritative panel
coastal-wetland-evidence-contract,1.0.0,a4cf9efdecf6735f87d398acc56604e66df26e62f1a2f1e96fafd7791aa3bcc6,2001,Hong_Kong,PRD,Salt_Marsh,0.330753288756127,spatial_unit,observed raw wetland area from authoritative panel
coastal-wetland-evidence-contract,1.0.0,a4cf9efdecf6735f87d398acc56604e66df26e62f1a2f1e96fafd7791aa3bcc6,2002,Hong_Kong,PRD,Salt_Marsh,0.371783490058211,spatial_unit,observed raw wetland area from authoritative panel
coastal-wetland-evidence-contract,1.0.0,a4cf9efdecf6735f87d398acc56604e66df26e62f1a2f1e96fafd7791aa3bcc6,2003,Hong_Kong,PRD,Salt_Marsh,0.418112546557138,spatial_unit,observed raw wetland area from authoritative panel
coastal-wetland-evidence-contract,1.0.0,a4cf9efdecf6735f87d398acc56604e66df26e62f1a2f1e96fafd7791aa3bcc6,2004,Hong_Kong,PRD,Salt_Marsh,0.433961809114583,spatial_unit,observed raw wetland area from authoritative panel
coastal-wetland-evidence-contract,1.0.0,a4cf9efdecf6735f87d398acc56604e66df26e62f1a2f1e96fafd7791aa3bcc6,2005,Hong_Kong,PRD,Salt_Marsh,0.450130045320159,spatial_unit,observed raw wetland area from authoritative panel
coastal-wetland-evidence-contract,1.0.0,a4cf9efdecf6735f87d398acc56604e66df26e62f1a2f1e96fafd7791aa3bcc6,2006,Hong_Kong,PRD,Salt_Marsh,0.457864064928002,spatial_unit,observed raw wetland area from authoritative panel
coastal-wetland-evidence-contract,1.0.0,a4cf9efdecf6735f87d398acc56604e66df26e62f1a2f1e96fafd7791aa3bcc6,2007,Hong_Kong,PRD,Salt_Marsh,0.504337471545649,spatial_unit,observed raw wetland area from authoritative panel
coastal-wetland-evidence-contract,1.0.0,a4cf9efdecf6735f87d398acc56604e66df26e62f1a2f1e96fafd7791aa3bcc6,2008,Hong_Kong,PRD,Salt_Marsh,0.557663323303462,spatial_unit,observed raw wetland area from authoritative panel
coastal-wetland-evidence-contract,1.0.0,a4cf9efdecf6735f87d398acc56604e66df26e62f1a2f1e96fafd7791aa3bcc6,2009,Hong_Kong,PRD,Salt_Marsh,0.54796257879519,spatial_unit,observed raw wetland area from authoritative panel
coastal-wetland-evidence-contract,1.0.0,a4cf9efdecf6735f87d398acc56604e66df26e62f1a2f1e96fafd7791aa3bcc6,2010,Hong_Kong,PRD,Salt_Marsh,0.548467047912837,spatial_unit,observed raw wetland area from authoritative panel
coastal-wetland-evidence-contract,1.0.0,a4cf9efdecf6735f87d398acc56604e66df26e62f1a2f1e96fafd7791aa3bcc6,2011,Hong_Kong,PRD,Salt_Marsh,0.520392066099877,spatial_unit,observed raw wetland area from authoritative panel
coastal-wetland-evidence-contract,1.0.0,a4cf9efdecf6735f87d398acc56604e66df26e62f1a2f1e96fafd7791aa3bcc6,2012,Hong_Kong,PRD,Salt_Marsh,0.53650754442019,spatial_unit,observed raw wetland area from authoritative panel
coastal-wetland-evidence-contract,1.0.0,a4cf9efdecf6735f87d398acc56604e66df26e62f1a2f1e96fafd7791aa3bcc6,2013,Hong_Kong,PRD,Salt_Marsh,0.542781920301011,spatial_unit,observed raw wetland area from authoritative panel
coastal-wetland-evidence-contract,1.0.0,a4cf9efdecf6735f87d398acc56604e66df26e62f1a2f1e96fafd7791aa3bcc6,2014,Hong_Kong,PRD,Salt_Marsh,0.543032974896599,spatial_unit,observed raw wetland area from authoritative panel
coastal-wetland-evidence-contract,1.0.0,a4cf9efdecf6735f87d398acc56604e66df26e62f1a2f1e96fafd7791aa3bcc6,2015,Hong_Kong,PRD,Salt_Marsh,0.589014524701287,spatial_unit,observed raw wetland area from authoritative panel
coastal-wetland-evidence-contract,1.0.0,a4cf9efdecf6735f87d398acc56604e66df26e62f1a2f1e96fafd7791aa3bcc6,2016,Hong_Kong,PRD,Salt_Marsh,0.592510425038297,spatial_unit,observed raw wetland area from authoritative panel
coastal-wetland-evidence-contract,1.0.0,a4cf9efdecf6735f87d398acc56604e66df26e62f1a2f1e96fafd7791aa3bcc6,2017,Hong_Kong,PRD,Salt_Marsh,0.540101961734069,spatial_unit,observed raw wetland area from authoritative panel
coastal-wetland-evidence-contract,1.0.0,a4cf9efdecf6735f87d398acc56604e66df26e62f1a2f1e96fafd7791aa3bcc6,2018,Hong_Kong,PRD,Salt_Marsh,0.542068042103247,spatial_unit,observed raw wetland area from authoritative panel
coastal-wetland-evidence-contract,1.0.0,a4cf9efdecf6735f87d398acc56604e66df26e62f1a2f1e96fafd7791aa3bcc6,2019,Hong_Kong,PRD,Salt_Marsh,0.521714373843444,spatial_unit,observed raw wetland area from authoritative panel
coastal-wetland-evidence-contract,1.0.0,a4cf9efdecf6735f87d398acc56604e66df26e62f1a2f1e96fafd7791aa3bcc6,2020,Hong_Kong,PRD,Salt_Marsh,0.548796091524969,spatial_unit,observed raw wetland area from authoritative panel
coastal-wetland-evidence-contract,1.0.0,a4cf9efdecf6735f87d398acc56604e66df26e62f1a2f1e96fafd7791aa3bcc6,2021,Hong_Kong,PRD,Salt_Marsh,0.545307758570772,spatial_unit,observed raw wetland area from authoritative panel
coastal-wetland-evidence-contract,1.0.0,a4cf9efdecf6735f87d398acc56604e66df26e62f1a2f1e96fafd7791aa3bcc6,2022,Hong_Kong,PRD,Salt_Marsh,0.56368497243796,spatial_unit,observed raw wetland area from authoritative panel
coastal-wetland-evidence-contract,1.0.0,a4cf9efdecf6735f87d398acc56604e66df26e62f1a2f1e96fafd7791aa3bcc6,2001,Huizhou,PRD,Salt_Marsh,0.0183600146484375,spatial_unit,observed raw wetland area from authoritative panel
coastal-wetland-evidence-contract,1.0.0,a4cf9efdecf6735f87d398acc56604e66df26e62f1a2f1e96fafd7791aa3bcc6,2002,Huizhou,PRD,Salt_Marsh,0.0183600146484375,spatial_unit,observed raw wetland area from authoritative panel
coastal-wetland-evidence-contract,1.0.0,a4cf9efdecf6735f87d398acc56604e66df26e62f1a2f1e96fafd7791aa3bcc6,2003,Huizhou,PRD,Salt_Marsh,0.0367199140625,spatial_unit,observed raw wetland area from authoritative panel
coastal-wetland-evidence-contract,1.0.0,a4cf9efdecf6735f87d398acc56604e66df26e62f1a2f1e96fafd7791aa3bcc6,2004,Huizhou,PRD,Salt_Marsh,0.0458929873046875,spatial_unit,observed raw wetland area from authoritative panel
coastal-wetland-evidence-contract,1.0.0,a4cf9efdecf6735f87d398acc56604e66df26e62f1a2f1e96fafd7791aa3bcc6,2005,Huizhou,PRD,Salt_Marsh,0.0367233896484375,spatial_unit,observed raw wetland area from authoritative panel
coastal-wetland-evidence-contract,1.0.0,a4cf9efdecf6735f87d398acc56604e66df26e62f1a2f1e96fafd7791aa3bcc6,2006,Huizhou,PRD,Salt_Marsh,0.036721505859375,spatial_unit,observed raw wetland area from authoritative panel
coastal-wetland-evidence-contract,1.0.0,a4cf9efdecf6735f87d398acc56604e66df26e62f1a2f1e96fafd7791aa3bcc6,2007,Huizhou,PRD,Salt_Marsh,0.03671932421875,spatial_unit,observed raw wetland area from authoritative panel
coastal-wetland-evidence-contract,1.0.0,a4cf9efdecf6735f87d398acc56604e66df26e62f1a2f1e96fafd7791aa3bcc6,2008,Huizhou,PRD,Salt_Marsh,0.055075515625,spatial_unit,observed raw wetland area from authoritative panel
coastal-wetland-evidence-contract,1.0.0,a4cf9efdecf6735f87d398acc56604e66df26e62f1a2f1e96fafd7791aa3bcc6,2009,Huizhou,PRD,Salt_Marsh,0.0917861162109375,spatial_unit,observed raw wetland area from authoritative panel
coastal-wetland-evidence-contract,1.0.0,a4cf9efdecf6735f87d398acc56604e66df26e62f1a2f1e96fafd7791aa3bcc6,2010,Huizhou,PRD,Salt_Marsh,0.0917834033203125,spatial_unit,observed raw wetland area from authoritative panel
coastal-wetland-evidence-contract,1.0.0,a4cf9efdecf6735f87d398acc56604e66df26e62f1a2f1e96fafd7791aa3bcc6,2011,Huizhou,PRD,Salt_Marsh,0.110146545898438,spatial_unit,observed raw wetland area from authoritative panel
coastal-wetland-evidence-contract,1.0.0,a4cf9efdecf6735f87d398acc56604e66df26e62f1a2f1e96fafd7791aa3bcc6,2012,Huizhou,PRD,Salt_Marsh,0.2753630078125,spatial_unit,observed raw wetland area from authoritative panel
coastal-wetland-evidence-contract,1.0.0,a4cf9efdecf6735f87d398acc56604e66df26e62f1a2f1e96fafd7791aa3bcc6,2013,Huizhou,PRD,Salt_Marsh,0.45892628125,spatial_unit,observed raw wetland area from authoritative panel
coastal-wetland-evidence-contract,1.0.0,a4cf9efdecf6735f87d398acc56604e66df26e62f1a2f1e96fafd7791aa3bcc6,2014,Huizhou,PRD,Salt_Marsh,0.39468635546875,spatial_unit,observed raw wetland area from authoritative panel
coastal-wetland-evidence-contract,1.0.0,a4cf9efdecf6735f87d398acc56604e66df26e62f1a2f1e96fafd7791aa3bcc6,2015,Huizhou,PRD,Salt_Marsh,0.43139525390625,spatial_unit,observed raw wetland area from authoritative panel
coastal-wetland-evidence-contract,1.0.0,a4cf9efdecf6735f87d398acc56604e66df26e62f1a2f1e96fafd7791aa3bcc6,2016,Huizhou,PRD,Salt_Marsh,0.477285241210938,spatial_unit,observed raw wetland area from authoritative panel
coastal-wetland-evidence-contract,1.0.0,a4cf9efdecf6735f87d398acc56604e66df26e62f1a2f1e96fafd7791aa3bcc6,2017,Huizhou,PRD,Salt_Marsh,0.4589269921875,spatial_unit,observed raw wetland area from authoritative panel
coastal-wetland-evidence-contract,1.0.0,a4cf9efdecf6735f87d398acc56604e66df26e62f1a2f1e96fafd7791aa3bcc6,2018,Huizhou,PRD,Salt_Marsh,0.394667666992187,spatial_unit,observed raw wetland area from authoritative panel
coastal-wetland-evidence-contract,1.0.0,a4cf9efdecf6735f87d398acc56604e66df26e62f1a2f1e96fafd7791aa3bcc6,2019,Huizhou,PRD,Salt_Marsh,0.559871400390625,spatial_unit,observed raw wetland area from authoritative panel
coastal-wetland-evidence-contract,1.0.0,a4cf9efdecf6735f87d398acc56604e66df26e62f1a2f1e96fafd7791aa3bcc6,2020,Huizhou,PRD,Salt_Marsh,0.60575069921875,spatial_unit,observed raw wetland area from authoritative panel
coastal-wetland-evidence-contract,1.0.0,a4cf9efdecf6735f87d398acc56604e66df26e62f1a2f1e96fafd7791aa3bcc6,2021,Huizhou,PRD,Salt_Marsh,0.660147940100337,spatial_unit,observed raw wetland area from authoritative panel
coastal-wetland-evidence-contract,1.0.0,a4cf9efdecf6735f87d398acc56604e66df26e62f1a2f1e96fafd7791aa3bcc6,2022,Huizhou,PRD,Salt_Marsh,0.70603534342065,spatial_unit,observed raw wetland area from authoritative panel
coastal-wetland-evidence-contract,1.0.0,a4cf9efdecf6735f87d398acc56604e66df26e62f1a2f1e96fafd7791aa3bcc6,2001,Jiangmen,PRD,Salt_Marsh,17.9945061556028,spatial_unit,observed raw wetland area from authoritative panel
coastal-wetland-evidence-contract,1.0.0,a4cf9efdecf6735f87d398acc56604e66df26e62f1a2f1e96fafd7791aa3bcc6,2002,Jiangmen,PRD,Salt_Marsh,16.6400681235217,spatial_unit,observed raw wetland area from authoritative panel
coastal-wetland-evidence-contract,1.0.0,a4cf9efdecf6735f87d398acc56604e66df26e62f1a2f1e96fafd7791aa3bcc6,2003,Jiangmen,PRD,Salt_Marsh,17.8551907578469,spatial_unit,observed raw wetland area from authoritative panel
coastal-wetland-evidence-contract,1.0.0,a4cf9efdecf6735f87d398acc56604e66df26e62f1a2f1e96fafd7791aa3bcc6,2004,Jiangmen,PRD,Salt_Marsh,19.2873536551661,spatial_unit,observed raw wetland area from authoritative panel
coastal-wetland-evidence-contract,1.0.0,a4cf9efdecf6735f87d398acc56604e66df26e62f1a2f1e96fafd7791aa3bcc6,2005,Jiangmen,PRD,Salt_Marsh,20.04706648354,spatial_unit,observed raw wetland area from authoritative panel
coastal-wetland-evidence-contract,1.0.0,a4cf9efdecf6735f87d398acc56604e66df26e62f1a2f1e96fafd7791aa3bcc6,2006,Jiangmen,PRD,Salt_Marsh,20.4196795492876,spatial_unit,observed raw wetland area from authoritative panel
coastal-wetland-evidence-contract,1.0.0,a4cf9efdecf6735f87d398acc56604e66df26e62f1a2f1e96fafd7791aa3bcc6,2007,Jiangmen,PRD,Salt_Marsh,18.9921715318052,spatial_unit,observed raw wetland area from authoritative panel
coastal-wetland-evidence-contract,1.0.0,a4cf9efdecf6735f87d398acc56604e66df26e62f1a2f1e96fafd7791aa3bcc6,2008,Jiangmen,PRD,Salt_Marsh,19.5936338818627,spatial_unit,observed raw wetland area from authoritative panel
coastal-wetland-evidence-contract,1.0.0,a4cf9efdecf6735f87d398acc56604e66df26e62f1a2f1e96fafd7791aa3bcc6,2009,Jiangmen,PRD,Salt_Marsh,22.6276766708103,spatial_unit,observed raw wetland area from authoritative panel
coastal-wetland-evidence-contract,1.0.0,a4cf9efdecf6735f87d398acc56604e66df26e62f1a2f1e96fafd7791aa3bcc6,2010,Jiangmen,PRD,Salt_Marsh,23.2995836627604,spatial_unit,observed raw wetland area from authoritative panel
coastal-wetland-evidence-contract,1.0.0,a4cf9efdecf6735f87d398acc56604e66df26e62f1a2f1e96fafd7791aa3bcc6,2011,Jiangmen,PRD,Salt_Marsh,23.8671133611289,spatial_unit,observed raw wetland area from authoritative panel
coastal-wetland-evidence-contract,1.0.0,a4cf9efdecf6735f87d398acc56604e66df26e62f1a2f1e96fafd7791aa3bcc6,2012,Jiangmen,PRD,Salt_Marsh,25.0157518406096,spatial_unit,observed raw wetland area from authoritative panel
coastal-wetland-evidence-contract,1.0.0,a4cf9efdecf6735f87d398acc56604e66df26e62f1a2f1e96fafd7791aa3bcc6,2013,Jiangmen,PRD,Salt_Marsh,26.5681303206571,spatial_unit,observed raw wetland area from authoritative panel
coastal-wetland-evidence-contract,1.0.0,a4cf9efdecf6735f87d398acc56604e66df26e62f1a2f1e96fafd7791aa3bcc6,2014,Jiangmen,PRD,Salt_Marsh,27.7522412014514,spatial_unit,observed raw wetland area from authoritative panel
coastal-wetland-evidence-contract,1.0.0,a4cf9efdecf6735f87d398acc56604e66df26e62f1a2f1e96fafd7791aa3bcc6,2015,Jiangmen,PRD,Salt_Marsh,28.6948923722197,spatial_unit,observed raw wetland area from authoritative panel
coastal-wetland-evidence-contract,1.0.0,a4cf9efdecf6735f87d398acc56604e66df26e62f1a2f1e96fafd7791aa3bcc6,2016,Jiangmen,PRD,Salt_Marsh,28.8647564361902,spatial_unit,observed raw wetland area from authoritative panel
coastal-wetland-evidence-contract,1.0.0,a4cf9efdecf6735f87d398acc56604e66df26e62f1a2f1e96fafd7791aa3bcc6,2017,Jiangmen,PRD,Salt_Marsh,28.3322769761259,spatial_unit,observed raw wetland area from authoritative panel
coastal-wetland-evidence-contract,1.0.0,a4cf9efdecf6735f87d398acc56604e66df26e62f1a2f1e96fafd7791aa3bcc6,2018,Jiangmen,PRD,Salt_Marsh,28.3689043235983,spatial_unit,observed raw wetland area from authoritative panel
coastal-wetland-evidence-contract,1.0.0,a4cf9efdecf6735f87d398acc56604e66df26e62f1a2f1e96fafd7791aa3bcc6,2019,Jiangmen,PRD,Salt_Marsh,29.4416009794692,spatial_unit,observed raw wetland area from authoritative panel
coastal-wetland-evidence-contract,1.0.0,a4cf9efdecf6735f87d398acc56604e66df26e62f1a2f1e96fafd7791aa3bcc6,2020,Jiangmen,PRD,Salt_Marsh,29.9591298040632,spatial_unit,observed raw wetland area from authoritative panel
coastal-wetland-evidence-contract,1.0.0,a4cf9efdecf6735f87d398acc56604e66df26e62f1a2f1e96fafd7791aa3bcc6,2021,Jiangmen,PRD,Salt_Marsh,29.7270105752297,spatial_unit,observed raw wetland area from authoritative panel
coastal-wetland-evidence-contract,1.0.0,a4cf9efdecf6735f87d398acc56604e66df26e62f1a2f1e96fafd7791aa3bcc6,2022,Jiangmen,PRD,Salt_Marsh,29.3997303018114,spatial_unit,observed raw wetland area from authoritative panel
coastal-wetland-evidence-contract,1.0.0,a4cf9efdecf6735f87d398acc56604e66df26e62f1a2f1e96fafd7791aa3bcc6,2001,Shanwei,PRD,Salt_Marsh,0.784135472503064,spatial_unit,observed raw wetland area from authoritative panel
coastal-wetland-evidence-contract,1.0.0,a4cf9efdecf6735f87d398acc56604e66df26e62f1a2f1e96fafd7791aa3bcc6,2002,Shanwei,PRD,Salt_Marsh,0.730327219473805,spatial_unit,observed raw wetland area from authoritative panel
coastal-wetland-evidence-contract,1.0.0,a4cf9efdecf6735f87d398acc56604e66df26e62f1a2f1e96fafd7791aa3bcc6,2003,Shanwei,PRD,Salt_Marsh,0.788979965035233,spatial_unit,observed raw wetland area from authoritative panel
coastal-wetland-evidence-contract,1.0.0,a4cf9efdecf6735f87d398acc56604e66df26e62f1a2f1e96fafd7791aa3bcc6,2004,Shanwei,PRD,Salt_Marsh,0.775104675769761,spatial_unit,observed raw wetland area from authoritative panel
coastal-wetland-evidence-contract,1.0.0,a4cf9efdecf6735f87d398acc56604e66df26e62f1a2f1e96fafd7791aa3bcc6,2005,Shanwei,PRD,Salt_Marsh,0.784332707517617,spatial_unit,observed raw wetland area from authoritative panel
coastal-wetland-evidence-contract,1.0.0,a4cf9efdecf6735f87d398acc56604e66df26e62f1a2f1e96fafd7791aa3bcc6,2006,Shanwei,PRD,Salt_Marsh,0.78092665970435,spatial_unit,observed raw wetland area from authoritative panel
coastal-wetland-evidence-contract,1.0.0,a4cf9efdecf6735f87d398acc56604e66df26e62f1a2f1e96fafd7791aa3bcc6,2007,Shanwei,PRD,Salt_Marsh,0.738931229695159,spatial_unit,observed raw wetland area from authoritative panel
coastal-wetland-evidence-contract,1.0.0,a4cf9efdecf6735f87d398acc56604e66df26e62f1a2f1e96fafd7791aa3bcc6,2008,Shanwei,PRD,Salt_Marsh,0.770260547020527,spatial_unit,observed raw wetland area from authoritative panel
coastal-wetland-evidence-contract,1.0.0,a4cf9efdecf6735f87d398acc56604e66df26e62f1a2f1e96fafd7791aa3bcc6,2009,Shanwei,PRD,Salt_Marsh,0.817197199674479,spatial_unit,observed raw wetland area from authoritative panel
coastal-wetland-evidence-contract,1.0.0,a4cf9efdecf6735f87d398acc56604e66df26e62f1a2f1e96fafd7791aa3bcc6,2010,Shanwei,PRD,Salt_Marsh,0.816326146959252,spatial_unit,observed raw wetland area from authoritative panel
coastal-wetland-evidence-contract,1.0.0,a4cf9efdecf6735f87d398acc56604e66df26e62f1a2f1e96fafd7791aa3bcc6,2011,Shanwei,PRD,Salt_Marsh,0.874503779744945,spatial_unit,observed raw wetland area from authoritative panel
coastal-wetland-evidence-contract,1.0.0,a4cf9efdecf6735f87d398acc56604e66df26e62f1a2f1e96fafd7791aa3bcc6,2012,Shanwei,PRD,Salt_Marsh,0.883082182268689,spatial_unit,observed raw wetland area from authoritative panel
coastal-wetland-evidence-contract,1.0.0,a4cf9efdecf6735f87d398acc56604e66df26e62f1a2f1e96fafd7791aa3bcc6,2013,Shanwei,PRD,Salt_Marsh,1.01092145921032,spatial_unit,observed raw wetland area from authoritative panel
coastal-wetland-evidence-contract,1.0.0,a4cf9efdecf6735f87d398acc56604e66df26e62f1a2f1e96fafd7791aa3bcc6,2014,Shanwei,PRD,Salt_Marsh,0.962781017091758,spatial_unit,observed raw wetland area from authoritative panel
coastal-wetland-evidence-contract,1.0.0,a4cf9efdecf6735f87d398acc56604e66df26e62f1a2f1e96fafd7791aa3bcc6,2015,Shanwei,PRD,Salt_Marsh,1.01373071683134,spatial_unit,observed raw wetland area from authoritative panel
coastal-wetland-evidence-contract,1.0.0,a4cf9efdecf6735f87d398acc56604e66df26e62f1a2f1e96fafd7791aa3bcc6,2016,Shanwei,PRD,Salt_Marsh,1.07841516788067,spatial_unit,observed raw wetland area from authoritative panel
coastal-wetland-evidence-contract,1.0.0,a4cf9efdecf6735f87d398acc56604e66df26e62f1a2f1e96fafd7791aa3bcc6,2017,Shanwei,PRD,Salt_Marsh,1.00974788051471,spatial_unit,observed raw wetland area from authoritative panel
coastal-wetland-evidence-contract,1.0.0,a4cf9efdecf6735f87d398acc56604e66df26e62f1a2f1e96fafd7791aa3bcc6,2018,Shanwei,PRD,Salt_Marsh,0.986840084336703,spatial_unit,observed raw wetland area from authoritative panel
coastal-wetland-evidence-contract,1.0.0,a4cf9efdecf6735f87d398acc56604e66df26e62f1a2f1e96fafd7791aa3bcc6,2019,Shanwei,PRD,Salt_Marsh,0.94712284095818,spatial_unit,observed raw wetland area from authoritative panel
coastal-wetland-evidence-contract,1.0.0,a4cf9efdecf6735f87d398acc56604e66df26e62f1a2f1e96fafd7791aa3bcc6,2020,Shanwei,PRD,Salt_Marsh,0.989596570396752,spatial_unit,observed raw wetland area from authoritative panel
coastal-wetland-evidence-contract,1.0.0,a4cf9efdecf6735f87d398acc56604e66df26e62f1a2f1e96fafd7791aa3bcc6,2021,Shanwei,PRD,Salt_Marsh,1.10227994215303,spatial_unit,observed raw wetland area from authoritative panel
coastal-wetland-evidence-contract,1.0.0,a4cf9efdecf6735f87d398acc56604e66df26e62f1a2f1e96fafd7791aa3bcc6,2022,Shanwei,PRD,Salt_Marsh,1.0709700775314,spatial_unit,observed raw wetland area from authoritative panel
coastal-wetland-evidence-contract,1.0.0,a4cf9efdecf6735f87d398acc56604e66df26e62f1a2f1e96fafd7791aa3bcc6,2001,Shenzhen,PRD,Salt_Marsh,0.629837693121937,spatial_unit,observed raw wetland area from authoritative panel
coastal-wetland-evidence-contract,1.0.0,a4cf9efdecf6735f87d398acc56604e66df26e62f1a2f1e96fafd7791aa3bcc6,2002,Shenzhen,PRD,Salt_Marsh,0.567650752301624,spatial_unit,observed raw wetland area from authoritative panel
coastal-wetland-evidence-contract,1.0.0,a4cf9efdecf6735f87d398acc56604e66df26e62f1a2f1e96fafd7791aa3bcc6,2003,Shenzhen,PRD,Salt_Marsh,0.596139184057139,spatial_unit,observed raw wetland area from authoritative panel
coastal-wetland-evidence-contract,1.0.0,a4cf9efdecf6735f87d398acc56604e66df26e62f1a2f1e96fafd7791aa3bcc6,2004,Shenzhen,PRD,Salt_Marsh,0.71925696696921,spatial_unit,observed raw wetland area from authoritative panel
coastal-wetland-evidence-contract,1.0.0,a4cf9efdecf6735f87d398acc56604e66df26e62f1a2f1e96fafd7791aa3bcc6,2005,Shenzhen,PRD,Salt_Marsh,0.74473260101103,spatial_unit,observed raw wetland area from authoritative panel
coastal-wetland-evidence-contract,1.0.0,a4cf9efdecf6735f87d398acc56604e66df26e62f1a2f1e96fafd7791aa3bcc6,2006,Shenzhen,PRD,Salt_Marsh,0.790686888120405,spatial_unit,observed raw wetland area from authoritative panel
coastal-wetland-evidence-contract,1.0.0,a4cf9efdecf6735f87d398acc56604e66df26e62f1a2f1e96fafd7791aa3bcc6,2007,Shenzhen,PRD,Salt_Marsh,0.800058663943781,spatial_unit,observed raw wetland area from authoritative panel
coastal-wetland-evidence-contract,1.0.0,a4cf9efdecf6735f87d398acc56604e66df26e62f1a2f1e96fafd7791aa3bcc6,2008,Shenzhen,PRD,Salt_Marsh,0.838116515690104,spatial_unit,observed raw wetland area from authoritative panel
coastal-wetland-evidence-contract,1.0.0,a4cf9efdecf6735f87d398acc56604e66df26e62f1a2f1e96fafd7791aa3bcc6,2009,Shenzhen,PRD,Salt_Marsh,0.813748374969363,spatial_unit,observed raw wetland area from authoritative panel
coastal-wetland-evidence-contract,1.0.0,a4cf9efdecf6735f87d398acc56604e66df26e62f1a2f1e96fafd7791aa3bcc6,2010,Shenzhen,PRD,Salt_Marsh,0.95785913080193,spatial_unit,observed raw wetland area from authoritative panel
coastal-wetland-evidence-contract,1.0.0,a4cf9efdecf6735f87d398acc56604e66df26e62f1a2f1e96fafd7791aa3bcc6,2011,Shenzhen,PRD,Salt_Marsh,0.915081344021906,spatial_unit,observed raw wetland area from authoritative panel
coastal-wetland-evidence-contract,1.0.0,a4cf9efdecf6735f87d398acc56604e66df26e62f1a2f1e96fafd7791aa3bcc6,2012,Shenzhen,PRD,Salt_Marsh,1.07217716416207,spatial_unit,observed raw wetland area from authoritative panel
coastal-wetland-evidence-contract,1.0.0,a4cf9efdecf6735f87d398acc56604e66df26e62f1a2f1e96fafd7791aa3bcc6,2013,Shenzhen,PRD,Salt_Marsh,1.04985780055913,spatial_unit,observed raw wetland area from authoritative panel
coastal-wetland-evidence-contract,1.0.0,a4cf9efdecf6735f87d398acc56604e66df26e62f1a2f1e96fafd7791aa3bcc6,2014,Shenzhen,PRD,Salt_Marsh,1.07992196405867,spatial_unit,observed raw wetland area from authoritative panel
coastal-wetland-evidence-contract,1.0.0,a4cf9efdecf6735f87d398acc56604e66df26e62f1a2f1e96fafd7791aa3bcc6,2015,Shenzhen,PRD,Salt_Marsh,1.2517036032667,spatial_unit,observed raw wetland area from authoritative panel
coastal-wetland-evidence-contract,1.0.0,a4cf9efdecf6735f87d398acc56604e66df26e62f1a2f1e96fafd7791aa3bcc6,2016,Shenzhen,PRD,Salt_Marsh,1.29771620998009,spatial_unit,observed raw wetland area from authoritative panel
coastal-wetland-evidence-contract,1.0.0,a4cf9efdecf6735f87d398acc56604e66df26e62f1a2f1e96fafd7791aa3bcc6,2017,Shenzhen,PRD,Salt_Marsh,1.28396013722044,spatial_unit,observed raw wetland area from authoritative panel
coastal-wetland-evidence-contract,1.0.0,a4cf9efdecf6735f87d398acc56604e66df26e62f1a2f1e96fafd7791aa3bcc6,2018,Shenzhen,PRD,Salt_Marsh,1.25193033146829,spatial_unit,observed raw wetland area from authoritative panel
coastal-wetland-evidence-contract,1.0.0,a4cf9efdecf6735f87d398acc56604e66df26e62f1a2f1e96fafd7791aa3bcc6,2019,Shenzhen,PRD,Salt_Marsh,1.14648560348882,spatial_unit,observed raw wetland area from authoritative panel
coastal-wetland-evidence-contract,1.0.0,a4cf9efdecf6735f87d398acc56604e66df26e62f1a2f1e96fafd7791aa3bcc6,2020,Shenzhen,PRD,Salt_Marsh,1.17624015722656,spatial_unit,observed raw wetland area from authoritative panel
coastal-wetland-evidence-contract,1.0.0,a4cf9efdecf6735f87d398acc56604e66df26e62f1a2f1e96fafd7791aa3bcc6,2021,Shenzhen,PRD,Salt_Marsh,1.23154258563496,spatial_unit,observed raw wetland area from authoritative panel
coastal-wetland-evidence-contract,1.0.0,a4cf9efdecf6735f87d398acc56604e66df26e62f1a2f1e96fafd7791aa3bcc6,2022,Shenzhen,PRD,Salt_Marsh,1.15352900911841,spatial_unit,observed raw wetland area from authoritative panel
coastal-wetland-evidence-contract,1.0.0,a4cf9efdecf6735f87d398acc56604e66df26e62f1a2f1e96fafd7791aa3bcc6,2001,Zhongshan,PRD,Salt_Marsh,0.956936150827206,spatial_unit,observed raw wetland area from authoritative panel
coastal-wetland-evidence-contract,1.0.0,a4cf9efdecf6735f87d398acc56604e66df26e62f1a2f1e96fafd7791aa3bcc6,2002,Zhongshan,PRD,Salt_Marsh,0.88032301830959,spatial_unit,observed raw wetland area from authoritative panel
coastal-wetland-evidence-contract,1.0.0,a4cf9efdecf6735f87d398acc56604e66df26e62f1a2f1e96fafd7791aa3bcc6,2003,Zhongshan,PRD,Salt_Marsh,0.892983738407629,spatial_unit,observed raw wetland area from authoritative panel
coastal-wetland-evidence-contract,1.0.0,a4cf9efdecf6735f87d398acc56604e66df26e62f1a2f1e96fafd7791aa3bcc6,2004,Zhongshan,PRD,Salt_Marsh,0.911400151493567,spatial_unit,observed raw wetland area from authoritative panel
coastal-wetland-evidence-contract,1.0.0,a4cf9efdecf6735f87d398acc56604e66df26e62f1a2f1e96fafd7791aa3bcc6,2005,Zhongshan,PRD,Salt_Marsh,0.907186801669731,spatial_unit,observed raw wetland area from authoritative panel
coastal-wetland-evidence-contract,1.0.0,a4cf9efdecf6735f87d398acc56604e66df26e62f1a2f1e96fafd7791aa3bcc6,2006,Zhongshan,PRD,Salt_Marsh,0.907860020331649,spatial_unit,observed raw wetland area from authoritative panel
coastal-wetland-evidence-contract,1.0.0,a4cf9efdecf6735f87d398acc56604e66df26e62f1a2f1e96fafd7791aa3bcc6,2007,Zhongshan,PRD,Salt_Marsh,0.878004624590227,spatial_unit,observed raw wetland area from authoritative panel
coastal-wetland-evidence-contract,1.0.0,a4cf9efdecf6735f87d398acc56604e66df26e62f1a2f1e96fafd7791aa3bcc6,2008,Zhongshan,PRD,Salt_Marsh,0.878705276137408,spatial_unit,observed raw wetland area from authoritative panel
coastal-wetland-evidence-contract,1.0.0,a4cf9efdecf6735f87d398acc56604e66df26e62f1a2f1e96fafd7791aa3bcc6,2009,Zhongshan,PRD,Salt_Marsh,0.859351297418812,spatial_unit,observed raw wetland area from authoritative panel
coastal-wetland-evidence-contract,1.0.0,a4cf9efdecf6735f87d398acc56604e66df26e62f1a2f1e96fafd7791aa3bcc6,2010,Zhongshan,PRD,Salt_Marsh,0.895495565211397,spatial_unit,observed raw wetland area from authoritative panel
coastal-wetland-evidence-contract,1.0.0,a4cf9efdecf6735f87d398acc56604e66df26e62f1a2f1e96fafd7791aa3bcc6,2011,Zhongshan,PRD,Salt_Marsh,0.904740904932598,spatial_unit,observed raw wetland area from authoritative panel
coastal-wetland-evidence-contract,1.0.0,a4cf9efdecf6735f87d398acc56604e66df26e62f1a2f1e96fafd7791aa3bcc6,2012,Zhongshan,PRD,Salt_Marsh,0.931334379224112,spatial_unit,observed raw wetland area from authoritative panel
coastal-wetland-evidence-contract,1.0.0,a4cf9efdecf6735f87d398acc56604e66df26e62f1a2f1e96fafd7791aa3bcc6,2013,Zhongshan,PRD,Salt_Marsh,0.775485746246936,spatial_unit,observed raw wetland area from authoritative panel
coastal-wetland-evidence-contract,1.0.0,a4cf9efdecf6735f87d398acc56604e66df26e62f1a2f1e96fafd7791aa3bcc6,2014,Zhongshan,PRD,Salt_Marsh,0.842601889483763,spatial_unit,observed raw wetland area from authoritative panel
coastal-wetland-evidence-contract,1.0.0,a4cf9efdecf6735f87d398acc56604e66df26e62f1a2f1e96fafd7791aa3bcc6,2015,Zhongshan,PRD,Salt_Marsh,0.830427881541054,spatial_unit,observed raw wetland area from authoritative panel
coastal-wetland-evidence-contract,1.0.0,a4cf9efdecf6735f87d398acc56604e66df26e62f1a2f1e96fafd7791aa3bcc6,2016,Zhongshan,PRD,Salt_Marsh,0.807007879748775,spatial_unit,observed raw wetland area from authoritative panel
coastal-wetland-evidence-contract,1.0.0,a4cf9efdecf6735f87d398acc56604e66df26e62f1a2f1e96fafd7791aa3bcc6,2017,Zhongshan,PRD,Salt_Marsh,0.802353520741422,spatial_unit,observed raw wetland area from authoritative panel
coastal-wetland-evidence-contract,1.0.0,a4cf9efdecf6735f87d398acc56604e66df26e62f1a2f1e96fafd7791aa3bcc6,2018,Zhongshan,PRD,Salt_Marsh,0.699449132984835,spatial_unit,observed raw wetland area from authoritative panel
coastal-wetland-evidence-contract,1.0.0,a4cf9efdecf6735f87d398acc56604e66df26e62f1a2f1e96fafd7791aa3bcc6,2019,Zhongshan,PRD,Salt_Marsh,0.679152124433211,spatial_unit,observed raw wetland area from authoritative panel
coastal-wetland-evidence-contract,1.0.0,a4cf9efdecf6735f87d398acc56604e66df26e62f1a2f1e96fafd7791aa3bcc6,2020,Zhongshan,PRD,Salt_Marsh,0.734001411174939,spatial_unit,observed raw wetland area from authoritative panel
coastal-wetland-evidence-contract,1.0.0,a4cf9efdecf6735f87d398acc56604e66df26e62f1a2f1e96fafd7791aa3bcc6,2021,Zhongshan,PRD,Salt_Marsh,0.790563075945925,spatial_unit,observed raw wetland area from authoritative panel
coastal-wetland-evidence-contract,1.0.0,a4cf9efdecf6735f87d398acc56604e66df26e62f1a2f1e96fafd7791aa3bcc6,2022,Zhongshan,PRD,Salt_Marsh,0.7997649489928,spatial_unit,observed raw wetland area from authoritative panel
coastal-wetland-evidence-contract,1.0.0,a4cf9efdecf6735f87d398acc56604e66df26e62f1a2f1e96fafd7791aa3bcc6,2001,Zhuhai,PRD,Salt_Marsh,1.91184639748774,spatial_unit,observed raw wetland area from authoritative panel
coastal-wetland-evidence-contract,1.0.0,a4cf9efdecf6735f87d398acc56604e66df26e62f1a2f1e96fafd7791aa3bcc6,2002,Zhuhai,PRD,Salt_Marsh,1.94552503202359,spatial_unit,observed raw wetland area from authoritative panel
coastal-wetland-evidence-contract,1.0.0,a4cf9efdecf6735f87d398acc56604e66df26e62f1a2f1e96fafd7791aa3bcc6,2003,Zhuhai,PRD,Salt_Marsh,1.90694749925705,spatial_unit,observed raw wetland area from authoritative panel
coastal-wetland-evidence-contract,1.0.0,a4cf9efdecf6735f87d398acc56604e66df26e62f1a2f1e96fafd7791aa3bcc6,2004,Zhuhai,PRD,Salt_Marsh,1.97184759736903,spatial_unit,observed raw wetland area from authoritative panel
coastal-wetland-evidence-contract,1.0.0,a4cf9efdecf6735f87d398acc56604e66df26e62f1a2f1e96fafd7791aa3bcc6,2005,Zhuhai,PRD,Salt_Marsh,1.99043559310279,spatial_unit,observed raw wetland area from authoritative panel
coastal-wetland-evidence-contract,1.0.0,a4cf9efdecf6735f87d398acc56604e66df26e62f1a2f1e96fafd7791aa3bcc6,2006,Zhuhai,PRD,Salt_Marsh,1.95570872952282,spatial_unit,observed raw wetland area from authoritative panel
coastal-wetland-evidence-contract,1.0.0,a4cf9efdecf6735f87d398acc56604e66df26e62f1a2f1e96fafd7791aa3bcc6,2007,Zhuhai,PRD,Salt_Marsh,1.82819690741039,spatial_unit,observed raw wetland area from authoritative panel
coastal-wetland-evidence-contract,1.0.0,a4cf9efdecf6735f87d398acc56604e66df26e62f1a2f1e96fafd7791aa3bcc6,2008,Zhuhai,PRD,Salt_Marsh,1.96601094713542,spatial_unit,observed raw wetland area from authoritative panel
coastal-wetland-evidence-contract,1.0.0,a4cf9efdecf6735f87d398acc56604e66df26e62f1a2f1e96fafd7791aa3bcc6,2009,Zhuhai,PRD,Salt_Marsh,2.13417274950597,spatial_unit,observed raw wetland area from authoritative panel
coastal-wetland-evidence-contract,1.0.0,a4cf9efdecf6735f87d398acc56604e66df26e62f1a2f1e96fafd7791aa3bcc6,2010,Zhuhai,PRD,Salt_Marsh,2.31780930827589,spatial_unit,observed raw wetland area from authoritative panel
coastal-wetland-evidence-contract,1.0.0,a4cf9efdecf6735f87d398acc56604e66df26e62f1a2f1e96fafd7791aa3bcc6,2011,Zhuhai,PRD,Salt_Marsh,2.23640184672564,spatial_unit,observed raw wetland area from authoritative panel
coastal-wetland-evidence-contract,1.0.0,a4cf9efdecf6735f87d398acc56604e66df26e62f1a2f1e96fafd7791aa3bcc6,2012,Zhuhai,PRD,Salt_Marsh,2.33686409049479,spatial_unit,observed raw wetland area from authoritative panel
coastal-wetland-evidence-contract,1.0.0,a4cf9efdecf6735f87d398acc56604e66df26e62f1a2f1e96fafd7791aa3bcc6,2013,Zhuhai,PRD,Salt_Marsh,2.30053700316329,spatial_unit,observed raw wetland area from authoritative panel
coastal-wetland-evidence-contract,1.0.0,a4cf9efdecf6735f87d398acc56604e66df26e62f1a2f1e96fafd7791aa3bcc6,2014,Zhuhai,PRD,Salt_Marsh,2.38163994150582,spatial_unit,observed raw wetland area from authoritative panel
coastal-wetland-evidence-contract,1.0.0,a4cf9efdecf6735f87d398acc56604e66df26e62f1a2f1e96fafd7791aa3bcc6,2015,Zhuhai,PRD,Salt_Marsh,2.65286911725643,spatial_unit,observed raw wetland area from authoritative panel
coastal-wetland-evidence-contract,1.0.0,a4cf9efdecf6735f87d398acc56604e66df26e62f1a2f1e96fafd7791aa3bcc6,2016,Zhuhai,PRD,Salt_Marsh,2.7122403717984,spatial_unit,observed raw wetland area from authoritative panel
coastal-wetland-evidence-contract,1.0.0,a4cf9efdecf6735f87d398acc56604e66df26e62f1a2f1e96fafd7791aa3bcc6,2017,Zhuhai,PRD,Salt_Marsh,2.84635292875306,spatial_unit,observed raw wetland area from authoritative panel
coastal-wetland-evidence-contract,1.0.0,a4cf9efdecf6735f87d398acc56604e66df26e62f1a2f1e96fafd7791aa3bcc6,2018,Zhuhai,PRD,Salt_Marsh,2.88682710720358,spatial_unit,observed raw wetland area from authoritative panel
coastal-wetland-evidence-contract,1.0.0,a4cf9efdecf6735f87d398acc56604e66df26e62f1a2f1e96fafd7791aa3bcc6,2019,Zhuhai,PRD,Salt_Marsh,2.93589423439798,spatial_unit,observed raw wetland area from authoritative panel
coastal-wetland-evidence-contract,1.0.0,a4cf9efdecf6735f87d398acc56604e66df26e62f1a2f1e96fafd7791aa3bcc6,2020,Zhuhai,PRD,Salt_Marsh,2.97095900167356,spatial_unit,observed raw wetland area from authoritative panel
coastal-wetland-evidence-contract,1.0.0,a4cf9efdecf6735f87d398acc56604e66df26e62f1a2f1e96fafd7791aa3bcc6,2021,Zhuhai,PRD,Salt_Marsh,2.83745756080729,spatial_unit,observed raw wetland area from authoritative panel
coastal-wetland-evidence-contract,1.0.0,a4cf9efdecf6735f87d398acc56604e66df26e62f1a2f1e96fafd7791aa3bcc6,2022,Zhuhai,PRD,Salt_Marsh,2.77838735636489,spatial_unit,observed raw wetland area from authoritative panel
coastal-wetland-evidence-contract,1.0.0,a4cf9efdecf6735f87d398acc56604e66df26e62f1a2f1e96fafd7791aa3bcc6,2001,Hangzhou,YRD,Salt_Marsh,0.0774728984375,spatial_unit,observed raw wetland area from authoritative panel
coastal-wetland-evidence-contract,1.0.0,a4cf9efdecf6735f87d398acc56604e66df26e62f1a2f1e96fafd7791aa3bcc6,2002,Hangzhou,YRD,Salt_Marsh,0.0688578447265625,spatial_unit,observed raw wetland area from authoritative panel
coastal-wetland-evidence-contract,1.0.0,a4cf9efdecf6735f87d398acc56604e66df26e62f1a2f1e96fafd7791aa3bcc6,2003,Hangzhou,YRD,Salt_Marsh,0.051645951171875,spatial_unit,observed raw wetland area from authoritative panel
coastal-wetland-evidence-contract,1.0.0,a4cf9efdecf6735f87d398acc56604e66df26e62f1a2f1e96fafd7791aa3bcc6,2004,Hangzhou,YRD,Salt_Marsh,0.275943102186734,spatial_unit,observed raw wetland area from authoritative panel
coastal-wetland-evidence-contract,1.0.0,a4cf9efdecf6735f87d398acc56604e66df26e62f1a2f1e96fafd7791aa3bcc6,2005,Hangzhou,YRD,Salt_Marsh,0.361072530219822,spatial_unit,observed raw wetland area from authoritative panel
coastal-wetland-evidence-contract,1.0.0,a4cf9efdecf6735f87d398acc56604e66df26e62f1a2f1e96fafd7791aa3bcc6,2006,Hangzhou,YRD,Salt_Marsh,0.343856468696385,spatial_unit,observed raw wetland area from authoritative panel
coastal-wetland-evidence-contract,1.0.0,a4cf9efdecf6735f87d398acc56604e66df26e62f1a2f1e96fafd7791aa3bcc6,2007,Hangzhou,YRD,Salt_Marsh,0.412725192329197,spatial_unit,observed raw wetland area from authoritative panel
coastal-wetland-evidence-contract,1.0.0,a4cf9efdecf6735f87d398acc56604e66df26e62f1a2f1e96fafd7791aa3bcc6,2008,Hangzhou,YRD,Salt_Marsh,0.351861412423407,spatial_unit,observed raw wetland area from authoritative panel
coastal-wetland-evidence-contract,1.0.0,a4cf9efdecf6735f87d398acc56604e66df26e62f1a2f1e96fafd7791aa3bcc6,2009,Hangzhou,YRD,Salt_Marsh,0.347585654201134,spatial_unit,observed raw wetland area from authoritative panel
coastal-wetland-evidence-contract,1.0.0,a4cf9efdecf6735f87d398acc56604e66df26e62f1a2f1e96fafd7791aa3bcc6,2010,Hangzhou,YRD,Salt_Marsh,0.313165720607384,spatial_unit,observed raw wetland area from authoritative panel
coastal-wetland-evidence-contract,1.0.0,a4cf9efdecf6735f87d398acc56604e66df26e62f1a2f1e96fafd7791aa3bcc6,2011,Hangzhou,YRD,Salt_Marsh,0.287355362208946,spatial_unit,observed raw wetland area from authoritative panel
coastal-wetland-evidence-contract,1.0.0,a4cf9efdecf6735f87d398acc56604e66df26e62f1a2f1e96fafd7791aa3bcc6,2012,Hangzhou,YRD,Salt_Marsh,0.20074516752451,spatial_unit,observed raw wetland area from authoritative panel
coastal-wetland-evidence-contract,1.0.0,a4cf9efdecf6735f87d398acc56604e66df26e62f1a2f1e96fafd7791aa3bcc6,2013,Hangzhou,YRD,Salt_Marsh,0.148869803538603,spatial_unit,observed raw wetland area from authoritative panel
coastal-wetland-evidence-contract,1.0.0,a4cf9efdecf6735f87d398acc56604e66df26e62f1a2f1e96fafd7791aa3bcc6,2014,Hangzhou,YRD,Salt_Marsh,0.14788199040671,spatial_unit,observed raw wetland area from authoritative panel
coastal-wetland-evidence-contract,1.0.0,a4cf9efdecf6735f87d398acc56604e66df26e62f1a2f1e96fafd7791aa3bcc6,2015,Hangzhou,YRD,Salt_Marsh,0.172206076171875,spatial_unit,observed raw wetland area from authoritative panel
coastal-wetland-evidence-contract,1.0.0,a4cf9efdecf6735f87d398acc56604e66df26e62f1a2f1e96fafd7791aa3bcc6,2016,Hangzhou,YRD,Salt_Marsh,0.18941612109375,spatial_unit,observed raw wetland area from authoritative panel
coastal-wetland-evidence-contract,1.0.0,a4cf9efdecf6735f87d398acc56604e66df26e62f1a2f1e96fafd7791aa3bcc6,2017,Hangzhou,YRD,Salt_Marsh,0.223862985351562,spatial_unit,observed raw wetland area from authoritative panel
coastal-wetland-evidence-contract,1.0.0,a4cf9efdecf6735f87d398acc56604e66df26e62f1a2f1e96fafd7791aa3bcc6,2018,Hangzhou,YRD,Salt_Marsh,0.223856348632812,spatial_unit,observed raw wetland area from authoritative panel
coastal-wetland-evidence-contract,1.0.0,a4cf9efdecf6735f87d398acc56604e66df26e62f1a2f1e96fafd7791aa3bcc6,2019,Hangzhou,YRD,Salt_Marsh,0.241069630859375,spatial_unit,observed raw wetland area from authoritative panel
coastal-wetland-evidence-contract,1.0.0,a4cf9efdecf6735f87d398acc56604e66df26e62f1a2f1e96fafd7791aa3bcc6,2020,Hangzhou,YRD,Salt_Marsh,0.292348283429075,spatial_unit,observed raw wetland area from authoritative panel
coastal-wetland-evidence-contract,1.0.0,a4cf9efdecf6735f87d398acc56604e66df26e62f1a2f1e96fafd7791aa3bcc6,2021,Hangzhou,YRD,Salt_Marsh,0.305621670331648,spatial_unit,observed raw wetland area from authoritative panel
coastal-wetland-evidence-contract,1.0.0,a4cf9efdecf6735f87d398acc56604e66df26e62f1a2f1e96fafd7791aa3bcc6,2022,Hangzhou,YRD,Salt_Marsh,0.331455567792586,spatial_unit,observed raw wetland area from authoritative panel
coastal-wetland-evidence-contract,1.0.0,a4cf9efdecf6735f87d398acc56604e66df26e62f1a2f1e96fafd7791aa3bcc6,2001,Jiaxing,YRD,Salt_Marsh,3.05186555078125,spatial_unit,observed raw wetland area from authoritative panel
coastal-wetland-evidence-contract,1.0.0,a4cf9efdecf6735f87d398acc56604e66df26e62f1a2f1e96fafd7791aa3bcc6,2002,Jiaxing,YRD,Salt_Marsh,2.75075421777343,spatial_unit,observed raw wetland area from authoritative panel
coastal-wetland-evidence-contract,1.0.0,a4cf9efdecf6735f87d398acc56604e66df26e62f1a2f1e96fafd7791aa3bcc6,2003,Jiaxing,YRD,Salt_Marsh,2.79392035642233,spatial_unit,observed raw wetland area from authoritative panel
coastal-wetland-evidence-contract,1.0.0,a4cf9efdecf6735f87d398acc56604e66df26e62f1a2f1e96fafd7791aa3bcc6,2004,Jiaxing,YRD,Salt_Marsh,2.93623758473498,spatial_unit,observed raw wetland area from authoritative panel
coastal-wetland-evidence-contract,1.0.0,a4cf9efdecf6735f87d398acc56604e66df26e62f1a2f1e96fafd7791aa3bcc6,2005,Jiaxing,YRD,Salt_Marsh,3.08447690283011,spatial_unit,observed raw wetland area from authoritative panel
coastal-wetland-evidence-contract,1.0.0,a4cf9efdecf6735f87d398acc56604e66df26e62f1a2f1e96fafd7791aa3bcc6,2006,Jiaxing,YRD,Salt_Marsh,5.01313206678538,spatial_unit,observed raw wetland area from authoritative panel
coastal-wetland-evidence-contract,1.0.0,a4cf9efdecf6735f87d398acc56604e66df26e62f1a2f1e96fafd7791aa3bcc6,2007,Jiaxing,YRD,Salt_Marsh,6.52738831046644,spatial_unit,observed raw wetland area from authoritative panel
coastal-wetland-evidence-contract,1.0.0,a4cf9efdecf6735f87d398acc56604e66df26e62f1a2f1e96fafd7791aa3bcc6,2008,Jiaxing,YRD,Salt_Marsh,6.95033369976638,spatial_unit,observed raw wetland area from authoritative panel
coastal-wetland-evidence-contract,1.0.0,a4cf9efdecf6735f87d398acc56604e66df26e62f1a2f1e96fafd7791aa3bcc6,2009,Jiaxing,YRD,Salt_Marsh,7.63513679610141,spatial_unit,observed raw wetland area from authoritative panel
coastal-wetland-evidence-contract,1.0.0,a4cf9efdecf6735f87d398acc56604e66df26e62f1a2f1e96fafd7791aa3bcc6,2010,Jiaxing,YRD,Salt_Marsh,8.24376465209483,spatial_unit,observed raw wetland area from authoritative panel
coastal-wetland-evidence-contract,1.0.0,a4cf9efdecf6735f87d398acc56604e66df26e62f1a2f1e96fafd7791aa3bcc6,2011,Jiaxing,YRD,Salt_Marsh,9.03260211242725,spatial_unit,observed raw wetland area from authoritative panel
coastal-wetland-evidence-contract,1.0.0,a4cf9efdecf6735f87d398acc56604e66df26e62f1a2f1e96fafd7791aa3bcc6,2012,Jiaxing,YRD,Salt_Marsh,6.41451251461397,spatial_unit,observed raw wetland area from authoritative panel
coastal-wetland-evidence-contract,1.0.0,a4cf9efdecf6735f87d398acc56604e66df26e62f1a2f1e96fafd7791aa3bcc6,2013,Jiaxing,YRD,Salt_Marsh,6.157017603642,spatial_unit,observed raw wetland area from authoritative panel
coastal-wetland-evidence-contract,1.0.0,a4cf9efdecf6735f87d398acc56604e66df26e62f1a2f1e96fafd7791aa3bcc6,2014,Jiaxing,YRD,Salt_Marsh,6.26942076240426,spatial_unit,observed raw wetland area from authoritative panel
coastal-wetland-evidence-contract,1.0.0,a4cf9efdecf6735f87d398acc56604e66df26e62f1a2f1e96fafd7791aa3bcc6,2015,Jiaxing,YRD,Salt_Marsh,6.44579285434666,spatial_unit,observed raw wetland area from authoritative panel
coastal-wetland-evidence-contract,1.0.0,a4cf9efdecf6735f87d398acc56604e66df26e62f1a2f1e96fafd7791aa3bcc6,2016,Jiaxing,YRD,Salt_Marsh,5.76466853587622,spatial_unit,observed raw wetland area from authoritative panel
coastal-wetland-evidence-contract,1.0.0,a4cf9efdecf6735f87d398acc56604e66df26e62f1a2f1e96fafd7791aa3bcc6,2017,Jiaxing,YRD,Salt_Marsh,5.58975173310354,spatial_unit,observed raw wetland area from authoritative panel
coastal-wetland-evidence-contract,1.0.0,a4cf9efdecf6735f87d398acc56604e66df26e62f1a2f1e96fafd7791aa3bcc6,2018,Jiaxing,YRD,Salt_Marsh,5.50158203795572,spatial_unit,observed raw wetland area from authoritative panel
coastal-wetland-evidence-contract,1.0.0,a4cf9efdecf6735f87d398acc56604e66df26e62f1a2f1e96fafd7791aa3bcc6,2019,Jiaxing,YRD,Salt_Marsh,5.72211491034772,spatial_unit,observed raw wetland area from authoritative panel
coastal-wetland-evidence-contract,1.0.0,a4cf9efdecf6735f87d398acc56604e66df26e62f1a2f1e96fafd7791aa3bcc6,2020,Jiaxing,YRD,Salt_Marsh,5.31366230466834,spatial_unit,observed raw wetland area from authoritative panel
coastal-wetland-evidence-contract,1.0.0,a4cf9efdecf6735f87d398acc56604e66df26e62f1a2f1e96fafd7791aa3bcc6,2021,Jiaxing,YRD,Salt_Marsh,5.35278845624999,spatial_unit,observed raw wetland area from authoritative panel
coastal-wetland-evidence-contract,1.0.0,a4cf9efdecf6735f87d398acc56604e66df26e62f1a2f1e96fafd7791aa3bcc6,2022,Jiaxing,YRD,Salt_Marsh,5.01964092723268,spatial_unit,observed raw wetland area from authoritative panel
coastal-wetland-evidence-contract,1.0.0,a4cf9efdecf6735f87d398acc56604e66df26e62f1a2f1e96fafd7791aa3bcc6,2001,Lianyungang,YRD,Salt_Marsh,4.31913156689453,spatial_unit,observed raw wetland area from authoritative panel
coastal-wetland-evidence-contract,1.0.0,a4cf9efdecf6735f87d398acc56604e66df26e62f1a2f1e96fafd7791aa3bcc6,2002,Lianyungang,YRD,Salt_Marsh,4.45932000215035,spatial_unit,observed raw wetland area from authoritative panel
coastal-wetland-evidence-contract,1.0.0,a4cf9efdecf6735f87d398acc56604e66df26e62f1a2f1e96fafd7791aa3bcc6,2003,Lianyungang,YRD,Salt_Marsh,4.42079439497166,spatial_unit,observed raw wetland area from authoritative panel
coastal-wetland-evidence-contract,1.0.0,a4cf9efdecf6735f87d398acc56604e66df26e62f1a2f1e96fafd7791aa3bcc6,2004,Lianyungang,YRD,Salt_Marsh,4.42248633739851,spatial_unit,observed raw wetland area from authoritative panel
coastal-wetland-evidence-contract,1.0.0,a4cf9efdecf6735f87d398acc56604e66df26e62f1a2f1e96fafd7791aa3bcc6,2005,Lianyungang,YRD,Salt_Marsh,4.63409525191866,spatial_unit,observed raw wetland area from authoritative panel
coastal-wetland-evidence-contract,1.0.0,a4cf9efdecf6735f87d398acc56604e66df26e62f1a2f1e96fafd7791aa3bcc6,2006,Lianyungang,YRD,Salt_Marsh,4.82474971578011,spatial_unit,observed raw wetland area from authoritative panel
coastal-wetland-evidence-contract,1.0.0,a4cf9efdecf6735f87d398acc56604e66df26e62f1a2f1e96fafd7791aa3bcc6,2007,Lianyungang,YRD,Salt_Marsh,4.68217751140281,spatial_unit,observed raw wetland area from authoritative panel
coastal-wetland-evidence-contract,1.0.0,a4cf9efdecf6735f87d398acc56604e66df26e62f1a2f1e96fafd7791aa3bcc6,2008,Lianyungang,YRD,Salt_Marsh,4.75321772421492,spatial_unit,observed raw wetland area from authoritative panel
coastal-wetland-evidence-contract,1.0.0,a4cf9efdecf6735f87d398acc56604e66df26e62f1a2f1e96fafd7791aa3bcc6,2009,Lianyungang,YRD,Salt_Marsh,4.83955030904183,spatial_unit,observed raw wetland area from authoritative panel
coastal-wetland-evidence-contract,1.0.0,a4cf9efdecf6735f87d398acc56604e66df26e62f1a2f1e96fafd7791aa3bcc6,2010,Lianyungang,YRD,Salt_Marsh,4.75691976334827,spatial_unit,observed raw wetland area from authoritative panel
coastal-wetland-evidence-contract,1.0.0,a4cf9efdecf6735f87d398acc56604e66df26e62f1a2f1e96fafd7791aa3bcc6,2011,Lianyungang,YRD,Salt_Marsh,5.04512650075636,spatial_unit,observed raw wetland area from authoritative panel
coastal-wetland-evidence-contract,1.0.0,a4cf9efdecf6735f87d398acc56604e66df26e62f1a2f1e96fafd7791aa3bcc6,2012,Lianyungang,YRD,Salt_Marsh,4.60539056534161,spatial_unit,observed raw wetland area from authoritative panel
coastal-wetland-evidence-contract,1.0.0,a4cf9efdecf6735f87d398acc56604e66df26e62f1a2f1e96fafd7791aa3bcc6,2013,Lianyungang,YRD,Salt_Marsh,4.74218717388175,spatial_unit,observed raw wetland area from authoritative panel
coastal-wetland-evidence-contract,1.0.0,a4cf9efdecf6735f87d398acc56604e66df26e62f1a2f1e96fafd7791aa3bcc6,2014,Lianyungang,YRD,Salt_Marsh,4.76920496489354,spatial_unit,observed raw wetland area from authoritative panel
coastal-wetland-evidence-contract,1.0.0,a4cf9efdecf6735f87d398acc56604e66df26e62f1a2f1e96fafd7791aa3bcc6,2015,Lianyungang,YRD,Salt_Marsh,5.37267177442556,spatial_unit,observed raw wetland area from authoritative panel
coastal-wetland-evidence-contract,1.0.0,a4cf9efdecf6735f87d398acc56604e66df26e62f1a2f1e96fafd7791aa3bcc6,2016,Lianyungang,YRD,Salt_Marsh,6.0692276198855,spatial_unit,observed raw wetland area from authoritative panel
coastal-wetland-evidence-contract,1.0.0,a4cf9efdecf6735f87d398acc56604e66df26e62f1a2f1e96fafd7791aa3bcc6,2017,Lianyungang,YRD,Salt_Marsh,6.11065700289715,spatial_unit,observed raw wetland area from authoritative panel
coastal-wetland-evidence-contract,1.0.0,a4cf9efdecf6735f87d398acc56604e66df26e62f1a2f1e96fafd7791aa3bcc6,2018,Lianyungang,YRD,Salt_Marsh,6.06975795720168,spatial_unit,observed raw wetland area from authoritative panel
coastal-wetland-evidence-contract,1.0.0,a4cf9efdecf6735f87d398acc56604e66df26e62f1a2f1e96fafd7791aa3bcc6,2019,Lianyungang,YRD,Salt_Marsh,5.35529806071348,spatial_unit,observed raw wetland area from authoritative panel
coastal-wetland-evidence-contract,1.0.0,a4cf9efdecf6735f87d398acc56604e66df26e62f1a2f1e96fafd7791aa3bcc6,2020,Lianyungang,YRD,Salt_Marsh,5.50782724989469,spatial_unit,observed raw wetland area from authoritative panel
coastal-wetland-evidence-contract,1.0.0,a4cf9efdecf6735f87d398acc56604e66df26e62f1a2f1e96fafd7791aa3bcc6,2021,Lianyungang,YRD,Salt_Marsh,5.8980471175743,spatial_unit,observed raw wetland area from authoritative panel
coastal-wetland-evidence-contract,1.0.0,a4cf9efdecf6735f87d398acc56604e66df26e62f1a2f1e96fafd7791aa3bcc6,2022,Lianyungang,YRD,Salt_Marsh,5.84105060764975,spatial_unit,observed raw wetland area from authoritative panel
coastal-wetland-evidence-contract,1.0.0,a4cf9efdecf6735f87d398acc56604e66df26e62f1a2f1e96fafd7791aa3bcc6,2001,Nantong,YRD,Salt_Marsh,5.05158163006281,spatial_unit,observed raw wetland area from authoritative panel
coastal-wetland-evidence-contract,1.0.0,a4cf9efdecf6735f87d398acc56604e66df26e62f1a2f1e96fafd7791aa3bcc6,2002,Nantong,YRD,Salt_Marsh,4.82854718637025,spatial_unit,observed raw wetland area from authoritative panel
coastal-wetland-evidence-contract,1.0.0,a4cf9efdecf6735f87d398acc56604e66df26e62f1a2f1e96fafd7791aa3bcc6,2003,Nantong,YRD,Salt_Marsh,4.8561969023629,spatial_unit,observed raw wetland area from authoritative panel
coastal-wetland-evidence-contract,1.0.0,a4cf9efdecf6735f87d398acc56604e66df26e62f1a2f1e96fafd7791aa3bcc6,2004,Nantong,YRD,Salt_Marsh,4.71473212811351,spatial_unit,observed raw wetland area from authoritative panel
coastal-wetland-evidence-contract,1.0.0,a4cf9efdecf6735f87d398acc56604e66df26e62f1a2f1e96fafd7791aa3bcc6,2005,Nantong,YRD,Salt_Marsh,4.6672494708027,spatial_unit,observed raw wetland area from authoritative panel
coastal-wetland-evidence-contract,1.0.0,a4cf9efdecf6735f87d398acc56604e66df26e62f1a2f1e96fafd7791aa3bcc6,2006,Nantong,YRD,Salt_Marsh,4.53826889950214,spatial_unit,observed raw wetland area from authoritative panel
coastal-wetland-evidence-contract,1.0.0,a4cf9efdecf6735f87d398acc56604e66df26e62f1a2f1e96fafd7791aa3bcc6,2007,Nantong,YRD,Salt_Marsh,4.43402180455729,spatial_unit,observed raw wetland area from authoritative panel
coastal-wetland-evidence-contract,1.0.0,a4cf9efdecf6735f87d398acc56604e66df26e62f1a2f1e96fafd7791aa3bcc6,2008,Nantong,YRD,Salt_Marsh,4.56649237277497,spatial_unit,observed raw wetland area from authoritative panel
coastal-wetland-evidence-contract,1.0.0,a4cf9efdecf6735f87d398acc56604e66df26e62f1a2f1e96fafd7791aa3bcc6,2009,Nantong,YRD,Salt_Marsh,5.03242502898667,spatial_unit,observed raw wetland area from authoritative panel
coastal-wetland-evidence-contract,1.0.0,a4cf9efdecf6735f87d398acc56604e66df26e62f1a2f1e96fafd7791aa3bcc6,2010,Nantong,YRD,Salt_Marsh,5.46060334206878,spatial_unit,observed raw wetland area from authoritative panel
coastal-wetland-evidence-contract,1.0.0,a4cf9efdecf6735f87d398acc56604e66df26e62f1a2f1e96fafd7791aa3bcc6,2011,Nantong,YRD,Salt_Marsh,5.46992992984835,spatial_unit,observed raw wetland area from authoritative panel
coastal-wetland-evidence-contract,1.0.0,a4cf9efdecf6735f87d398acc56604e66df26e62f1a2f1e96fafd7791aa3bcc6,2012,Nantong,YRD,Salt_Marsh,6.43811230497855,spatial_unit,observed raw wetland area from authoritative panel
coastal-wetland-evidence-contract,1.0.0,a4cf9efdecf6735f87d398acc56604e66df26e62f1a2f1e96fafd7791aa3bcc6,2013,Nantong,YRD,Salt_Marsh,6.55400952730545,spatial_unit,observed raw wetland area from authoritative panel
coastal-wetland-evidence-contract,1.0.0,a4cf9efdecf6735f87d398acc56604e66df26e62f1a2f1e96fafd7791aa3bcc6,2014,Nantong,YRD,Salt_Marsh,7.26280064527037,spatial_unit,observed raw wetland area from authoritative panel
coastal-wetland-evidence-contract,1.0.0,a4cf9efdecf6735f87d398acc56604e66df26e62f1a2f1e96fafd7791aa3bcc6,2015,Nantong,YRD,Salt_Marsh,7.90411712745864,spatial_unit,observed raw wetland area from authoritative panel
coastal-wetland-evidence-contract,1.0.0,a4cf9efdecf6735f87d398acc56604e66df26e62f1a2f1e96fafd7791aa3bcc6,2016,Nantong,YRD,Salt_Marsh,8.21230282382813,spatial_unit,observed raw wetland area from authoritative panel
coastal-wetland-evidence-contract,1.0.0,a4cf9efdecf6735f87d398acc56604e66df26e62f1a2f1e96fafd7791aa3bcc6,2017,Nantong,YRD,Salt_Marsh,8.86607887123162,spatial_unit,observed raw wetland area from authoritative panel
coastal-wetland-evidence-contract,1.0.0,a4cf9efdecf6735f87d398acc56604e66df26e62f1a2f1e96fafd7791aa3bcc6,2018,Nantong,YRD,Salt_Marsh,9.33970845575215,spatial_unit,observed raw wetland area from authoritative panel
coastal-wetland-evidence-contract,1.0.0,a4cf9efdecf6735f87d398acc56604e66df26e62f1a2f1e96fafd7791aa3bcc6,2019,Nantong,YRD,Salt_Marsh,10.1110289686428,spatial_unit,observed raw wetland area from authoritative panel
coastal-wetland-evidence-contract,1.0.0,a4cf9efdecf6735f87d398acc56604e66df26e62f1a2f1e96fafd7791aa3bcc6,2020,Nantong,YRD,Salt_Marsh,10.3133482596392,spatial_unit,observed raw wetland area from authoritative panel
coastal-wetland-evidence-contract,1.0.0,a4cf9efdecf6735f87d398acc56604e66df26e62f1a2f1e96fafd7791aa3bcc6,2021,Nantong,YRD,Salt_Marsh,10.00104722356,spatial_unit,observed raw wetland area from authoritative panel
coastal-wetland-evidence-contract,1.0.0,a4cf9efdecf6735f87d398acc56604e66df26e62f1a2f1e96fafd7791aa3bcc6,2022,Nantong,YRD,Salt_Marsh,9.48643200915671,spatial_unit,observed raw wetland area from authoritative panel
coastal-wetland-evidence-contract,1.0.0,a4cf9efdecf6735f87d398acc56604e66df26e62f1a2f1e96fafd7791aa3bcc6,2001,Ningbo,YRD,Salt_Marsh,3.12174542606464,spatial_unit,observed raw wetland area from authoritative panel
coastal-wetland-evidence-contract,1.0.0,a4cf9efdecf6735f87d398acc56604e66df26e62f1a2f1e96fafd7791aa3bcc6,2002,Ningbo,YRD,Salt_Marsh,3.07255969300322,spatial_unit,observed raw wetland area from authoritative panel
coastal-wetland-evidence-contract,1.0.0,a4cf9efdecf6735f87d398acc56604e66df26e62f1a2f1e96fafd7791aa3bcc6,2003,Ningbo,YRD,Salt_Marsh,3.25348446012178,spatial_unit,observed raw wetland area from authoritative panel
coastal-wetland-evidence-contract,1.0.0,a4cf9efdecf6735f87d398acc56604e66df26e62f1a2f1e96fafd7791aa3bcc6,2004,Ningbo,YRD,Salt_Marsh,3.55560166307828,spatial_unit,observed raw wetland area from authoritative panel
coastal-wetland-evidence-contract,1.0.0,a4cf9efdecf6735f87d398acc56604e66df26e62f1a2f1e96fafd7791aa3bcc6,2005,Ningbo,YRD,Salt_Marsh,4.00053889448147,spatial_unit,observed raw wetland area from authoritative panel
coastal-wetland-evidence-contract,1.0.0,a4cf9efdecf6735f87d398acc56604e66df26e62f1a2f1e96fafd7791aa3bcc6,2006,Ningbo,YRD,Salt_Marsh,4.11721830148974,spatial_unit,observed raw wetland area from authoritative panel
coastal-wetland-evidence-contract,1.0.0,a4cf9efdecf6735f87d398acc56604e66df26e62f1a2f1e96fafd7791aa3bcc6,2007,Ningbo,YRD,Salt_Marsh,4.41815022000996,spatial_unit,observed raw wetland area from authoritative panel
coastal-wetland-evidence-contract,1.0.0,a4cf9efdecf6735f87d398acc56604e66df26e62f1a2f1e96fafd7791aa3bcc6,2008,Ningbo,YRD,Salt_Marsh,4.77729524344363,spatial_unit,observed raw wetland area from authoritative panel
coastal-wetland-evidence-contract,1.0.0,a4cf9efdecf6735f87d398acc56604e66df26e62f1a2f1e96fafd7791aa3bcc6,2009,Ningbo,YRD,Salt_Marsh,5.10697520158548,spatial_unit,observed raw wetland area from authoritative panel
coastal-wetland-evidence-contract,1.0.0,a4cf9efdecf6735f87d398acc56604e66df26e62f1a2f1e96fafd7791aa3bcc6,2010,Ningbo,YRD,Salt_Marsh,5.40703525603171,spatial_unit,observed raw wetland area from authoritative panel
coastal-wetland-evidence-contract,1.0.0,a4cf9efdecf6735f87d398acc56604e66df26e62f1a2f1e96fafd7791aa3bcc6,2011,Ningbo,YRD,Salt_Marsh,5.38068280280331,spatial_unit,observed raw wetland area from authoritative panel
coastal-wetland-evidence-contract,1.0.0,a4cf9efdecf6735f87d398acc56604e66df26e62f1a2f1e96fafd7791aa3bcc6,2012,Ningbo,YRD,Salt_Marsh,5.39480731172641,spatial_unit,observed raw wetland area from authoritative panel
coastal-wetland-evidence-contract,1.0.0,a4cf9efdecf6735f87d398acc56604e66df26e62f1a2f1e96fafd7791aa3bcc6,2013,Ningbo,YRD,Salt_Marsh,5.42837745922947,spatial_unit,observed raw wetland area from authoritative panel
coastal-wetland-evidence-contract,1.0.0,a4cf9efdecf6735f87d398acc56604e66df26e62f1a2f1e96fafd7791aa3bcc6,2014,Ningbo,YRD,Salt_Marsh,5.18325393365502,spatial_unit,observed raw wetland area from authoritative panel
coastal-wetland-evidence-contract,1.0.0,a4cf9efdecf6735f87d398acc56604e66df26e62f1a2f1e96fafd7791aa3bcc6,2015,Ningbo,YRD,Salt_Marsh,6.19463943116575,spatial_unit,observed raw wetland area from authoritative panel
coastal-wetland-evidence-contract,1.0.0,a4cf9efdecf6735f87d398acc56604e66df26e62f1a2f1e96fafd7791aa3bcc6,2016,Ningbo,YRD,Salt_Marsh,6.64844576259192,spatial_unit,observed raw wetland area from authoritative panel
coastal-wetland-evidence-contract,1.0.0,a4cf9efdecf6735f87d398acc56604e66df26e62f1a2f1e96fafd7791aa3bcc6,2017,Ningbo,YRD,Salt_Marsh,7.29638418659621,spatial_unit,observed raw wetland area from authoritative panel
coastal-wetland-evidence-contract,1.0.0,a4cf9efdecf6735f87d398acc56604e66df26e62f1a2f1e96fafd7791aa3bcc6,2018,Ningbo,YRD,Salt_Marsh,8.0383665697304,spatial_unit,observed raw wetland area from authoritative panel
coastal-wetland-evidence-contract,1.0.0,a4cf9efdecf6735f87d398acc56604e66df26e62f1a2f1e96fafd7791aa3bcc6,2019,Ningbo,YRD,Salt_Marsh,8.85040941603478,spatial_unit,observed raw wetland area from authoritative panel
coastal-wetland-evidence-contract,1.0.0,a4cf9efdecf6735f87d398acc56604e66df26e62f1a2f1e96fafd7791aa3bcc6,2020,Ningbo,YRD,Salt_Marsh,9.18649008460095,spatial_unit,observed raw wetland area from authoritative panel
coastal-wetland-evidence-contract,1.0.0,a4cf9efdecf6735f87d398acc56604e66df26e62f1a2f1e96fafd7791aa3bcc6,2021,Ningbo,YRD,Salt_Marsh,8.86692965929075,spatial_unit,observed raw wetland area from authoritative panel
coastal-wetland-evidence-contract,1.0.0,a4cf9efdecf6735f87d398acc56604e66df26e62f1a2f1e96fafd7791aa3bcc6,2022,Ningbo,YRD,Salt_Marsh,8.52430219420956,spatial_unit,observed raw wetland area from authoritative panel
coastal-wetland-evidence-contract,1.0.0,a4cf9efdecf6735f87d398acc56604e66df26e62f1a2f1e96fafd7791aa3bcc6,2001,Shanghai_Shi,YRD,Salt_Marsh,5.69481474255131,spatial_unit,observed raw wetland area from authoritative panel
coastal-wetland-evidence-contract,1.0.0,a4cf9efdecf6735f87d398acc56604e66df26e62f1a2f1e96fafd7791aa3bcc6,2002,Shanghai_Shi,YRD,Salt_Marsh,6.04046422892922,spatial_unit,observed raw wetland area from authoritative panel
coastal-wetland-evidence-contract,1.0.0,a4cf9efdecf6735f87d398acc56604e66df26e62f1a2f1e96fafd7791aa3bcc6,2003,Shanghai_Shi,YRD,Salt_Marsh,7.36238425818782,spatial_unit,observed raw wetland area from authoritative panel
coastal-wetland-evidence-contract,1.0.0,a4cf9efdecf6735f87d398acc56604e66df26e62f1a2f1e96fafd7791aa3bcc6,2004,Shanghai_Shi,YRD,Salt_Marsh,8.92323258938037,spatial_unit,observed raw wetland area from authoritative panel
coastal-wetland-evidence-contract,1.0.0,a4cf9efdecf6735f87d398acc56604e66df26e62f1a2f1e96fafd7791aa3bcc6,2005,Shanghai_Shi,YRD,Salt_Marsh,9.03313439288451,spatial_unit,observed raw wetland area from authoritative panel
coastal-wetland-evidence-contract,1.0.0,a4cf9efdecf6735f87d398acc56604e66df26e62f1a2f1e96fafd7791aa3bcc6,2006,Shanghai_Shi,YRD,Salt_Marsh,9.03137171780408,spatial_unit,observed raw wetland area from authoritative panel
coastal-wetland-evidence-contract,1.0.0,a4cf9efdecf6735f87d398acc56604e66df26e62f1a2f1e96fafd7791aa3bcc6,2007,Shanghai_Shi,YRD,Salt_Marsh,8.79018793502605,spatial_unit,observed raw wetland area from authoritative panel
coastal-wetland-evidence-contract,1.0.0,a4cf9efdecf6735f87d398acc56604e66df26e62f1a2f1e96fafd7791aa3bcc6,2008,Shanghai_Shi,YRD,Salt_Marsh,8.99134097845436,spatial_unit,observed raw wetland area from authoritative panel
coastal-wetland-evidence-contract,1.0.0,a4cf9efdecf6735f87d398acc56604e66df26e62f1a2f1e96fafd7791aa3bcc6,2009,Shanghai_Shi,YRD,Salt_Marsh,9.24188416747474,spatial_unit,observed raw wetland area from authoritative panel
coastal-wetland-evidence-contract,1.0.0,a4cf9efdecf6735f87d398acc56604e66df26e62f1a2f1e96fafd7791aa3bcc6,2010,Shanghai_Shi,YRD,Salt_Marsh,9.31222417894073,spatial_unit,observed raw wetland area from authoritative panel
coastal-wetland-evidence-contract,1.0.0,a4cf9efdecf6735f87d398acc56604e66df26e62f1a2f1e96fafd7791aa3bcc6,2011,Shanghai_Shi,YRD,Salt_Marsh,9.63228653516776,spatial_unit,observed raw wetland area from authoritative panel
coastal-wetland-evidence-contract,1.0.0,a4cf9efdecf6735f87d398acc56604e66df26e62f1a2f1e96fafd7791aa3bcc6,2012,Shanghai_Shi,YRD,Salt_Marsh,10.4156893710172,spatial_unit,observed raw wetland area from authoritative panel
coastal-wetland-evidence-contract,1.0.0,a4cf9efdecf6735f87d398acc56604e66df26e62f1a2f1e96fafd7791aa3bcc6,2013,Shanghai_Shi,YRD,Salt_Marsh,10.4459371031978,spatial_unit,observed raw wetland area from authoritative panel
coastal-wetland-evidence-contract,1.0.0,a4cf9efdecf6735f87d398acc56604e66df26e62f1a2f1e96fafd7791aa3bcc6,2014,Shanghai_Shi,YRD,Salt_Marsh,10.5699923189224,spatial_unit,observed raw wetland area from authoritative panel
coastal-wetland-evidence-contract,1.0.0,a4cf9efdecf6735f87d398acc56604e66df26e62f1a2f1e96fafd7791aa3bcc6,2015,Shanghai_Shi,YRD,Salt_Marsh,10.3917576332261,spatial_unit,observed raw wetland area from authoritative panel
coastal-wetland-evidence-contract,1.0.0,a4cf9efdecf6735f87d398acc56604e66df26e62f1a2f1e96fafd7791aa3bcc6,2016,Shanghai_Shi,YRD,Salt_Marsh,10.2757957266851,spatial_unit,observed raw wetland area from authoritative panel
coastal-wetland-evidence-contract,1.0.0,a4cf9efdecf6735f87d398acc56604e66df26e62f1a2f1e96fafd7791aa3bcc6,2017,Shanghai_Shi,YRD,Salt_Marsh,10.1233201910539,spatial_unit,observed raw wetland area from authoritative panel
coastal-wetland-evidence-contract,1.0.0,a4cf9efdecf6735f87d398acc56604e66df26e62f1a2f1e96fafd7791aa3bcc6,2018,Shanghai_Shi,YRD,Salt_Marsh,9.845501605576,spatial_unit,observed raw wetland area from authoritative panel
coastal-wetland-evidence-contract,1.0.0,a4cf9efdecf6735f87d398acc56604e66df26e62f1a2f1e96fafd7791aa3bcc6,2019,Shanghai_Shi,YRD,Salt_Marsh,10.1371950650621,spatial_unit,observed raw wetland area from authoritative panel
coastal-wetland-evidence-contract,1.0.0,a4cf9efdecf6735f87d398acc56604e66df26e62f1a2f1e96fafd7791aa3bcc6,2020,Shanghai_Shi,YRD,Salt_Marsh,11.4234436514859,spatial_unit,observed raw wetland area from authoritative panel
coastal-wetland-evidence-contract,1.0.0,a4cf9efdecf6735f87d398acc56604e66df26e62f1a2f1e96fafd7791aa3bcc6,2021,Shanghai_Shi,YRD,Salt_Marsh,11.7401734403033,spatial_unit,observed raw wetland area from authoritative panel
coastal-wetland-evidence-contract,1.0.0,a4cf9efdecf6735f87d398acc56604e66df26e62f1a2f1e96fafd7791aa3bcc6,2022,Shanghai_Shi,YRD,Salt_Marsh,11.102060829002,spatial_unit,observed raw wetland area from authoritative panel
coastal-wetland-evidence-contract,1.0.0,a4cf9efdecf6735f87d398acc56604e66df26e62f1a2f1e96fafd7791aa3bcc6,2001,Shaoxing,YRD,Salt_Marsh,1.2178797764591,spatial_unit,observed raw wetland area from authoritative panel
coastal-wetland-evidence-contract,1.0.0,a4cf9efdecf6735f87d398acc56604e66df26e62f1a2f1e96fafd7791aa3bcc6,2002,Shaoxing,YRD,Salt_Marsh,1.22731936101792,spatial_unit,observed raw wetland area from authoritative panel
coastal-wetland-evidence-contract,1.0.0,a4cf9efdecf6735f87d398acc56604e66df26e62f1a2f1e96fafd7791aa3bcc6,2003,Shaoxing,YRD,Salt_Marsh,2.46914404070542,spatial_unit,observed raw wetland area from authoritative panel
coastal-wetland-evidence-contract,1.0.0,a4cf9efdecf6735f87d398acc56604e66df26e62f1a2f1e96fafd7791aa3bcc6,2004,Shaoxing,YRD,Salt_Marsh,2.78788585808441,spatial_unit,observed raw wetland area from authoritative panel
coastal-wetland-evidence-contract,1.0.0,a4cf9efdecf6735f87d398acc56604e66df26e62f1a2f1e96fafd7791aa3bcc6,2005,Shaoxing,YRD,Salt_Marsh,2.46879919988128,spatial_unit,observed raw wetland area from authoritative panel
coastal-wetland-evidence-contract,1.0.0,a4cf9efdecf6735f87d398acc56604e66df26e62f1a2f1e96fafd7791aa3bcc6,2006,Shaoxing,YRD,Salt_Marsh,2.07210567351409,spatial_unit,observed raw wetland area from authoritative panel
coastal-wetland-evidence-contract,1.0.0,a4cf9efdecf6735f87d398acc56604e66df26e62f1a2f1e96fafd7791aa3bcc6,2007,Shaoxing,YRD,Salt_Marsh,2.07224056545266,spatial_unit,observed raw wetland area from authoritative panel
coastal-wetland-evidence-contract,1.0.0,a4cf9efdecf6735f87d398acc56604e66df26e62f1a2f1e96fafd7791aa3bcc6,2008,Shaoxing,YRD,Salt_Marsh,1.9083951972886,spatial_unit,observed raw wetland area from authoritative panel
coastal-wetland-evidence-contract,1.0.0,a4cf9efdecf6735f87d398acc56604e66df26e62f1a2f1e96fafd7791aa3bcc6,2009,Shaoxing,YRD,Salt_Marsh,1.64106131642923,spatial_unit,observed raw wetland area from authoritative panel
coastal-wetland-evidence-contract,1.0.0,a4cf9efdecf6735f87d398acc56604e66df26e62f1a2f1e96fafd7791aa3bcc6,2010,Shaoxing,YRD,Salt_Marsh,1.60689838987439,spatial_unit,observed raw wetland area from authoritative panel
coastal-wetland-evidence-contract,1.0.0,a4cf9efdecf6735f87d398acc56604e66df26e62f1a2f1e96fafd7791aa3bcc6,2011,Shaoxing,YRD,Salt_Marsh,1.6556616214614,spatial_unit,observed raw wetland area from authoritative panel
coastal-wetland-evidence-contract,1.0.0,a4cf9efdecf6735f87d398acc56604e66df26e62f1a2f1e96fafd7791aa3bcc6,2012,Shaoxing,YRD,Salt_Marsh,1.68451838792126,spatial_unit,observed raw wetland area from authoritative panel
coastal-wetland-evidence-contract,1.0.0,a4cf9efdecf6735f87d398acc56604e66df26e62f1a2f1e96fafd7791aa3bcc6,2013,Shaoxing,YRD,Salt_Marsh,1.55517510667126,spatial_unit,observed raw wetland area from authoritative panel
coastal-wetland-evidence-contract,1.0.0,a4cf9efdecf6735f87d398acc56604e66df26e62f1a2f1e96fafd7791aa3bcc6,2014,Shaoxing,YRD,Salt_Marsh,1.57241213108533,spatial_unit,observed raw wetland area from authoritative panel
coastal-wetland-evidence-contract,1.0.0,a4cf9efdecf6735f87d398acc56604e66df26e62f1a2f1e96fafd7791aa3bcc6,2015,Shaoxing,YRD,Salt_Marsh,1.55515321018689,spatial_unit,observed raw wetland area from authoritative panel
coastal-wetland-evidence-contract,1.0.0,a4cf9efdecf6735f87d398acc56604e66df26e62f1a2f1e96fafd7791aa3bcc6,2016,Shaoxing,YRD,Salt_Marsh,1.54652724729626,spatial_unit,observed raw wetland area from authoritative panel
coastal-wetland-evidence-contract,1.0.0,a4cf9efdecf6735f87d398acc56604e66df26e62f1a2f1e96fafd7791aa3bcc6,2017,Shaoxing,YRD,Salt_Marsh,1.44304096018689,spatial_unit,observed raw wetland area from authoritative panel
coastal-wetland-evidence-contract,1.0.0,a4cf9efdecf6735f87d398acc56604e66df26e62f1a2f1e96fafd7791aa3bcc6,2018,Shaoxing,YRD,Salt_Marsh,1.41704269715457,spatial_unit,observed raw wetland area from authoritative panel
coastal-wetland-evidence-contract,1.0.0,a4cf9efdecf6735f87d398acc56604e66df26e62f1a2f1e96fafd7791aa3bcc6,2019,Shaoxing,YRD,Salt_Marsh,1.37392724598269,spatial_unit,observed raw wetland area from authoritative panel
coastal-wetland-evidence-contract,1.0.0,a4cf9efdecf6735f87d398acc56604e66df26e62f1a2f1e96fafd7791aa3bcc6,2020,Shaoxing,YRD,Salt_Marsh,1.35667485731082,spatial_unit,observed raw wetland area from authoritative panel
coastal-wetland-evidence-contract,1.0.0,a4cf9efdecf6735f87d398acc56604e66df26e62f1a2f1e96fafd7791aa3bcc6,2021,Shaoxing,YRD,Salt_Marsh,1.39116388563113,spatial_unit,observed raw wetland area from authoritative panel
coastal-wetland-evidence-contract,1.0.0,a4cf9efdecf6735f87d398acc56604e66df26e62f1a2f1e96fafd7791aa3bcc6,2022,Shaoxing,YRD,Salt_Marsh,1.32218106922488,spatial_unit,observed raw wetland area from authoritative panel
coastal-wetland-evidence-contract,1.0.0,a4cf9efdecf6735f87d398acc56604e66df26e62f1a2f1e96fafd7791aa3bcc6,2001,Taizhou,YRD,Salt_Marsh,8.44719110105315,spatial_unit,observed raw wetland area from authoritative panel
coastal-wetland-evidence-contract,1.0.0,a4cf9efdecf6735f87d398acc56604e66df26e62f1a2f1e96fafd7791aa3bcc6,2002,Taizhou,YRD,Salt_Marsh,8.7499040191636,spatial_unit,observed raw wetland area from authoritative panel
coastal-wetland-evidence-contract,1.0.0,a4cf9efdecf6735f87d398acc56604e66df26e62f1a2f1e96fafd7791aa3bcc6,2003,Taizhou,YRD,Salt_Marsh,8.70482057793352,spatial_unit,observed raw wetland area from authoritative panel
coastal-wetland-evidence-contract,1.0.0,a4cf9efdecf6735f87d398acc56604e66df26e62f1a2f1e96fafd7791aa3bcc6,2004,Taizhou,YRD,Salt_Marsh,9.17146098341377,spatial_unit,observed raw wetland area from authoritative panel
coastal-wetland-evidence-contract,1.0.0,a4cf9efdecf6735f87d398acc56604e66df26e62f1a2f1e96fafd7791aa3bcc6,2005,Taizhou,YRD,Salt_Marsh,9.17980891801471,spatial_unit,observed raw wetland area from authoritative panel
coastal-wetland-evidence-contract,1.0.0,a4cf9efdecf6735f87d398acc56604e66df26e62f1a2f1e96fafd7791aa3bcc6,2006,Taizhou,YRD,Salt_Marsh,9.25788434908471,spatial_unit,observed raw wetland area from authoritative panel
coastal-wetland-evidence-contract,1.0.0,a4cf9efdecf6735f87d398acc56604e66df26e62f1a2f1e96fafd7791aa3bcc6,2007,Taizhou,YRD,Salt_Marsh,9.27672951252298,spatial_unit,observed raw wetland area from authoritative panel
coastal-wetland-evidence-contract,1.0.0,a4cf9efdecf6735f87d398acc56604e66df26e62f1a2f1e96fafd7791aa3bcc6,2008,Taizhou,YRD,Salt_Marsh,9.93151352155715,spatial_unit,observed raw wetland area from authoritative panel
coastal-wetland-evidence-contract,1.0.0,a4cf9efdecf6735f87d398acc56604e66df26e62f1a2f1e96fafd7791aa3bcc6,2009,Taizhou,YRD,Salt_Marsh,10.5094574279833,spatial_unit,observed raw wetland area from authoritative panel
coastal-wetland-evidence-contract,1.0.0,a4cf9efdecf6735f87d398acc56604e66df26e62f1a2f1e96fafd7791aa3bcc6,2010,Taizhou,YRD,Salt_Marsh,10.5613886198529,spatial_unit,observed raw wetland area from authoritative panel
coastal-wetland-evidence-contract,1.0.0,a4cf9efdecf6735f87d398acc56604e66df26e62f1a2f1e96fafd7791aa3bcc6,2011,Taizhou,YRD,Salt_Marsh,10.539701700988,spatial_unit,observed raw wetland area from authoritative panel
coastal-wetland-evidence-contract,1.0.0,a4cf9efdecf6735f87d398acc56604e66df26e62f1a2f1e96fafd7791aa3bcc6,2012,Taizhou,YRD,Salt_Marsh,10.6416459067057,spatial_unit,observed raw wetland area from authoritative panel
coastal-wetland-evidence-contract,1.0.0,a4cf9efdecf6735f87d398acc56604e66df26e62f1a2f1e96fafd7791aa3bcc6,2013,Taizhou,YRD,Salt_Marsh,10.8318642840993,spatial_unit,observed raw wetland area from authoritative panel
coastal-wetland-evidence-contract,1.0.0,a4cf9efdecf6735f87d398acc56604e66df26e62f1a2f1e96fafd7791aa3bcc6,2014,Taizhou,YRD,Salt_Marsh,11.2063994389514,spatial_unit,observed raw wetland area from authoritative panel
coastal-wetland-evidence-contract,1.0.0,a4cf9efdecf6735f87d398acc56604e66df26e62f1a2f1e96fafd7791aa3bcc6,2015,Taizhou,YRD,Salt_Marsh,12.4643699428079,spatial_unit,observed raw wetland area from authoritative panel
coastal-wetland-evidence-contract,1.0.0,a4cf9efdecf6735f87d398acc56604e66df26e62f1a2f1e96fafd7791aa3bcc6,2016,Taizhou,YRD,Salt_Marsh,12.3168240762867,spatial_unit,observed raw wetland area from authoritative panel
coastal-wetland-evidence-contract,1.0.0,a4cf9efdecf6735f87d398acc56604e66df26e62f1a2f1e96fafd7791aa3bcc6,2017,Taizhou,YRD,Salt_Marsh,12.6459461486749,spatial_unit,observed raw wetland area from authoritative panel
coastal-wetland-evidence-contract,1.0.0,a4cf9efdecf6735f87d398acc56604e66df26e62f1a2f1e96fafd7791aa3bcc6,2018,Taizhou,YRD,Salt_Marsh,12.3610782222464,spatial_unit,observed raw wetland area from authoritative panel
coastal-wetland-evidence-contract,1.0.0,a4cf9efdecf6735f87d398acc56604e66df26e62f1a2f1e96fafd7791aa3bcc6,2019,Taizhou,YRD,Salt_Marsh,13.1059878855315,spatial_unit,observed raw wetland area from authoritative panel
coastal-wetland-evidence-contract,1.0.0,a4cf9efdecf6735f87d398acc56604e66df26e62f1a2f1e96fafd7791aa3bcc6,2020,Taizhou,YRD,Salt_Marsh,13.7193289846354,spatial_unit,observed raw wetland area from authoritative panel
coastal-wetland-evidence-contract,1.0.0,a4cf9efdecf6735f87d398acc56604e66df26e62f1a2f1e96fafd7791aa3bcc6,2021,Taizhou,YRD,Salt_Marsh,14.2675788344439,spatial_unit,observed raw wetland area from authoritative panel
coastal-wetland-evidence-contract,1.0.0,a4cf9efdecf6735f87d398acc56604e66df26e62f1a2f1e96fafd7791aa3bcc6,2022,Taizhou,YRD,Salt_Marsh,14.242087571201,spatial_unit,observed raw wetland area from authoritative panel
coastal-wetland-evidence-contract,1.0.0,a4cf9efdecf6735f87d398acc56604e66df26e62f1a2f1e96fafd7791aa3bcc6,2001,Wenzhou,YRD,Salt_Marsh,6.18014877761182,spatial_unit,observed raw wetland area from authoritative panel
coastal-wetland-evidence-contract,1.0.0,a4cf9efdecf6735f87d398acc56604e66df26e62f1a2f1e96fafd7791aa3bcc6,2002,Wenzhou,YRD,Salt_Marsh,6.12997043496476,spatial_unit,observed raw wetland area from authoritative panel
coastal-wetland-evidence-contract,1.0.0,a4cf9efdecf6735f87d398acc56604e66df26e62f1a2f1e96fafd7791aa3bcc6,2003,Wenzhou,YRD,Salt_Marsh,6.08813329427082,spatial_unit,observed raw wetland area from authoritative panel
coastal-wetland-evidence-contract,1.0.0,a4cf9efdecf6735f87d398acc56604e66df26e62f1a2f1e96fafd7791aa3bcc6,2004,Wenzhou,YRD,Salt_Marsh,6.1741507477022,spatial_unit,observed raw wetland area from authoritative panel
coastal-wetland-evidence-contract,1.0.0,a4cf9efdecf6735f87d398acc56604e66df26e62f1a2f1e96fafd7791aa3bcc6,2005,Wenzhou,YRD,Salt_Marsh,6.66357186604241,spatial_unit,observed raw wetland area from authoritative panel
coastal-wetland-evidence-contract,1.0.0,a4cf9efdecf6735f87d398acc56604e66df26e62f1a2f1e96fafd7791aa3bcc6,2006,Wenzhou,YRD,Salt_Marsh,6.83544220335859,spatial_unit,observed raw wetland area from authoritative panel
coastal-wetland-evidence-contract,1.0.0,a4cf9efdecf6735f87d398acc56604e66df26e62f1a2f1e96fafd7791aa3bcc6,2007,Wenzhou,YRD,Salt_Marsh,7.29927653594897,spatial_unit,observed raw wetland area from authoritative panel
coastal-wetland-evidence-contract,1.0.0,a4cf9efdecf6735f87d398acc56604e66df26e62f1a2f1e96fafd7791aa3bcc6,2008,Wenzhou,YRD,Salt_Marsh,7.55583829083179,spatial_unit,observed raw wetland area from authoritative panel
coastal-wetland-evidence-contract,1.0.0,a4cf9efdecf6735f87d398acc56604e66df26e62f1a2f1e96fafd7791aa3bcc6,2009,Wenzhou,YRD,Salt_Marsh,7.57869983975182,spatial_unit,observed raw wetland area from authoritative panel
coastal-wetland-evidence-contract,1.0.0,a4cf9efdecf6735f87d398acc56604e66df26e62f1a2f1e96fafd7791aa3bcc6,2010,Wenzhou,YRD,Salt_Marsh,8.01892877401576,spatial_unit,observed raw wetland area from authoritative panel
coastal-wetland-evidence-contract,1.0.0,a4cf9efdecf6735f87d398acc56604e66df26e62f1a2f1e96fafd7791aa3bcc6,2011,Wenzhou,YRD,Salt_Marsh,7.86521305269223,spatial_unit,observed raw wetland area from authoritative panel
coastal-wetland-evidence-contract,1.0.0,a4cf9efdecf6735f87d398acc56604e66df26e62f1a2f1e96fafd7791aa3bcc6,2012,Wenzhou,YRD,Salt_Marsh,9.2340513458065,spatial_unit,observed raw wetland area from authoritative panel
coastal-wetland-evidence-contract,1.0.0,a4cf9efdecf6735f87d398acc56604e66df26e62f1a2f1e96fafd7791aa3bcc6,2013,Wenzhou,YRD,Salt_Marsh,10.8980850505668,spatial_unit,observed raw wetland area from authoritative panel
coastal-wetland-evidence-contract,1.0.0,a4cf9efdecf6735f87d398acc56604e66df26e62f1a2f1e96fafd7791aa3bcc6,2014,Wenzhou,YRD,Salt_Marsh,11.2896708281211,spatial_unit,observed raw wetland area from authoritative panel
coastal-wetland-evidence-contract,1.0.0,a4cf9efdecf6735f87d398acc56604e66df26e62f1a2f1e96fafd7791aa3bcc6,2015,Wenzhou,YRD,Salt_Marsh,12.6128047123736,spatial_unit,observed raw wetland area from authoritative panel
coastal-wetland-evidence-contract,1.0.0,a4cf9efdecf6735f87d398acc56604e66df26e62f1a2f1e96fafd7791aa3bcc6,2016,Wenzhou,YRD,Salt_Marsh,12.5389119130285,spatial_unit,observed raw wetland area from authoritative panel
coastal-wetland-evidence-contract,1.0.0,a4cf9efdecf6735f87d398acc56604e66df26e62f1a2f1e96fafd7791aa3bcc6,2017,Wenzhou,YRD,Salt_Marsh,13.4471020681947,spatial_unit,observed raw wetland area from authoritative panel
coastal-wetland-evidence-contract,1.0.0,a4cf9efdecf6735f87d398acc56604e66df26e62f1a2f1e96fafd7791aa3bcc6,2018,Wenzhou,YRD,Salt_Marsh,13.586708688894,spatial_unit,observed raw wetland area from authoritative panel
coastal-wetland-evidence-contract,1.0.0,a4cf9efdecf6735f87d398acc56604e66df26e62f1a2f1e96fafd7791aa3bcc6,2019,Wenzhou,YRD,Salt_Marsh,14.8100909041322,spatial_unit,observed raw wetland area from authoritative panel
coastal-wetland-evidence-contract,1.0.0,a4cf9efdecf6735f87d398acc56604e66df26e62f1a2f1e96fafd7791aa3bcc6,2020,Wenzhou,YRD,Salt_Marsh,15.1432629416437,spatial_unit,observed raw wetland area from authoritative panel
coastal-wetland-evidence-contract,1.0.0,a4cf9efdecf6735f87d398acc56604e66df26e62f1a2f1e96fafd7791aa3bcc6,2021,Wenzhou,YRD,Salt_Marsh,15.2892629655254,spatial_unit,observed raw wetland area from authoritative panel
coastal-wetland-evidence-contract,1.0.0,a4cf9efdecf6735f87d398acc56604e66df26e62f1a2f1e96fafd7791aa3bcc6,2022,Wenzhou,YRD,Salt_Marsh,15.451614872706,spatial_unit,observed raw wetland area from authoritative panel
coastal-wetland-evidence-contract,1.0.0,a4cf9efdecf6735f87d398acc56604e66df26e62f1a2f1e96fafd7791aa3bcc6,2001,Yancheng,YRD,Salt_Marsh,10.6056751883846,spatial_unit,observed raw wetland area from authoritative panel
coastal-wetland-evidence-contract,1.0.0,a4cf9efdecf6735f87d398acc56604e66df26e62f1a2f1e96fafd7791aa3bcc6,2002,Yancheng,YRD,Salt_Marsh,10.3303105738971,spatial_unit,observed raw wetland area from authoritative panel
coastal-wetland-evidence-contract,1.0.0,a4cf9efdecf6735f87d398acc56604e66df26e62f1a2f1e96fafd7791aa3bcc6,2003,Yancheng,YRD,Salt_Marsh,10.5083774357767,spatial_unit,observed raw wetland area from authoritative panel
coastal-wetland-evidence-contract,1.0.0,a4cf9efdecf6735f87d398acc56604e66df26e62f1a2f1e96fafd7791aa3bcc6,2004,Yancheng,YRD,Salt_Marsh,11.095585303282,spatial_unit,observed raw wetland area from authoritative panel
coastal-wetland-evidence-contract,1.0.0,a4cf9efdecf6735f87d398acc56604e66df26e62f1a2f1e96fafd7791aa3bcc6,2005,Yancheng,YRD,Salt_Marsh,12.246397197752,spatial_unit,observed raw wetland area from authoritative panel
coastal-wetland-evidence-contract,1.0.0,a4cf9efdecf6735f87d398acc56604e66df26e62f1a2f1e96fafd7791aa3bcc6,2006,Yancheng,YRD,Salt_Marsh,10.907395859532,spatial_unit,observed raw wetland area from authoritative panel
coastal-wetland-evidence-contract,1.0.0,a4cf9efdecf6735f87d398acc56604e66df26e62f1a2f1e96fafd7791aa3bcc6,2007,Yancheng,YRD,Salt_Marsh,11.4700776077704,spatial_unit,observed raw wetland area from authoritative panel
coastal-wetland-evidence-contract,1.0.0,a4cf9efdecf6735f87d398acc56604e66df26e62f1a2f1e96fafd7791aa3bcc6,2008,Yancheng,YRD,Salt_Marsh,11.4077544205959,spatial_unit,observed raw wetland area from authoritative panel
coastal-wetland-evidence-contract,1.0.0,a4cf9efdecf6735f87d398acc56604e66df26e62f1a2f1e96fafd7791aa3bcc6,2009,Yancheng,YRD,Salt_Marsh,14.0306363336244,spatial_unit,observed raw wetland area from authoritative panel
coastal-wetland-evidence-contract,1.0.0,a4cf9efdecf6735f87d398acc56604e66df26e62f1a2f1e96fafd7791aa3bcc6,2010,Yancheng,YRD,Salt_Marsh,13.7713428631089,spatial_unit,observed raw wetland area from authoritative panel
coastal-wetland-evidence-contract,1.0.0,a4cf9efdecf6735f87d398acc56604e66df26e62f1a2f1e96fafd7791aa3bcc6,2011,Yancheng,YRD,Salt_Marsh,14.5353360831265,spatial_unit,observed raw wetland area from authoritative panel
coastal-wetland-evidence-contract,1.0.0,a4cf9efdecf6735f87d398acc56604e66df26e62f1a2f1e96fafd7791aa3bcc6,2012,Yancheng,YRD,Salt_Marsh,10.9481771871783,spatial_unit,observed raw wetland area from authoritative panel
coastal-wetland-evidence-contract,1.0.0,a4cf9efdecf6735f87d398acc56604e66df26e62f1a2f1e96fafd7791aa3bcc6,2013,Yancheng,YRD,Salt_Marsh,9.41882679188497,spatial_unit,observed raw wetland area from authoritative panel
coastal-wetland-evidence-contract,1.0.0,a4cf9efdecf6735f87d398acc56604e66df26e62f1a2f1e96fafd7791aa3bcc6,2014,Yancheng,YRD,Salt_Marsh,9.79395929224496,spatial_unit,observed raw wetland area from authoritative panel
coastal-wetland-evidence-contract,1.0.0,a4cf9efdecf6735f87d398acc56604e66df26e62f1a2f1e96fafd7791aa3bcc6,2015,Yancheng,YRD,Salt_Marsh,10.2529125009919,spatial_unit,observed raw wetland area from authoritative panel
coastal-wetland-evidence-contract,1.0.0,a4cf9efdecf6735f87d398acc56604e66df26e62f1a2f1e96fafd7791aa3bcc6,2016,Yancheng,YRD,Salt_Marsh,10.6795016364239,spatial_unit,observed raw wetland area from authoritative panel
coastal-wetland-evidence-contract,1.0.0,a4cf9efdecf6735f87d398acc56604e66df26e62f1a2f1e96fafd7791aa3bcc6,2017,Yancheng,YRD,Salt_Marsh,10.6735110072993,spatial_unit,observed raw wetland area from authoritative panel
coastal-wetland-evidence-contract,1.0.0,a4cf9efdecf6735f87d398acc56604e66df26e62f1a2f1e96fafd7791aa3bcc6,2018,Yancheng,YRD,Salt_Marsh,10.072499847078,spatial_unit,observed raw wetland area from authoritative panel
coastal-wetland-evidence-contract,1.0.0,a4cf9efdecf6735f87d398acc56604e66df26e62f1a2f1e96fafd7791aa3bcc6,2019,Yancheng,YRD,Salt_Marsh,10.2716582552543,spatial_unit,observed raw wetland area from authoritative panel
coastal-wetland-evidence-contract,1.0.0,a4cf9efdecf6735f87d398acc56604e66df26e62f1a2f1e96fafd7791aa3bcc6,2020,Yancheng,YRD,Salt_Marsh,9.39479069137945,spatial_unit,observed raw wetland area from authoritative panel
coastal-wetland-evidence-contract,1.0.0,a4cf9efdecf6735f87d398acc56604e66df26e62f1a2f1e96fafd7791aa3bcc6,2021,Yancheng,YRD,Salt_Marsh,9.61702425276502,spatial_unit,observed raw wetland area from authoritative panel
coastal-wetland-evidence-contract,1.0.0,a4cf9efdecf6735f87d398acc56604e66df26e62f1a2f1e96fafd7791aa3bcc6,2022,Yancheng,YRD,Salt_Marsh,9.18224840408625,spatial_unit,observed raw wetland area from authoritative panel
coastal-wetland-evidence-contract,1.0.0,a4cf9efdecf6735f87d398acc56604e66df26e62f1a2f1e96fafd7791aa3bcc6,2001,Zhoushan,YRD,Salt_Marsh,0.125243727799479,spatial_unit,observed raw wetland area from authoritative panel
coastal-wetland-evidence-contract,1.0.0,a4cf9efdecf6735f87d398acc56604e66df26e62f1a2f1e96fafd7791aa3bcc6,2002,Zhoushan,YRD,Salt_Marsh,0.147924189227175,spatial_unit,observed raw wetland area from authoritative panel
coastal-wetland-evidence-contract,1.0.0,a4cf9efdecf6735f87d398acc56604e66df26e62f1a2f1e96fafd7791aa3bcc6,2003,Zhoushan,YRD,Salt_Marsh,0.150008458348652,spatial_unit,observed raw wetland area from authoritative panel
coastal-wetland-evidence-contract,1.0.0,a4cf9efdecf6735f87d398acc56604e66df26e62f1a2f1e96fafd7791aa3bcc6,2004,Zhoushan,YRD,Salt_Marsh,0.156614869041054,spatial_unit,observed raw wetland area from authoritative panel
coastal-wetland-evidence-contract,1.0.0,a4cf9efdecf6735f87d398acc56604e66df26e62f1a2f1e96fafd7791aa3bcc6,2005,Zhoushan,YRD,Salt_Marsh,0.153186142513021,spatial_unit,observed raw wetland area from authoritative panel
coastal-wetland-evidence-contract,1.0.0,a4cf9efdecf6735f87d398acc56604e66df26e62f1a2f1e96fafd7791aa3bcc6,2006,Zhoushan,YRD,Salt_Marsh,0.173853345856311,spatial_unit,observed raw wetland area from authoritative panel
coastal-wetland-evidence-contract,1.0.0,a4cf9efdecf6735f87d398acc56604e66df26e62f1a2f1e96fafd7791aa3bcc6,2007,Zhoushan,YRD,Salt_Marsh,0.19022915379902,spatial_unit,observed raw wetland area from authoritative panel
coastal-wetland-evidence-contract,1.0.0,a4cf9efdecf6735f87d398acc56604e66df26e62f1a2f1e96fafd7791aa3bcc6,2008,Zhoushan,YRD,Salt_Marsh,0.229714649096201,spatial_unit,observed raw wetland area from authoritative panel
coastal-wetland-evidence-contract,1.0.0,a4cf9efdecf6735f87d398acc56604e66df26e62f1a2f1e96fafd7791aa3bcc6,2009,Zhoushan,YRD,Salt_Marsh,0.288961228002451,spatial_unit,observed raw wetland area from authoritative panel
coastal-wetland-evidence-contract,1.0.0,a4cf9efdecf6735f87d398acc56604e66df26e62f1a2f1e96fafd7791aa3bcc6,2010,Zhoushan,YRD,Salt_Marsh,0.431182108160999,spatial_unit,observed raw wetland area from authoritative panel
coastal-wetland-evidence-contract,1.0.0,a4cf9efdecf6735f87d398acc56604e66df26e62f1a2f1e96fafd7791aa3bcc6,2011,Zhoushan,YRD,Salt_Marsh,0.506843979921109,spatial_unit,observed raw wetland area from authoritative panel
coastal-wetland-evidence-contract,1.0.0,a4cf9efdecf6735f87d398acc56604e66df26e62f1a2f1e96fafd7791aa3bcc6,2012,Zhoushan,YRD,Salt_Marsh,0.635517580855545,spatial_unit,observed raw wetland area from authoritative panel
coastal-wetland-evidence-contract,1.0.0,a4cf9efdecf6735f87d398acc56604e66df26e62f1a2f1e96fafd7791aa3bcc6,2013,Zhoushan,YRD,Salt_Marsh,0.802090138966759,spatial_unit,observed raw wetland area from authoritative panel
coastal-wetland-evidence-contract,1.0.0,a4cf9efdecf6735f87d398acc56604e66df26e62f1a2f1e96fafd7791aa3bcc6,2014,Zhoushan,YRD,Salt_Marsh,0.850619053052236,spatial_unit,observed raw wetland area from authoritative panel
coastal-wetland-evidence-contract,1.0.0,a4cf9efdecf6735f87d398acc56604e66df26e62f1a2f1e96fafd7791aa3bcc6,2015,Zhoushan,YRD,Salt_Marsh,1.03883730526578,spatial_unit,observed raw wetland area from authoritative panel
coastal-wetland-evidence-contract,1.0.0,a4cf9efdecf6735f87d398acc56604e66df26e62f1a2f1e96fafd7791aa3bcc6,2016,Zhoushan,YRD,Salt_Marsh,1.04601270754825,spatial_unit,observed raw wetland area from authoritative panel
coastal-wetland-evidence-contract,1.0.0,a4cf9efdecf6735f87d398acc56604e66df26e62f1a2f1e96fafd7791aa3bcc6,2017,Zhoushan,YRD,Salt_Marsh,1.08835898450138,spatial_unit,observed raw wetland area from authoritative panel
coastal-wetland-evidence-contract,1.0.0,a4cf9efdecf6735f87d398acc56604e66df26e62f1a2f1e96fafd7791aa3bcc6,2018,Zhoushan,YRD,Salt_Marsh,1.13057743038833,spatial_unit,observed raw wetland area from authoritative panel
coastal-wetland-evidence-contract,1.0.0,a4cf9efdecf6735f87d398acc56604e66df26e62f1a2f1e96fafd7791aa3bcc6,2019,Zhoushan,YRD,Salt_Marsh,1.27052647684589,spatial_unit,observed raw wetland area from authoritative panel
coastal-wetland-evidence-contract,1.0.0,a4cf9efdecf6735f87d398acc56604e66df26e62f1a2f1e96fafd7791aa3bcc6,2020,Zhoushan,YRD,Salt_Marsh,1.21119267030867,spatial_unit,observed raw wetland area from authoritative panel
coastal-wetland-evidence-contract,1.0.0,a4cf9efdecf6735f87d398acc56604e66df26e62f1a2f1e96fafd7791aa3bcc6,2021,Zhoushan,YRD,Salt_Marsh,1.23890653722043,spatial_unit,observed raw wetland area from authoritative panel
coastal-wetland-evidence-contract,1.0.0,a4cf9efdecf6735f87d398acc56604e66df26e62f1a2f1e96fafd7791aa3bcc6,2022,Zhoushan,YRD,Salt_Marsh,1.11150081668964,spatial_unit,observed raw wetland area from authoritative panel
coastal-wetland-evidence-contract,1.0.0,a4cf9efdecf6735f87d398acc56604e66df26e62f1a2f1e96fafd7791aa3bcc6,2001,Beihai,BBG,Tidal_Flat,11.8590202982,spatial_unit,observed raw wetland area from authoritative panel
coastal-wetland-evidence-contract,1.0.0,a4cf9efdecf6735f87d398acc56604e66df26e62f1a2f1e96fafd7791aa3bcc6,2002,Beihai,BBG,Tidal_Flat,11.3545796609566,spatial_unit,observed raw wetland area from authoritative panel
coastal-wetland-evidence-contract,1.0.0,a4cf9efdecf6735f87d398acc56604e66df26e62f1a2f1e96fafd7791aa3bcc6,2003,Beihai,BBG,Tidal_Flat,11.4598259137255,spatial_unit,observed raw wetland area from authoritative panel
coastal-wetland-evidence-contract,1.0.0,a4cf9efdecf6735f87d398acc56604e66df26e62f1a2f1e96fafd7791aa3bcc6,2004,Beihai,BBG,Tidal_Flat,10.9133480586282,spatial_unit,observed raw wetland area from authoritative panel
coastal-wetland-evidence-contract,1.0.0,a4cf9efdecf6735f87d398acc56604e66df26e62f1a2f1e96fafd7791aa3bcc6,2005,Beihai,BBG,Tidal_Flat,11.5481943816598,spatial_unit,observed raw wetland area from authoritative panel
coastal-wetland-evidence-contract,1.0.0,a4cf9efdecf6735f87d398acc56604e66df26e62f1a2f1e96fafd7791aa3bcc6,2006,Beihai,BBG,Tidal_Flat,11.4618317501072,spatial_unit,observed raw wetland area from authoritative panel
coastal-wetland-evidence-contract,1.0.0,a4cf9efdecf6735f87d398acc56604e66df26e62f1a2f1e96fafd7791aa3bcc6,2007,Beihai,BBG,Tidal_Flat,11.6554986695963,spatial_unit,observed raw wetland area from authoritative panel
coastal-wetland-evidence-contract,1.0.0,a4cf9efdecf6735f87d398acc56604e66df26e62f1a2f1e96fafd7791aa3bcc6,2008,Beihai,BBG,Tidal_Flat,11.3962763438304,spatial_unit,observed raw wetland area from authoritative panel
coastal-wetland-evidence-contract,1.0.0,a4cf9efdecf6735f87d398acc56604e66df26e62f1a2f1e96fafd7791aa3bcc6,2009,Beihai,BBG,Tidal_Flat,11.2147320330691,spatial_unit,observed raw wetland area from authoritative panel
coastal-wetland-evidence-contract,1.0.0,a4cf9efdecf6735f87d398acc56604e66df26e62f1a2f1e96fafd7791aa3bcc6,2010,Beihai,BBG,Tidal_Flat,10.7106156293735,spatial_unit,observed raw wetland area from authoritative panel
coastal-wetland-evidence-contract,1.0.0,a4cf9efdecf6735f87d398acc56604e66df26e62f1a2f1e96fafd7791aa3bcc6,2011,Beihai,BBG,Tidal_Flat,10.8822714217831,spatial_unit,observed raw wetland area from authoritative panel
coastal-wetland-evidence-contract,1.0.0,a4cf9efdecf6735f87d398acc56604e66df26e62f1a2f1e96fafd7791aa3bcc6,2012,Beihai,BBG,Tidal_Flat,10.8726356614124,spatial_unit,observed raw wetland area from authoritative panel
coastal-wetland-evidence-contract,1.0.0,a4cf9efdecf6735f87d398acc56604e66df26e62f1a2f1e96fafd7791aa3bcc6,2013,Beihai,BBG,Tidal_Flat,10.7532721993796,spatial_unit,observed raw wetland area from authoritative panel
coastal-wetland-evidence-contract,1.0.0,a4cf9efdecf6735f87d398acc56604e66df26e62f1a2f1e96fafd7791aa3bcc6,2014,Beihai,BBG,Tidal_Flat,10.7949341973882,spatial_unit,observed raw wetland area from authoritative panel
coastal-wetland-evidence-contract,1.0.0,a4cf9efdecf6735f87d398acc56604e66df26e62f1a2f1e96fafd7791aa3bcc6,2015,Beihai,BBG,Tidal_Flat,10.215204143907,spatial_unit,observed raw wetland area from authoritative panel
coastal-wetland-evidence-contract,1.0.0,a4cf9efdecf6735f87d398acc56604e66df26e62f1a2f1e96fafd7791aa3bcc6,2016,Beihai,BBG,Tidal_Flat,9.68274410278033,spatial_unit,observed raw wetland area from authoritative panel
coastal-wetland-evidence-contract,1.0.0,a4cf9efdecf6735f87d398acc56604e66df26e62f1a2f1e96fafd7791aa3bcc6,2017,Beihai,BBG,Tidal_Flat,9.80795693746936,spatial_unit,observed raw wetland area from authoritative panel
coastal-wetland-evidence-contract,1.0.0,a4cf9efdecf6735f87d398acc56604e66df26e62f1a2f1e96fafd7791aa3bcc6,2018,Beihai,BBG,Tidal_Flat,9.41373540285309,spatial_unit,observed raw wetland area from authoritative panel
coastal-wetland-evidence-contract,1.0.0,a4cf9efdecf6735f87d398acc56604e66df26e62f1a2f1e96fafd7791aa3bcc6,2019,Beihai,BBG,Tidal_Flat,9.76540419026884,spatial_unit,observed raw wetland area from authoritative panel
coastal-wetland-evidence-contract,1.0.0,a4cf9efdecf6735f87d398acc56604e66df26e62f1a2f1e96fafd7791aa3bcc6,2020,Beihai,BBG,Tidal_Flat,9.86669194540058,spatial_unit,observed raw wetland area from authoritative panel
coastal-wetland-evidence-contract,1.0.0,a4cf9efdecf6735f87d398acc56604e66df26e62f1a2f1e96fafd7791aa3bcc6,2021,Beihai,BBG,Tidal_Flat,9.85614883453201,spatial_unit,observed raw wetland area from authoritative panel
coastal-wetland-evidence-contract,1.0.0,a4cf9efdecf6735f87d398acc56604e66df26e62f1a2f1e96fafd7791aa3bcc6,2022,Beihai,BBG,Tidal_Flat,9.25730312305836,spatial_unit,observed raw wetland area from authoritative panel
coastal-wetland-evidence-contract,1.0.0,a4cf9efdecf6735f87d398acc56604e66df26e62f1a2f1e96fafd7791aa3bcc6,2001,Fangchenggang,BBG,Tidal_Flat,18.4327375239967,spatial_unit,observed raw wetland area from authoritative panel
coastal-wetland-evidence-contract,1.0.0,a4cf9efdecf6735f87d398acc56604e66df26e62f1a2f1e96fafd7791aa3bcc6,2002,Fangchenggang,BBG,Tidal_Flat,19.4017627019723,spatial_unit,observed raw wetland area from authoritative panel
coastal-wetland-evidence-contract,1.0.0,a4cf9efdecf6735f87d398acc56604e66df26e62f1a2f1e96fafd7791aa3bcc6,2003,Fangchenggang,BBG,Tidal_Flat,18.8913777263711,spatial_unit,observed raw wetland area from authoritative panel
coastal-wetland-evidence-contract,1.0.0,a4cf9efdecf6735f87d398acc56604e66df26e62f1a2f1e96fafd7791aa3bcc6,2004,Fangchenggang,BBG,Tidal_Flat,18.3300771594134,spatial_unit,observed raw wetland area from authoritative panel
coastal-wetland-evidence-contract,1.0.0,a4cf9efdecf6735f87d398acc56604e66df26e62f1a2f1e96fafd7791aa3bcc6,2005,Fangchenggang,BBG,Tidal_Flat,18.1266334140013,spatial_unit,observed raw wetland area from authoritative panel
coastal-wetland-evidence-contract,1.0.0,a4cf9efdecf6735f87d398acc56604e66df26e62f1a2f1e96fafd7791aa3bcc6,2006,Fangchenggang,BBG,Tidal_Flat,17.841941314637,spatial_unit,observed raw wetland area from authoritative panel
coastal-wetland-evidence-contract,1.0.0,a4cf9efdecf6735f87d398acc56604e66df26e62f1a2f1e96fafd7791aa3bcc6,2007,Fangchenggang,BBG,Tidal_Flat,19.1054939985754,spatial_unit,observed raw wetland area from authoritative panel
coastal-wetland-evidence-contract,1.0.0,a4cf9efdecf6735f87d398acc56604e66df26e62f1a2f1e96fafd7791aa3bcc6,2008,Fangchenggang,BBG,Tidal_Flat,18.8241425082491,spatial_unit,observed raw wetland area from authoritative panel
coastal-wetland-evidence-contract,1.0.0,a4cf9efdecf6735f87d398acc56604e66df26e62f1a2f1e96fafd7791aa3bcc6,2009,Fangchenggang,BBG,Tidal_Flat,18.4522509087432,spatial_unit,observed raw wetland area from authoritative panel
coastal-wetland-evidence-contract,1.0.0,a4cf9efdecf6735f87d398acc56604e66df26e62f1a2f1e96fafd7791aa3bcc6,2010,Fangchenggang,BBG,Tidal_Flat,16.9791032928041,spatial_unit,observed raw wetland area from authoritative panel
coastal-wetland-evidence-contract,1.0.0,a4cf9efdecf6735f87d398acc56604e66df26e62f1a2f1e96fafd7791aa3bcc6,2011,Fangchenggang,BBG,Tidal_Flat,15.6864536089193,spatial_unit,observed raw wetland area from authoritative panel
coastal-wetland-evidence-contract,1.0.0,a4cf9efdecf6735f87d398acc56604e66df26e62f1a2f1e96fafd7791aa3bcc6,2012,Fangchenggang,BBG,Tidal_Flat,16.0869419911229,spatial_unit,observed raw wetland area from authoritative panel
coastal-wetland-evidence-contract,1.0.0,a4cf9efdecf6735f87d398acc56604e66df26e62f1a2f1e96fafd7791aa3bcc6,2013,Fangchenggang,BBG,Tidal_Flat,14.4123782071155,spatial_unit,observed raw wetland area from authoritative panel
coastal-wetland-evidence-contract,1.0.0,a4cf9efdecf6735f87d398acc56604e66df26e62f1a2f1e96fafd7791aa3bcc6,2014,Fangchenggang,BBG,Tidal_Flat,16.7445464764974,spatial_unit,observed raw wetland area from authoritative panel
coastal-wetland-evidence-contract,1.0.0,a4cf9efdecf6735f87d398acc56604e66df26e62f1a2f1e96fafd7791aa3bcc6,2015,Fangchenggang,BBG,Tidal_Flat,16.6116542987784,spatial_unit,observed raw wetland area from authoritative panel
coastal-wetland-evidence-contract,1.0.0,a4cf9efdecf6735f87d398acc56604e66df26e62f1a2f1e96fafd7791aa3bcc6,2016,Fangchenggang,BBG,Tidal_Flat,16.7206521645566,spatial_unit,observed raw wetland area from authoritative panel
coastal-wetland-evidence-contract,1.0.0,a4cf9efdecf6735f87d398acc56604e66df26e62f1a2f1e96fafd7791aa3bcc6,2017,Fangchenggang,BBG,Tidal_Flat,15.6351811998239,spatial_unit,observed raw wetland area from authoritative panel
coastal-wetland-evidence-contract,1.0.0,a4cf9efdecf6735f87d398acc56604e66df26e62f1a2f1e96fafd7791aa3bcc6,2018,Fangchenggang,BBG,Tidal_Flat,14.5974702892042,spatial_unit,observed raw wetland area from authoritative panel
coastal-wetland-evidence-contract,1.0.0,a4cf9efdecf6735f87d398acc56604e66df26e62f1a2f1e96fafd7791aa3bcc6,2019,Fangchenggang,BBG,Tidal_Flat,14.7716994678577,spatial_unit,observed raw wetland area from authoritative panel
coastal-wetland-evidence-contract,1.0.0,a4cf9efdecf6735f87d398acc56604e66df26e62f1a2f1e96fafd7791aa3bcc6,2020,Fangchenggang,BBG,Tidal_Flat,14.2972990349993,spatial_unit,observed raw wetland area from authoritative panel
coastal-wetland-evidence-contract,1.0.0,a4cf9efdecf6735f87d398acc56604e66df26e62f1a2f1e96fafd7791aa3bcc6,2021,Fangchenggang,BBG,Tidal_Flat,14.3942675621324,spatial_unit,observed raw wetland area from authoritative panel
coastal-wetland-evidence-contract,1.0.0,a4cf9efdecf6735f87d398acc56604e66df26e62f1a2f1e96fafd7791aa3bcc6,2022,Fangchenggang,BBG,Tidal_Flat,13.1763767949985,spatial_unit,observed raw wetland area from authoritative panel
coastal-wetland-evidence-contract,1.0.0,a4cf9efdecf6735f87d398acc56604e66df26e62f1a2f1e96fafd7791aa3bcc6,2001,Hainan_Sheng,BBG,Tidal_Flat,48.8346724789598,spatial_unit,observed raw wetland area from authoritative panel
coastal-wetland-evidence-contract,1.0.0,a4cf9efdecf6735f87d398acc56604e66df26e62f1a2f1e96fafd7791aa3bcc6,2002,Hainan_Sheng,BBG,Tidal_Flat,51.1813671631318,spatial_unit,observed raw wetland area from authoritative panel
coastal-wetland-evidence-contract,1.0.0,a4cf9efdecf6735f87d398acc56604e66df26e62f1a2f1e96fafd7791aa3bcc6,2003,Hainan_Sheng,BBG,Tidal_Flat,53.6968077173712,spatial_unit,observed raw wetland area from authoritative panel
coastal-wetland-evidence-contract,1.0.0,a4cf9efdecf6735f87d398acc56604e66df26e62f1a2f1e96fafd7791aa3bcc6,2004,Hainan_Sheng,BBG,Tidal_Flat,55.4218140989735,spatial_unit,observed raw wetland area from authoritative panel
coastal-wetland-evidence-contract,1.0.0,a4cf9efdecf6735f87d398acc56604e66df26e62f1a2f1e96fafd7791aa3bcc6,2005,Hainan_Sheng,BBG,Tidal_Flat,57.1200671319047,spatial_unit,observed raw wetland area from authoritative panel
coastal-wetland-evidence-contract,1.0.0,a4cf9efdecf6735f87d398acc56604e66df26e62f1a2f1e96fafd7791aa3bcc6,2006,Hainan_Sheng,BBG,Tidal_Flat,55.6830900477212,spatial_unit,observed raw wetland area from authoritative panel
coastal-wetland-evidence-contract,1.0.0,a4cf9efdecf6735f87d398acc56604e66df26e62f1a2f1e96fafd7791aa3bcc6,2007,Hainan_Sheng,BBG,Tidal_Flat,51.7808469363318,spatial_unit,observed raw wetland area from authoritative panel
coastal-wetland-evidence-contract,1.0.0,a4cf9efdecf6735f87d398acc56604e66df26e62f1a2f1e96fafd7791aa3bcc6,2008,Hainan_Sheng,BBG,Tidal_Flat,49.971227240173,spatial_unit,observed raw wetland area from authoritative panel
coastal-wetland-evidence-contract,1.0.0,a4cf9efdecf6735f87d398acc56604e66df26e62f1a2f1e96fafd7791aa3bcc6,2009,Hainan_Sheng,BBG,Tidal_Flat,50.8790734236174,spatial_unit,observed raw wetland area from authoritative panel
coastal-wetland-evidence-contract,1.0.0,a4cf9efdecf6735f87d398acc56604e66df26e62f1a2f1e96fafd7791aa3bcc6,2010,Hainan_Sheng,BBG,Tidal_Flat,47.6422712797486,spatial_unit,observed raw wetland area from authoritative panel
coastal-wetland-evidence-contract,1.0.0,a4cf9efdecf6735f87d398acc56604e66df26e62f1a2f1e96fafd7791aa3bcc6,2011,Hainan_Sheng,BBG,Tidal_Flat,45.4367568843366,spatial_unit,observed raw wetland area from authoritative panel
coastal-wetland-evidence-contract,1.0.0,a4cf9efdecf6735f87d398acc56604e66df26e62f1a2f1e96fafd7791aa3bcc6,2012,Hainan_Sheng,BBG,Tidal_Flat,39.9414301923598,spatial_unit,observed raw wetland area from authoritative panel
coastal-wetland-evidence-contract,1.0.0,a4cf9efdecf6735f87d398acc56604e66df26e62f1a2f1e96fafd7791aa3bcc6,2013,Hainan_Sheng,BBG,Tidal_Flat,41.8309324935815,spatial_unit,observed raw wetland area from authoritative panel
coastal-wetland-evidence-contract,1.0.0,a4cf9efdecf6735f87d398acc56604e66df26e62f1a2f1e96fafd7791aa3bcc6,2014,Hainan_Sheng,BBG,Tidal_Flat,41.5563570635416,spatial_unit,observed raw wetland area from authoritative panel
coastal-wetland-evidence-contract,1.0.0,a4cf9efdecf6735f87d398acc56604e66df26e62f1a2f1e96fafd7791aa3bcc6,2015,Hainan_Sheng,BBG,Tidal_Flat,42.0733864531288,spatial_unit,observed raw wetland area from authoritative panel
coastal-wetland-evidence-contract,1.0.0,a4cf9efdecf6735f87d398acc56604e66df26e62f1a2f1e96fafd7791aa3bcc6,2016,Hainan_Sheng,BBG,Tidal_Flat,41.9858930170419,spatial_unit,observed raw wetland area from authoritative panel
coastal-wetland-evidence-contract,1.0.0,a4cf9efdecf6735f87d398acc56604e66df26e62f1a2f1e96fafd7791aa3bcc6,2017,Hainan_Sheng,BBG,Tidal_Flat,38.6664697133387,spatial_unit,observed raw wetland area from authoritative panel
coastal-wetland-evidence-contract,1.0.0,a4cf9efdecf6735f87d398acc56604e66df26e62f1a2f1e96fafd7791aa3bcc6,2018,Hainan_Sheng,BBG,Tidal_Flat,36.2742733454197,spatial_unit,observed raw wetland area from authoritative panel
coastal-wetland-evidence-contract,1.0.0,a4cf9efdecf6735f87d398acc56604e66df26e62f1a2f1e96fafd7791aa3bcc6,2019,Hainan_Sheng,BBG,Tidal_Flat,39.4954758988626,spatial_unit,observed raw wetland area from authoritative panel
coastal-wetland-evidence-contract,1.0.0,a4cf9efdecf6735f87d398acc56604e66df26e62f1a2f1e96fafd7791aa3bcc6,2020,Hainan_Sheng,BBG,Tidal_Flat,42.066541090759,spatial_unit,observed raw wetland area from authoritative panel
coastal-wetland-evidence-contract,1.0.0,a4cf9efdecf6735f87d398acc56604e66df26e62f1a2f1e96fafd7791aa3bcc6,2021,Hainan_Sheng,BBG,Tidal_Flat,42.0494537321385,spatial_unit,observed raw wetland area from authoritative panel
coastal-wetland-evidence-contract,1.0.0,a4cf9efdecf6735f87d398acc56604e66df26e62f1a2f1e96fafd7791aa3bcc6,2022,Hainan_Sheng,BBG,Tidal_Flat,40.066320103508,spatial_unit,observed raw wetland area from authoritative panel
coastal-wetland-evidence-contract,1.0.0,a4cf9efdecf6735f87d398acc56604e66df26e62f1a2f1e96fafd7791aa3bcc6,2001,Maoming,BBG,Tidal_Flat,3.00671960245481,spatial_unit,observed raw wetland area from authoritative panel
coastal-wetland-evidence-contract,1.0.0,a4cf9efdecf6735f87d398acc56604e66df26e62f1a2f1e96fafd7791aa3bcc6,2002,Maoming,BBG,Tidal_Flat,3.0307285670841,spatial_unit,observed raw wetland area from authoritative panel
coastal-wetland-evidence-contract,1.0.0,a4cf9efdecf6735f87d398acc56604e66df26e62f1a2f1e96fafd7791aa3bcc6,2003,Maoming,BBG,Tidal_Flat,2.94768393741958,spatial_unit,observed raw wetland area from authoritative panel
coastal-wetland-evidence-contract,1.0.0,a4cf9efdecf6735f87d398acc56604e66df26e62f1a2f1e96fafd7791aa3bcc6,2004,Maoming,BBG,Tidal_Flat,2.96539544802773,spatial_unit,observed raw wetland area from authoritative panel
coastal-wetland-evidence-contract,1.0.0,a4cf9efdecf6735f87d398acc56604e66df26e62f1a2f1e96fafd7791aa3bcc6,2005,Maoming,BBG,Tidal_Flat,2.99623827158778,spatial_unit,observed raw wetland area from authoritative panel
coastal-wetland-evidence-contract,1.0.0,a4cf9efdecf6735f87d398acc56604e66df26e62f1a2f1e96fafd7791aa3bcc6,2006,Maoming,BBG,Tidal_Flat,2.84401382896752,spatial_unit,observed raw wetland area from authoritative panel
coastal-wetland-evidence-contract,1.0.0,a4cf9efdecf6735f87d398acc56604e66df26e62f1a2f1e96fafd7791aa3bcc6,2007,Maoming,BBG,Tidal_Flat,2.83839718588389,spatial_unit,observed raw wetland area from authoritative panel
coastal-wetland-evidence-contract,1.0.0,a4cf9efdecf6735f87d398acc56604e66df26e62f1a2f1e96fafd7791aa3bcc6,2008,Maoming,BBG,Tidal_Flat,2.63839625511259,spatial_unit,observed raw wetland area from authoritative panel
coastal-wetland-evidence-contract,1.0.0,a4cf9efdecf6735f87d398acc56604e66df26e62f1a2f1e96fafd7791aa3bcc6,2009,Maoming,BBG,Tidal_Flat,2.60583957344516,spatial_unit,observed raw wetland area from authoritative panel
coastal-wetland-evidence-contract,1.0.0,a4cf9efdecf6735f87d398acc56604e66df26e62f1a2f1e96fafd7791aa3bcc6,2010,Maoming,BBG,Tidal_Flat,2.87545378119255,spatial_unit,observed raw wetland area from authoritative panel
coastal-wetland-evidence-contract,1.0.0,a4cf9efdecf6735f87d398acc56604e66df26e62f1a2f1e96fafd7791aa3bcc6,2011,Maoming,BBG,Tidal_Flat,2.73808077319623,spatial_unit,observed raw wetland area from authoritative panel
coastal-wetland-evidence-contract,1.0.0,a4cf9efdecf6735f87d398acc56604e66df26e62f1a2f1e96fafd7791aa3bcc6,2012,Maoming,BBG,Tidal_Flat,2.81444966550245,spatial_unit,observed raw wetland area from authoritative panel
coastal-wetland-evidence-contract,1.0.0,a4cf9efdecf6735f87d398acc56604e66df26e62f1a2f1e96fafd7791aa3bcc6,2013,Maoming,BBG,Tidal_Flat,2.67322808896293,spatial_unit,observed raw wetland area from authoritative panel
coastal-wetland-evidence-contract,1.0.0,a4cf9efdecf6735f87d398acc56604e66df26e62f1a2f1e96fafd7791aa3bcc6,2014,Maoming,BBG,Tidal_Flat,2.4838452124617,spatial_unit,observed raw wetland area from authoritative panel
coastal-wetland-evidence-contract,1.0.0,a4cf9efdecf6735f87d398acc56604e66df26e62f1a2f1e96fafd7791aa3bcc6,2015,Maoming,BBG,Tidal_Flat,2.36403504084712,spatial_unit,observed raw wetland area from authoritative panel
coastal-wetland-evidence-contract,1.0.0,a4cf9efdecf6735f87d398acc56604e66df26e62f1a2f1e96fafd7791aa3bcc6,2016,Maoming,BBG,Tidal_Flat,2.38405542918965,spatial_unit,observed raw wetland area from authoritative panel
coastal-wetland-evidence-contract,1.0.0,a4cf9efdecf6735f87d398acc56604e66df26e62f1a2f1e96fafd7791aa3bcc6,2017,Maoming,BBG,Tidal_Flat,2.1485765403531,spatial_unit,observed raw wetland area from authoritative panel
coastal-wetland-evidence-contract,1.0.0,a4cf9efdecf6735f87d398acc56604e66df26e62f1a2f1e96fafd7791aa3bcc6,2018,Maoming,BBG,Tidal_Flat,2.43437342444087,spatial_unit,observed raw wetland area from authoritative panel
coastal-wetland-evidence-contract,1.0.0,a4cf9efdecf6735f87d398acc56604e66df26e62f1a2f1e96fafd7791aa3bcc6,2019,Maoming,BBG,Tidal_Flat,2.36476794834559,spatial_unit,observed raw wetland area from authoritative panel
coastal-wetland-evidence-contract,1.0.0,a4cf9efdecf6735f87d398acc56604e66df26e62f1a2f1e96fafd7791aa3bcc6,2020,Maoming,BBG,Tidal_Flat,2.23173423350184,spatial_unit,observed raw wetland area from authoritative panel
coastal-wetland-evidence-contract,1.0.0,a4cf9efdecf6735f87d398acc56604e66df26e62f1a2f1e96fafd7791aa3bcc6,2021,Maoming,BBG,Tidal_Flat,2.42925824304534,spatial_unit,observed raw wetland area from authoritative panel
coastal-wetland-evidence-contract,1.0.0,a4cf9efdecf6735f87d398acc56604e66df26e62f1a2f1e96fafd7791aa3bcc6,2022,Maoming,BBG,Tidal_Flat,2.49690509339001,spatial_unit,observed raw wetland area from authoritative panel
coastal-wetland-evidence-contract,1.0.0,a4cf9efdecf6735f87d398acc56604e66df26e62f1a2f1e96fafd7791aa3bcc6,2001,Qinzhou,BBG,Tidal_Flat,20.6236051022174,spatial_unit,observed raw wetland area from authoritative panel
coastal-wetland-evidence-contract,1.0.0,a4cf9efdecf6735f87d398acc56604e66df26e62f1a2f1e96fafd7791aa3bcc6,2002,Qinzhou,BBG,Tidal_Flat,20.8206276724762,spatial_unit,observed raw wetland area from authoritative panel
coastal-wetland-evidence-contract,1.0.0,a4cf9efdecf6735f87d398acc56604e66df26e62f1a2f1e96fafd7791aa3bcc6,2003,Qinzhou,BBG,Tidal_Flat,21.0104304561657,spatial_unit,observed raw wetland area from authoritative panel
coastal-wetland-evidence-contract,1.0.0,a4cf9efdecf6735f87d398acc56604e66df26e62f1a2f1e96fafd7791aa3bcc6,2004,Qinzhou,BBG,Tidal_Flat,20.1866011494715,spatial_unit,observed raw wetland area from authoritative panel
coastal-wetland-evidence-contract,1.0.0,a4cf9efdecf6735f87d398acc56604e66df26e62f1a2f1e96fafd7791aa3bcc6,2005,Qinzhou,BBG,Tidal_Flat,20.0538537904527,spatial_unit,observed raw wetland area from authoritative panel
coastal-wetland-evidence-contract,1.0.0,a4cf9efdecf6735f87d398acc56604e66df26e62f1a2f1e96fafd7791aa3bcc6,2006,Qinzhou,BBG,Tidal_Flat,19.6752043432675,spatial_unit,observed raw wetland area from authoritative panel
coastal-wetland-evidence-contract,1.0.0,a4cf9efdecf6735f87d398acc56604e66df26e62f1a2f1e96fafd7791aa3bcc6,2007,Qinzhou,BBG,Tidal_Flat,20.3450843957797,spatial_unit,observed raw wetland area from authoritative panel
coastal-wetland-evidence-contract,1.0.0,a4cf9efdecf6735f87d398acc56604e66df26e62f1a2f1e96fafd7791aa3bcc6,2008,Qinzhou,BBG,Tidal_Flat,19.3858969837585,spatial_unit,observed raw wetland area from authoritative panel
coastal-wetland-evidence-contract,1.0.0,a4cf9efdecf6735f87d398acc56604e66df26e62f1a2f1e96fafd7791aa3bcc6,2009,Qinzhou,BBG,Tidal_Flat,18.5230989025122,spatial_unit,observed raw wetland area from authoritative panel
coastal-wetland-evidence-contract,1.0.0,a4cf9efdecf6735f87d398acc56604e66df26e62f1a2f1e96fafd7791aa3bcc6,2010,Qinzhou,BBG,Tidal_Flat,17.7139142801049,spatial_unit,observed raw wetland area from authoritative panel
coastal-wetland-evidence-contract,1.0.0,a4cf9efdecf6735f87d398acc56604e66df26e62f1a2f1e96fafd7791aa3bcc6,2011,Qinzhou,BBG,Tidal_Flat,16.8160550277956,spatial_unit,observed raw wetland area from authoritative panel
coastal-wetland-evidence-contract,1.0.0,a4cf9efdecf6735f87d398acc56604e66df26e62f1a2f1e96fafd7791aa3bcc6,2012,Qinzhou,BBG,Tidal_Flat,15.814690483475,spatial_unit,observed raw wetland area from authoritative panel
coastal-wetland-evidence-contract,1.0.0,a4cf9efdecf6735f87d398acc56604e66df26e62f1a2f1e96fafd7791aa3bcc6,2013,Qinzhou,BBG,Tidal_Flat,14.194039838691,spatial_unit,observed raw wetland area from authoritative panel
coastal-wetland-evidence-contract,1.0.0,a4cf9efdecf6735f87d398acc56604e66df26e62f1a2f1e96fafd7791aa3bcc6,2014,Qinzhou,BBG,Tidal_Flat,13.7538353798943,spatial_unit,observed raw wetland area from authoritative panel
coastal-wetland-evidence-contract,1.0.0,a4cf9efdecf6735f87d398acc56604e66df26e62f1a2f1e96fafd7791aa3bcc6,2015,Qinzhou,BBG,Tidal_Flat,11.8585732237669,spatial_unit,observed raw wetland area from authoritative panel
coastal-wetland-evidence-contract,1.0.0,a4cf9efdecf6735f87d398acc56604e66df26e62f1a2f1e96fafd7791aa3bcc6,2016,Qinzhou,BBG,Tidal_Flat,10.8101038125804,spatial_unit,observed raw wetland area from authoritative panel
coastal-wetland-evidence-contract,1.0.0,a4cf9efdecf6735f87d398acc56604e66df26e62f1a2f1e96fafd7791aa3bcc6,2017,Qinzhou,BBG,Tidal_Flat,9.62169325454196,spatial_unit,observed raw wetland area from authoritative panel
coastal-wetland-evidence-contract,1.0.0,a4cf9efdecf6735f87d398acc56604e66df26e62f1a2f1e96fafd7791aa3bcc6,2018,Qinzhou,BBG,Tidal_Flat,8.65890593249846,spatial_unit,observed raw wetland area from authoritative panel
coastal-wetland-evidence-contract,1.0.0,a4cf9efdecf6735f87d398acc56604e66df26e62f1a2f1e96fafd7791aa3bcc6,2019,Qinzhou,BBG,Tidal_Flat,9.92171795252755,spatial_unit,observed raw wetland area from authoritative panel
coastal-wetland-evidence-contract,1.0.0,a4cf9efdecf6735f87d398acc56604e66df26e62f1a2f1e96fafd7791aa3bcc6,2020,Qinzhou,BBG,Tidal_Flat,9.25463102921644,spatial_unit,observed raw wetland area from authoritative panel
coastal-wetland-evidence-contract,1.0.0,a4cf9efdecf6735f87d398acc56604e66df26e62f1a2f1e96fafd7791aa3bcc6,2021,Qinzhou,BBG,Tidal_Flat,8.94315630768229,spatial_unit,observed raw wetland area from authoritative panel
coastal-wetland-evidence-contract,1.0.0,a4cf9efdecf6735f87d398acc56604e66df26e62f1a2f1e96fafd7791aa3bcc6,2022,Qinzhou,BBG,Tidal_Flat,7.29404576204043,spatial_unit,observed raw wetland area from authoritative panel
coastal-wetland-evidence-contract,1.0.0,a4cf9efdecf6735f87d398acc56604e66df26e62f1a2f1e96fafd7791aa3bcc6,2001,Yangjiang,BBG,Tidal_Flat,27.4874221716069,spatial_unit,observed raw wetland area from authoritative panel
coastal-wetland-evidence-contract,1.0.0,a4cf9efdecf6735f87d398acc56604e66df26e62f1a2f1e96fafd7791aa3bcc6,2002,Yangjiang,BBG,Tidal_Flat,27.8676469241077,spatial_unit,observed raw wetland area from authoritative panel
coastal-wetland-evidence-contract,1.0.0,a4cf9efdecf6735f87d398acc56604e66df26e62f1a2f1e96fafd7791aa3bcc6,2003,Yangjiang,BBG,Tidal_Flat,27.7215098002795,spatial_unit,observed raw wetland area from authoritative panel
coastal-wetland-evidence-contract,1.0.0,a4cf9efdecf6735f87d398acc56604e66df26e62f1a2f1e96fafd7791aa3bcc6,2004,Yangjiang,BBG,Tidal_Flat,26.4389262251646,spatial_unit,observed raw wetland area from authoritative panel
coastal-wetland-evidence-contract,1.0.0,a4cf9efdecf6735f87d398acc56604e66df26e62f1a2f1e96fafd7791aa3bcc6,2005,Yangjiang,BBG,Tidal_Flat,26.3365164966376,spatial_unit,observed raw wetland area from authoritative panel
coastal-wetland-evidence-contract,1.0.0,a4cf9efdecf6735f87d398acc56604e66df26e62f1a2f1e96fafd7791aa3bcc6,2006,Yangjiang,BBG,Tidal_Flat,25.8273944800092,spatial_unit,observed raw wetland area from authoritative panel
coastal-wetland-evidence-contract,1.0.0,a4cf9efdecf6735f87d398acc56604e66df26e62f1a2f1e96fafd7791aa3bcc6,2007,Yangjiang,BBG,Tidal_Flat,26.2707415338924,spatial_unit,observed raw wetland area from authoritative panel
coastal-wetland-evidence-contract,1.0.0,a4cf9efdecf6735f87d398acc56604e66df26e62f1a2f1e96fafd7791aa3bcc6,2008,Yangjiang,BBG,Tidal_Flat,25.9591683405676,spatial_unit,observed raw wetland area from authoritative panel
coastal-wetland-evidence-contract,1.0.0,a4cf9efdecf6735f87d398acc56604e66df26e62f1a2f1e96fafd7791aa3bcc6,2009,Yangjiang,BBG,Tidal_Flat,27.3682180492264,spatial_unit,observed raw wetland area from authoritative panel
coastal-wetland-evidence-contract,1.0.0,a4cf9efdecf6735f87d398acc56604e66df26e62f1a2f1e96fafd7791aa3bcc6,2010,Yangjiang,BBG,Tidal_Flat,27.8513826648973,spatial_unit,observed raw wetland area from authoritative panel
coastal-wetland-evidence-contract,1.0.0,a4cf9efdecf6735f87d398acc56604e66df26e62f1a2f1e96fafd7791aa3bcc6,2011,Yangjiang,BBG,Tidal_Flat,26.5070612034199,spatial_unit,observed raw wetland area from authoritative panel
coastal-wetland-evidence-contract,1.0.0,a4cf9efdecf6735f87d398acc56604e66df26e62f1a2f1e96fafd7791aa3bcc6,2012,Yangjiang,BBG,Tidal_Flat,23.4392349270987,spatial_unit,observed raw wetland area from authoritative panel
coastal-wetland-evidence-contract,1.0.0,a4cf9efdecf6735f87d398acc56604e66df26e62f1a2f1e96fafd7791aa3bcc6,2013,Yangjiang,BBG,Tidal_Flat,24.4696866631281,spatial_unit,observed raw wetland area from authoritative panel
coastal-wetland-evidence-contract,1.0.0,a4cf9efdecf6735f87d398acc56604e66df26e62f1a2f1e96fafd7791aa3bcc6,2014,Yangjiang,BBG,Tidal_Flat,22.4211755961742,spatial_unit,observed raw wetland area from authoritative panel
coastal-wetland-evidence-contract,1.0.0,a4cf9efdecf6735f87d398acc56604e66df26e62f1a2f1e96fafd7791aa3bcc6,2015,Yangjiang,BBG,Tidal_Flat,22.145689528014,spatial_unit,observed raw wetland area from authoritative panel
coastal-wetland-evidence-contract,1.0.0,a4cf9efdecf6735f87d398acc56604e66df26e62f1a2f1e96fafd7791aa3bcc6,2016,Yangjiang,BBG,Tidal_Flat,21.1226986178692,spatial_unit,observed raw wetland area from authoritative panel
coastal-wetland-evidence-contract,1.0.0,a4cf9efdecf6735f87d398acc56604e66df26e62f1a2f1e96fafd7791aa3bcc6,2017,Yangjiang,BBG,Tidal_Flat,22.6621763394071,spatial_unit,observed raw wetland area from authoritative panel
coastal-wetland-evidence-contract,1.0.0,a4cf9efdecf6735f87d398acc56604e66df26e62f1a2f1e96fafd7791aa3bcc6,2018,Yangjiang,BBG,Tidal_Flat,22.0781218954963,spatial_unit,observed raw wetland area from authoritative panel
coastal-wetland-evidence-contract,1.0.0,a4cf9efdecf6735f87d398acc56604e66df26e62f1a2f1e96fafd7791aa3bcc6,2019,Yangjiang,BBG,Tidal_Flat,23.3351596521561,spatial_unit,observed raw wetland area from authoritative panel
coastal-wetland-evidence-contract,1.0.0,a4cf9efdecf6735f87d398acc56604e66df26e62f1a2f1e96fafd7791aa3bcc6,2020,Yangjiang,BBG,Tidal_Flat,23.7802899224955,spatial_unit,observed raw wetland area from authoritative panel
coastal-wetland-evidence-contract,1.0.0,a4cf9efdecf6735f87d398acc56604e66df26e62f1a2f1e96fafd7791aa3bcc6,2021,Yangjiang,BBG,Tidal_Flat,25.1724422094056,spatial_unit,observed raw wetland area from authoritative panel
coastal-wetland-evidence-contract,1.0.0,a4cf9efdecf6735f87d398acc56604e66df26e62f1a2f1e96fafd7791aa3bcc6,2022,Yangjiang,BBG,Tidal_Flat,24.3526824440909,spatial_unit,observed raw wetland area from authoritative panel
coastal-wetland-evidence-contract,1.0.0,a4cf9efdecf6735f87d398acc56604e66df26e62f1a2f1e96fafd7791aa3bcc6,2001,Zhanjiang,BBG,Tidal_Flat,108.013857290963,spatial_unit,observed raw wetland area from authoritative panel
coastal-wetland-evidence-contract,1.0.0,a4cf9efdecf6735f87d398acc56604e66df26e62f1a2f1e96fafd7791aa3bcc6,2002,Zhanjiang,BBG,Tidal_Flat,106.235052594521,spatial_unit,observed raw wetland area from authoritative panel
coastal-wetland-evidence-contract,1.0.0,a4cf9efdecf6735f87d398acc56604e66df26e62f1a2f1e96fafd7791aa3bcc6,2003,Zhanjiang,BBG,Tidal_Flat,114.471103283636,spatial_unit,observed raw wetland area from authoritative panel
coastal-wetland-evidence-contract,1.0.0,a4cf9efdecf6735f87d398acc56604e66df26e62f1a2f1e96fafd7791aa3bcc6,2004,Zhanjiang,BBG,Tidal_Flat,112.913438354232,spatial_unit,observed raw wetland area from authoritative panel
coastal-wetland-evidence-contract,1.0.0,a4cf9efdecf6735f87d398acc56604e66df26e62f1a2f1e96fafd7791aa3bcc6,2005,Zhanjiang,BBG,Tidal_Flat,113.225754665488,spatial_unit,observed raw wetland area from authoritative panel
coastal-wetland-evidence-contract,1.0.0,a4cf9efdecf6735f87d398acc56604e66df26e62f1a2f1e96fafd7791aa3bcc6,2006,Zhanjiang,BBG,Tidal_Flat,111.792930263811,spatial_unit,observed raw wetland area from authoritative panel
coastal-wetland-evidence-contract,1.0.0,a4cf9efdecf6735f87d398acc56604e66df26e62f1a2f1e96fafd7791aa3bcc6,2007,Zhanjiang,BBG,Tidal_Flat,111.430908177811,spatial_unit,observed raw wetland area from authoritative panel
coastal-wetland-evidence-contract,1.0.0,a4cf9efdecf6735f87d398acc56604e66df26e62f1a2f1e96fafd7791aa3bcc6,2008,Zhanjiang,BBG,Tidal_Flat,103.932642297102,spatial_unit,observed raw wetland area from authoritative panel
coastal-wetland-evidence-contract,1.0.0,a4cf9efdecf6735f87d398acc56604e66df26e62f1a2f1e96fafd7791aa3bcc6,2009,Zhanjiang,BBG,Tidal_Flat,108.305456978329,spatial_unit,observed raw wetland area from authoritative panel
coastal-wetland-evidence-contract,1.0.0,a4cf9efdecf6735f87d398acc56604e66df26e62f1a2f1e96fafd7791aa3bcc6,2010,Zhanjiang,BBG,Tidal_Flat,107.468951175606,spatial_unit,observed raw wetland area from authoritative panel
coastal-wetland-evidence-contract,1.0.0,a4cf9efdecf6735f87d398acc56604e66df26e62f1a2f1e96fafd7791aa3bcc6,2011,Zhanjiang,BBG,Tidal_Flat,106.399570116372,spatial_unit,observed raw wetland area from authoritative panel
coastal-wetland-evidence-contract,1.0.0,a4cf9efdecf6735f87d398acc56604e66df26e62f1a2f1e96fafd7791aa3bcc6,2012,Zhanjiang,BBG,Tidal_Flat,94.834769352819,spatial_unit,observed raw wetland area from authoritative panel
coastal-wetland-evidence-contract,1.0.0,a4cf9efdecf6735f87d398acc56604e66df26e62f1a2f1e96fafd7791aa3bcc6,2013,Zhanjiang,BBG,Tidal_Flat,95.4652667217566,spatial_unit,observed raw wetland area from authoritative panel
coastal-wetland-evidence-contract,1.0.0,a4cf9efdecf6735f87d398acc56604e66df26e62f1a2f1e96fafd7791aa3bcc6,2014,Zhanjiang,BBG,Tidal_Flat,97.9879643036889,spatial_unit,observed raw wetland area from authoritative panel
coastal-wetland-evidence-contract,1.0.0,a4cf9efdecf6735f87d398acc56604e66df26e62f1a2f1e96fafd7791aa3bcc6,2015,Zhanjiang,BBG,Tidal_Flat,99.4722612776162,spatial_unit,observed raw wetland area from authoritative panel
coastal-wetland-evidence-contract,1.0.0,a4cf9efdecf6735f87d398acc56604e66df26e62f1a2f1e96fafd7791aa3bcc6,2016,Zhanjiang,BBG,Tidal_Flat,100.072225091924,spatial_unit,observed raw wetland area from authoritative panel
coastal-wetland-evidence-contract,1.0.0,a4cf9efdecf6735f87d398acc56604e66df26e62f1a2f1e96fafd7791aa3bcc6,2017,Zhanjiang,BBG,Tidal_Flat,95.4558195911389,spatial_unit,observed raw wetland area from authoritative panel
coastal-wetland-evidence-contract,1.0.0,a4cf9efdecf6735f87d398acc56604e66df26e62f1a2f1e96fafd7791aa3bcc6,2018,Zhanjiang,BBG,Tidal_Flat,96.5724291956845,spatial_unit,observed raw wetland area from authoritative panel
coastal-wetland-evidence-contract,1.0.0,a4cf9efdecf6735f87d398acc56604e66df26e62f1a2f1e96fafd7791aa3bcc6,2019,Zhanjiang,BBG,Tidal_Flat,89.7068676765362,spatial_unit,observed raw wetland area from authoritative panel
coastal-wetland-evidence-contract,1.0.0,a4cf9efdecf6735f87d398acc56604e66df26e62f1a2f1e96fafd7791aa3bcc6,2020,Zhanjiang,BBG,Tidal_Flat,91.913717986861,spatial_unit,observed raw wetland area from authoritative panel
coastal-wetland-evidence-contract,1.0.0,a4cf9efdecf6735f87d398acc56604e66df26e62f1a2f1e96fafd7791aa3bcc6,2021,Zhanjiang,BBG,Tidal_Flat,90.6717408615582,spatial_unit,observed raw wetland area from authoritative panel
coastal-wetland-evidence-contract,1.0.0,a4cf9efdecf6735f87d398acc56604e66df26e62f1a2f1e96fafd7791aa3bcc6,2022,Zhanjiang,BBG,Tidal_Flat,93.4508055647064,spatial_unit,observed raw wetland area from authoritative panel
coastal-wetland-evidence-contract,1.0.0,a4cf9efdecf6735f87d398acc56604e66df26e62f1a2f1e96fafd7791aa3bcc6,2001,Binzhou,BYS,Tidal_Flat,11.8926363701995,spatial_unit,observed raw wetland area from authoritative panel
coastal-wetland-evidence-contract,1.0.0,a4cf9efdecf6735f87d398acc56604e66df26e62f1a2f1e96fafd7791aa3bcc6,2002,Binzhou,BYS,Tidal_Flat,11.1678252635569,spatial_unit,observed raw wetland area from authoritative panel
coastal-wetland-evidence-contract,1.0.0,a4cf9efdecf6735f87d398acc56604e66df26e62f1a2f1e96fafd7791aa3bcc6,2003,Binzhou,BYS,Tidal_Flat,12.2717504418486,spatial_unit,observed raw wetland area from authoritative panel
coastal-wetland-evidence-contract,1.0.0,a4cf9efdecf6735f87d398acc56604e66df26e62f1a2f1e96fafd7791aa3bcc6,2004,Binzhou,BYS,Tidal_Flat,11.1485003576228,spatial_unit,observed raw wetland area from authoritative panel
coastal-wetland-evidence-contract,1.0.0,a4cf9efdecf6735f87d398acc56604e66df26e62f1a2f1e96fafd7791aa3bcc6,2005,Binzhou,BYS,Tidal_Flat,9.43689693084589,spatial_unit,observed raw wetland area from authoritative panel
coastal-wetland-evidence-contract,1.0.0,a4cf9efdecf6735f87d398acc56604e66df26e62f1a2f1e96fafd7791aa3bcc6,2006,Binzhou,BYS,Tidal_Flat,12.0574462785405,spatial_unit,observed raw wetland area from authoritative panel
coastal-wetland-evidence-contract,1.0.0,a4cf9efdecf6735f87d398acc56604e66df26e62f1a2f1e96fafd7791aa3bcc6,2007,Binzhou,BYS,Tidal_Flat,11.2838874249808,spatial_unit,observed raw wetland area from authoritative panel
coastal-wetland-evidence-contract,1.0.0,a4cf9efdecf6735f87d398acc56604e66df26e62f1a2f1e96fafd7791aa3bcc6,2008,Binzhou,BYS,Tidal_Flat,10.5018826943473,spatial_unit,observed raw wetland area from authoritative panel
coastal-wetland-evidence-contract,1.0.0,a4cf9efdecf6735f87d398acc56604e66df26e62f1a2f1e96fafd7791aa3bcc6,2009,Binzhou,BYS,Tidal_Flat,10.4148581505514,spatial_unit,observed raw wetland area from authoritative panel
coastal-wetland-evidence-contract,1.0.0,a4cf9efdecf6735f87d398acc56604e66df26e62f1a2f1e96fafd7791aa3bcc6,2010,Binzhou,BYS,Tidal_Flat,9.89949719193467,spatial_unit,observed raw wetland area from authoritative panel
coastal-wetland-evidence-contract,1.0.0,a4cf9efdecf6735f87d398acc56604e66df26e62f1a2f1e96fafd7791aa3bcc6,2011,Binzhou,BYS,Tidal_Flat,10.076564910947,spatial_unit,observed raw wetland area from authoritative panel
coastal-wetland-evidence-contract,1.0.0,a4cf9efdecf6735f87d398acc56604e66df26e62f1a2f1e96fafd7791aa3bcc6,2012,Binzhou,BYS,Tidal_Flat,11.0877994928653,spatial_unit,observed raw wetland area from authoritative panel
coastal-wetland-evidence-contract,1.0.0,a4cf9efdecf6735f87d398acc56604e66df26e62f1a2f1e96fafd7791aa3bcc6,2013,Binzhou,BYS,Tidal_Flat,10.4780680004461,spatial_unit,observed raw wetland area from authoritative panel
coastal-wetland-evidence-contract,1.0.0,a4cf9efdecf6735f87d398acc56604e66df26e62f1a2f1e96fafd7791aa3bcc6,2014,Binzhou,BYS,Tidal_Flat,9.85045429094277,spatial_unit,observed raw wetland area from authoritative panel
coastal-wetland-evidence-contract,1.0.0,a4cf9efdecf6735f87d398acc56604e66df26e62f1a2f1e96fafd7791aa3bcc6,2015,Binzhou,BYS,Tidal_Flat,10.2541771512216,spatial_unit,observed raw wetland area from authoritative panel
coastal-wetland-evidence-contract,1.0.0,a4cf9efdecf6735f87d398acc56604e66df26e62f1a2f1e96fafd7791aa3bcc6,2016,Binzhou,BYS,Tidal_Flat,10.494415849774,spatial_unit,observed raw wetland area from authoritative panel
coastal-wetland-evidence-contract,1.0.0,a4cf9efdecf6735f87d398acc56604e66df26e62f1a2f1e96fafd7791aa3bcc6,2017,Binzhou,BYS,Tidal_Flat,10.0568347526079,spatial_unit,observed raw wetland area from authoritative panel
coastal-wetland-evidence-contract,1.0.0,a4cf9efdecf6735f87d398acc56604e66df26e62f1a2f1e96fafd7791aa3bcc6,2018,Binzhou,BYS,Tidal_Flat,10.1115708406307,spatial_unit,observed raw wetland area from authoritative panel
coastal-wetland-evidence-contract,1.0.0,a4cf9efdecf6735f87d398acc56604e66df26e62f1a2f1e96fafd7791aa3bcc6,2019,Binzhou,BYS,Tidal_Flat,10.4917790564969,spatial_unit,observed raw wetland area from authoritative panel
coastal-wetland-evidence-contract,1.0.0,a4cf9efdecf6735f87d398acc56604e66df26e62f1a2f1e96fafd7791aa3bcc6,2020,Binzhou,BYS,Tidal_Flat,12.1787189554535,spatial_unit,observed raw wetland area from authoritative panel
coastal-wetland-evidence-contract,1.0.0,a4cf9efdecf6735f87d398acc56604e66df26e62f1a2f1e96fafd7791aa3bcc6,2021,Binzhou,BYS,Tidal_Flat,12.5134374586168,spatial_unit,observed raw wetland area from authoritative panel
coastal-wetland-evidence-contract,1.0.0,a4cf9efdecf6735f87d398acc56604e66df26e62f1a2f1e96fafd7791aa3bcc6,2022,Binzhou,BYS,Tidal_Flat,11.642177582441,spatial_unit,observed raw wetland area from authoritative panel
coastal-wetland-evidence-contract,1.0.0,a4cf9efdecf6735f87d398acc56604e66df26e62f1a2f1e96fafd7791aa3bcc6,2001,Cangzhou,BYS,Tidal_Flat,0.992279215418199,spatial_unit,observed raw wetland area from authoritative panel
coastal-wetland-evidence-contract,1.0.0,a4cf9efdecf6735f87d398acc56604e66df26e62f1a2f1e96fafd7791aa3bcc6,2002,Cangzhou,BYS,Tidal_Flat,0.927225131414676,spatial_unit,observed raw wetland area from authoritative panel
coastal-wetland-evidence-contract,1.0.0,a4cf9efdecf6735f87d398acc56604e66df26e62f1a2f1e96fafd7791aa3bcc6,2003,Cangzhou,BYS,Tidal_Flat,1.039501554339,spatial_unit,observed raw wetland area from authoritative panel
coastal-wetland-evidence-contract,1.0.0,a4cf9efdecf6735f87d398acc56604e66df26e62f1a2f1e96fafd7791aa3bcc6,2004,Cangzhou,BYS,Tidal_Flat,0.936871357458257,spatial_unit,observed raw wetland area from authoritative panel
coastal-wetland-evidence-contract,1.0.0,a4cf9efdecf6735f87d398acc56604e66df26e62f1a2f1e96fafd7791aa3bcc6,2005,Cangzhou,BYS,Tidal_Flat,0.904316351478248,spatial_unit,observed raw wetland area from authoritative panel
coastal-wetland-evidence-contract,1.0.0,a4cf9efdecf6735f87d398acc56604e66df26e62f1a2f1e96fafd7791aa3bcc6,2006,Cangzhou,BYS,Tidal_Flat,1.0437664040939,spatial_unit,observed raw wetland area from authoritative panel
coastal-wetland-evidence-contract,1.0.0,a4cf9efdecf6735f87d398acc56604e66df26e62f1a2f1e96fafd7791aa3bcc6,2007,Cangzhou,BYS,Tidal_Flat,0.874631105606618,spatial_unit,observed raw wetland area from authoritative panel
coastal-wetland-evidence-contract,1.0.0,a4cf9efdecf6735f87d398acc56604e66df26e62f1a2f1e96fafd7791aa3bcc6,2008,Cangzhou,BYS,Tidal_Flat,0.96314586429611,spatial_unit,observed raw wetland area from authoritative panel
coastal-wetland-evidence-contract,1.0.0,a4cf9efdecf6735f87d398acc56604e66df26e62f1a2f1e96fafd7791aa3bcc6,2009,Cangzhou,BYS,Tidal_Flat,1.01964019578163,spatial_unit,observed raw wetland area from authoritative panel
coastal-wetland-evidence-contract,1.0.0,a4cf9efdecf6735f87d398acc56604e66df26e62f1a2f1e96fafd7791aa3bcc6,2010,Cangzhou,BYS,Tidal_Flat,1.0368944129902,spatial_unit,observed raw wetland area from authoritative panel
coastal-wetland-evidence-contract,1.0.0,a4cf9efdecf6735f87d398acc56604e66df26e62f1a2f1e96fafd7791aa3bcc6,2011,Cangzhou,BYS,Tidal_Flat,1.17260866853362,spatial_unit,observed raw wetland area from authoritative panel
coastal-wetland-evidence-contract,1.0.0,a4cf9efdecf6735f87d398acc56604e66df26e62f1a2f1e96fafd7791aa3bcc6,2012,Cangzhou,BYS,Tidal_Flat,1.24663334252451,spatial_unit,observed raw wetland area from authoritative panel
coastal-wetland-evidence-contract,1.0.0,a4cf9efdecf6735f87d398acc56604e66df26e62f1a2f1e96fafd7791aa3bcc6,2013,Cangzhou,BYS,Tidal_Flat,1.14462506633923,spatial_unit,observed raw wetland area from authoritative panel
coastal-wetland-evidence-contract,1.0.0,a4cf9efdecf6735f87d398acc56604e66df26e62f1a2f1e96fafd7791aa3bcc6,2014,Cangzhou,BYS,Tidal_Flat,1.10438281197342,spatial_unit,observed raw wetland area from authoritative panel
coastal-wetland-evidence-contract,1.0.0,a4cf9efdecf6735f87d398acc56604e66df26e62f1a2f1e96fafd7791aa3bcc6,2015,Cangzhou,BYS,Tidal_Flat,1.13800358078661,spatial_unit,observed raw wetland area from authoritative panel
coastal-wetland-evidence-contract,1.0.0,a4cf9efdecf6735f87d398acc56604e66df26e62f1a2f1e96fafd7791aa3bcc6,2016,Cangzhou,BYS,Tidal_Flat,1.29467469331533,spatial_unit,observed raw wetland area from authoritative panel
coastal-wetland-evidence-contract,1.0.0,a4cf9efdecf6735f87d398acc56604e66df26e62f1a2f1e96fafd7791aa3bcc6,2017,Cangzhou,BYS,Tidal_Flat,1.25700609883004,spatial_unit,observed raw wetland area from authoritative panel
coastal-wetland-evidence-contract,1.0.0,a4cf9efdecf6735f87d398acc56604e66df26e62f1a2f1e96fafd7791aa3bcc6,2018,Cangzhou,BYS,Tidal_Flat,1.27493090896331,spatial_unit,observed raw wetland area from authoritative panel
coastal-wetland-evidence-contract,1.0.0,a4cf9efdecf6735f87d398acc56604e66df26e62f1a2f1e96fafd7791aa3bcc6,2019,Cangzhou,BYS,Tidal_Flat,1.19502700369562,spatial_unit,observed raw wetland area from authoritative panel
coastal-wetland-evidence-contract,1.0.0,a4cf9efdecf6735f87d398acc56604e66df26e62f1a2f1e96fafd7791aa3bcc6,2020,Cangzhou,BYS,Tidal_Flat,1.19091285118911,spatial_unit,observed raw wetland area from authoritative panel
coastal-wetland-evidence-contract,1.0.0,a4cf9efdecf6735f87d398acc56604e66df26e62f1a2f1e96fafd7791aa3bcc6,2021,Cangzhou,BYS,Tidal_Flat,1.20978693097618,spatial_unit,observed raw wetland area from authoritative panel
coastal-wetland-evidence-contract,1.0.0,a4cf9efdecf6735f87d398acc56604e66df26e62f1a2f1e96fafd7791aa3bcc6,2022,Cangzhou,BYS,Tidal_Flat,1.029419022482,spatial_unit,observed raw wetland area from authoritative panel
coastal-wetland-evidence-contract,1.0.0,a4cf9efdecf6735f87d398acc56604e66df26e62f1a2f1e96fafd7791aa3bcc6,2001,Dalian,BYS,Tidal_Flat,295.564036360796,spatial_unit,observed raw wetland area from authoritative panel
coastal-wetland-evidence-contract,1.0.0,a4cf9efdecf6735f87d398acc56604e66df26e62f1a2f1e96fafd7791aa3bcc6,2002,Dalian,BYS,Tidal_Flat,287.93107943378,spatial_unit,observed raw wetland area from authoritative panel
coastal-wetland-evidence-contract,1.0.0,a4cf9efdecf6735f87d398acc56604e66df26e62f1a2f1e96fafd7791aa3bcc6,2003,Dalian,BYS,Tidal_Flat,321.067049447746,spatial_unit,observed raw wetland area from authoritative panel
coastal-wetland-evidence-contract,1.0.0,a4cf9efdecf6735f87d398acc56604e66df26e62f1a2f1e96fafd7791aa3bcc6,2004,Dalian,BYS,Tidal_Flat,292.996598065315,spatial_unit,observed raw wetland area from authoritative panel
coastal-wetland-evidence-contract,1.0.0,a4cf9efdecf6735f87d398acc56604e66df26e62f1a2f1e96fafd7791aa3bcc6,2005,Dalian,BYS,Tidal_Flat,328.717837934363,spatial_unit,observed raw wetland area from authoritative panel
coastal-wetland-evidence-contract,1.0.0,a4cf9efdecf6735f87d398acc56604e66df26e62f1a2f1e96fafd7791aa3bcc6,2006,Dalian,BYS,Tidal_Flat,301.326271599561,spatial_unit,observed raw wetland area from authoritative panel
coastal-wetland-evidence-contract,1.0.0,a4cf9efdecf6735f87d398acc56604e66df26e62f1a2f1e96fafd7791aa3bcc6,2007,Dalian,BYS,Tidal_Flat,281.698175652901,spatial_unit,observed raw wetland area from authoritative panel
coastal-wetland-evidence-contract,1.0.0,a4cf9efdecf6735f87d398acc56604e66df26e62f1a2f1e96fafd7791aa3bcc6,2008,Dalian,BYS,Tidal_Flat,298.755616346244,spatial_unit,observed raw wetland area from authoritative panel
coastal-wetland-evidence-contract,1.0.0,a4cf9efdecf6735f87d398acc56604e66df26e62f1a2f1e96fafd7791aa3bcc6,2009,Dalian,BYS,Tidal_Flat,283.06789667826,spatial_unit,observed raw wetland area from authoritative panel
coastal-wetland-evidence-contract,1.0.0,a4cf9efdecf6735f87d398acc56604e66df26e62f1a2f1e96fafd7791aa3bcc6,2010,Dalian,BYS,Tidal_Flat,263.441968998022,spatial_unit,observed raw wetland area from authoritative panel
coastal-wetland-evidence-contract,1.0.0,a4cf9efdecf6735f87d398acc56604e66df26e62f1a2f1e96fafd7791aa3bcc6,2011,Dalian,BYS,Tidal_Flat,255.187405466524,spatial_unit,observed raw wetland area from authoritative panel
coastal-wetland-evidence-contract,1.0.0,a4cf9efdecf6735f87d398acc56604e66df26e62f1a2f1e96fafd7791aa3bcc6,2012,Dalian,BYS,Tidal_Flat,260.348212602998,spatial_unit,observed raw wetland area from authoritative panel
coastal-wetland-evidence-contract,1.0.0,a4cf9efdecf6735f87d398acc56604e66df26e62f1a2f1e96fafd7791aa3bcc6,2013,Dalian,BYS,Tidal_Flat,224.926578315397,spatial_unit,observed raw wetland area from authoritative panel
coastal-wetland-evidence-contract,1.0.0,a4cf9efdecf6735f87d398acc56604e66df26e62f1a2f1e96fafd7791aa3bcc6,2014,Dalian,BYS,Tidal_Flat,238.0339637726,spatial_unit,observed raw wetland area from authoritative panel
coastal-wetland-evidence-contract,1.0.0,a4cf9efdecf6735f87d398acc56604e66df26e62f1a2f1e96fafd7791aa3bcc6,2015,Dalian,BYS,Tidal_Flat,202.40949580879,spatial_unit,observed raw wetland area from authoritative panel
coastal-wetland-evidence-contract,1.0.0,a4cf9efdecf6735f87d398acc56604e66df26e62f1a2f1e96fafd7791aa3bcc6,2016,Dalian,BYS,Tidal_Flat,217.604409334993,spatial_unit,observed raw wetland area from authoritative panel
coastal-wetland-evidence-contract,1.0.0,a4cf9efdecf6735f87d398acc56604e66df26e62f1a2f1e96fafd7791aa3bcc6,2017,Dalian,BYS,Tidal_Flat,221.328180951476,spatial_unit,observed raw wetland area from authoritative panel
coastal-wetland-evidence-contract,1.0.0,a4cf9efdecf6735f87d398acc56604e66df26e62f1a2f1e96fafd7791aa3bcc6,2018,Dalian,BYS,Tidal_Flat,206.218379455434,spatial_unit,observed raw wetland area from authoritative panel
coastal-wetland-evidence-contract,1.0.0,a4cf9efdecf6735f87d398acc56604e66df26e62f1a2f1e96fafd7791aa3bcc6,2019,Dalian,BYS,Tidal_Flat,225.290512684801,spatial_unit,observed raw wetland area from authoritative panel
coastal-wetland-evidence-contract,1.0.0,a4cf9efdecf6735f87d398acc56604e66df26e62f1a2f1e96fafd7791aa3bcc6,2020,Dalian,BYS,Tidal_Flat,221.850104225395,spatial_unit,observed raw wetland area from authoritative panel
coastal-wetland-evidence-contract,1.0.0,a4cf9efdecf6735f87d398acc56604e66df26e62f1a2f1e96fafd7791aa3bcc6,2021,Dalian,BYS,Tidal_Flat,194.324974629768,spatial_unit,observed raw wetland area from authoritative panel
coastal-wetland-evidence-contract,1.0.0,a4cf9efdecf6735f87d398acc56604e66df26e62f1a2f1e96fafd7791aa3bcc6,2022,Dalian,BYS,Tidal_Flat,187.407418717862,spatial_unit,observed raw wetland area from authoritative panel
coastal-wetland-evidence-contract,1.0.0,a4cf9efdecf6735f87d398acc56604e66df26e62f1a2f1e96fafd7791aa3bcc6,2001,Dandong,BYS,Tidal_Flat,69.7311149788248,spatial_unit,observed raw wetland area from authoritative panel
coastal-wetland-evidence-contract,1.0.0,a4cf9efdecf6735f87d398acc56604e66df26e62f1a2f1e96fafd7791aa3bcc6,2002,Dandong,BYS,Tidal_Flat,66.9207340603027,spatial_unit,observed raw wetland area from authoritative panel
coastal-wetland-evidence-contract,1.0.0,a4cf9efdecf6735f87d398acc56604e66df26e62f1a2f1e96fafd7791aa3bcc6,2003,Dandong,BYS,Tidal_Flat,68.9307993344199,spatial_unit,observed raw wetland area from authoritative panel
coastal-wetland-evidence-contract,1.0.0,a4cf9efdecf6735f87d398acc56604e66df26e62f1a2f1e96fafd7791aa3bcc6,2004,Dandong,BYS,Tidal_Flat,66.5862016033558,spatial_unit,observed raw wetland area from authoritative panel
coastal-wetland-evidence-contract,1.0.0,a4cf9efdecf6735f87d398acc56604e66df26e62f1a2f1e96fafd7791aa3bcc6,2005,Dandong,BYS,Tidal_Flat,68.6337140800043,spatial_unit,observed raw wetland area from authoritative panel
coastal-wetland-evidence-contract,1.0.0,a4cf9efdecf6735f87d398acc56604e66df26e62f1a2f1e96fafd7791aa3bcc6,2006,Dandong,BYS,Tidal_Flat,68.0452636360858,spatial_unit,observed raw wetland area from authoritative panel
coastal-wetland-evidence-contract,1.0.0,a4cf9efdecf6735f87d398acc56604e66df26e62f1a2f1e96fafd7791aa3bcc6,2007,Dandong,BYS,Tidal_Flat,64.577865737116,spatial_unit,observed raw wetland area from authoritative panel
coastal-wetland-evidence-contract,1.0.0,a4cf9efdecf6735f87d398acc56604e66df26e62f1a2f1e96fafd7791aa3bcc6,2008,Dandong,BYS,Tidal_Flat,65.0646944807088,spatial_unit,observed raw wetland area from authoritative panel
coastal-wetland-evidence-contract,1.0.0,a4cf9efdecf6735f87d398acc56604e66df26e62f1a2f1e96fafd7791aa3bcc6,2009,Dandong,BYS,Tidal_Flat,64.3733170812488,spatial_unit,observed raw wetland area from authoritative panel
coastal-wetland-evidence-contract,1.0.0,a4cf9efdecf6735f87d398acc56604e66df26e62f1a2f1e96fafd7791aa3bcc6,2010,Dandong,BYS,Tidal_Flat,66.96033309368,spatial_unit,observed raw wetland area from authoritative panel
coastal-wetland-evidence-contract,1.0.0,a4cf9efdecf6735f87d398acc56604e66df26e62f1a2f1e96fafd7791aa3bcc6,2011,Dandong,BYS,Tidal_Flat,65.8267415300902,spatial_unit,observed raw wetland area from authoritative panel
coastal-wetland-evidence-contract,1.0.0,a4cf9efdecf6735f87d398acc56604e66df26e62f1a2f1e96fafd7791aa3bcc6,2012,Dandong,BYS,Tidal_Flat,63.5561906080274,spatial_unit,observed raw wetland area from authoritative panel
coastal-wetland-evidence-contract,1.0.0,a4cf9efdecf6735f87d398acc56604e66df26e62f1a2f1e96fafd7791aa3bcc6,2013,Dandong,BYS,Tidal_Flat,63.8188004558924,spatial_unit,observed raw wetland area from authoritative panel
coastal-wetland-evidence-contract,1.0.0,a4cf9efdecf6735f87d398acc56604e66df26e62f1a2f1e96fafd7791aa3bcc6,2014,Dandong,BYS,Tidal_Flat,64.7985590569074,spatial_unit,observed raw wetland area from authoritative panel
coastal-wetland-evidence-contract,1.0.0,a4cf9efdecf6735f87d398acc56604e66df26e62f1a2f1e96fafd7791aa3bcc6,2015,Dandong,BYS,Tidal_Flat,63.5261430462627,spatial_unit,observed raw wetland area from authoritative panel
coastal-wetland-evidence-contract,1.0.0,a4cf9efdecf6735f87d398acc56604e66df26e62f1a2f1e96fafd7791aa3bcc6,2016,Dandong,BYS,Tidal_Flat,64.0724202519997,spatial_unit,observed raw wetland area from authoritative panel
coastal-wetland-evidence-contract,1.0.0,a4cf9efdecf6735f87d398acc56604e66df26e62f1a2f1e96fafd7791aa3bcc6,2017,Dandong,BYS,Tidal_Flat,64.4317646057911,spatial_unit,observed raw wetland area from authoritative panel
coastal-wetland-evidence-contract,1.0.0,a4cf9efdecf6735f87d398acc56604e66df26e62f1a2f1e96fafd7791aa3bcc6,2018,Dandong,BYS,Tidal_Flat,63.8763559707209,spatial_unit,observed raw wetland area from authoritative panel
coastal-wetland-evidence-contract,1.0.0,a4cf9efdecf6735f87d398acc56604e66df26e62f1a2f1e96fafd7791aa3bcc6,2019,Dandong,BYS,Tidal_Flat,65.4134897739956,spatial_unit,observed raw wetland area from authoritative panel
coastal-wetland-evidence-contract,1.0.0,a4cf9efdecf6735f87d398acc56604e66df26e62f1a2f1e96fafd7791aa3bcc6,2020,Dandong,BYS,Tidal_Flat,67.9858016137762,spatial_unit,observed raw wetland area from authoritative panel
coastal-wetland-evidence-contract,1.0.0,a4cf9efdecf6735f87d398acc56604e66df26e62f1a2f1e96fafd7791aa3bcc6,2021,Dandong,BYS,Tidal_Flat,65.8373838840809,spatial_unit,observed raw wetland area from authoritative panel
coastal-wetland-evidence-contract,1.0.0,a4cf9efdecf6735f87d398acc56604e66df26e62f1a2f1e96fafd7791aa3bcc6,2022,Dandong,BYS,Tidal_Flat,66.1465148990357,spatial_unit,observed raw wetland area from authoritative panel
coastal-wetland-evidence-contract,1.0.0,a4cf9efdecf6735f87d398acc56604e66df26e62f1a2f1e96fafd7791aa3bcc6,2001,Dongying,BYS,Tidal_Flat,138.938139723932,spatial_unit,observed raw wetland area from authoritative panel
coastal-wetland-evidence-contract,1.0.0,a4cf9efdecf6735f87d398acc56604e66df26e62f1a2f1e96fafd7791aa3bcc6,2002,Dongying,BYS,Tidal_Flat,134.073010725712,spatial_unit,observed raw wetland area from authoritative panel
coastal-wetland-evidence-contract,1.0.0,a4cf9efdecf6735f87d398acc56604e66df26e62f1a2f1e96fafd7791aa3bcc6,2003,Dongying,BYS,Tidal_Flat,131.392331080739,spatial_unit,observed raw wetland area from authoritative panel
coastal-wetland-evidence-contract,1.0.0,a4cf9efdecf6735f87d398acc56604e66df26e62f1a2f1e96fafd7791aa3bcc6,2004,Dongying,BYS,Tidal_Flat,130.2715456897,spatial_unit,observed raw wetland area from authoritative panel
coastal-wetland-evidence-contract,1.0.0,a4cf9efdecf6735f87d398acc56604e66df26e62f1a2f1e96fafd7791aa3bcc6,2005,Dongying,BYS,Tidal_Flat,108.872451079016,spatial_unit,observed raw wetland area from authoritative panel
coastal-wetland-evidence-contract,1.0.0,a4cf9efdecf6735f87d398acc56604e66df26e62f1a2f1e96fafd7791aa3bcc6,2006,Dongying,BYS,Tidal_Flat,134.422154238226,spatial_unit,observed raw wetland area from authoritative panel
coastal-wetland-evidence-contract,1.0.0,a4cf9efdecf6735f87d398acc56604e66df26e62f1a2f1e96fafd7791aa3bcc6,2007,Dongying,BYS,Tidal_Flat,135.470146709167,spatial_unit,observed raw wetland area from authoritative panel
coastal-wetland-evidence-contract,1.0.0,a4cf9efdecf6735f87d398acc56604e66df26e62f1a2f1e96fafd7791aa3bcc6,2008,Dongying,BYS,Tidal_Flat,128.522056461071,spatial_unit,observed raw wetland area from authoritative panel
coastal-wetland-evidence-contract,1.0.0,a4cf9efdecf6735f87d398acc56604e66df26e62f1a2f1e96fafd7791aa3bcc6,2009,Dongying,BYS,Tidal_Flat,128.577671001814,spatial_unit,observed raw wetland area from authoritative panel
coastal-wetland-evidence-contract,1.0.0,a4cf9efdecf6735f87d398acc56604e66df26e62f1a2f1e96fafd7791aa3bcc6,2010,Dongying,BYS,Tidal_Flat,126.845251021321,spatial_unit,observed raw wetland area from authoritative panel
coastal-wetland-evidence-contract,1.0.0,a4cf9efdecf6735f87d398acc56604e66df26e62f1a2f1e96fafd7791aa3bcc6,2011,Dongying,BYS,Tidal_Flat,120.608845221602,spatial_unit,observed raw wetland area from authoritative panel
coastal-wetland-evidence-contract,1.0.0,a4cf9efdecf6735f87d398acc56604e66df26e62f1a2f1e96fafd7791aa3bcc6,2012,Dongying,BYS,Tidal_Flat,116.839435857241,spatial_unit,observed raw wetland area from authoritative panel
coastal-wetland-evidence-contract,1.0.0,a4cf9efdecf6735f87d398acc56604e66df26e62f1a2f1e96fafd7791aa3bcc6,2013,Dongying,BYS,Tidal_Flat,110.300950550205,spatial_unit,observed raw wetland area from authoritative panel
coastal-wetland-evidence-contract,1.0.0,a4cf9efdecf6735f87d398acc56604e66df26e62f1a2f1e96fafd7791aa3bcc6,2014,Dongying,BYS,Tidal_Flat,107.200360943907,spatial_unit,observed raw wetland area from authoritative panel
coastal-wetland-evidence-contract,1.0.0,a4cf9efdecf6735f87d398acc56604e66df26e62f1a2f1e96fafd7791aa3bcc6,2015,Dongying,BYS,Tidal_Flat,107.869902810453,spatial_unit,observed raw wetland area from authoritative panel
coastal-wetland-evidence-contract,1.0.0,a4cf9efdecf6735f87d398acc56604e66df26e62f1a2f1e96fafd7791aa3bcc6,2016,Dongying,BYS,Tidal_Flat,105.013326908848,spatial_unit,observed raw wetland area from authoritative panel
coastal-wetland-evidence-contract,1.0.0,a4cf9efdecf6735f87d398acc56604e66df26e62f1a2f1e96fafd7791aa3bcc6,2017,Dongying,BYS,Tidal_Flat,99.8265395552941,spatial_unit,observed raw wetland area from authoritative panel
coastal-wetland-evidence-contract,1.0.0,a4cf9efdecf6735f87d398acc56604e66df26e62f1a2f1e96fafd7791aa3bcc6,2018,Dongying,BYS,Tidal_Flat,97.5834365833405,spatial_unit,observed raw wetland area from authoritative panel
coastal-wetland-evidence-contract,1.0.0,a4cf9efdecf6735f87d398acc56604e66df26e62f1a2f1e96fafd7791aa3bcc6,2019,Dongying,BYS,Tidal_Flat,94.8429417489942,spatial_unit,observed raw wetland area from authoritative panel
coastal-wetland-evidence-contract,1.0.0,a4cf9efdecf6735f87d398acc56604e66df26e62f1a2f1e96fafd7791aa3bcc6,2020,Dongying,BYS,Tidal_Flat,95.9207798520388,spatial_unit,observed raw wetland area from authoritative panel
coastal-wetland-evidence-contract,1.0.0,a4cf9efdecf6735f87d398acc56604e66df26e62f1a2f1e96fafd7791aa3bcc6,2021,Dongying,BYS,Tidal_Flat,100.803332411125,spatial_unit,observed raw wetland area from authoritative panel
coastal-wetland-evidence-contract,1.0.0,a4cf9efdecf6735f87d398acc56604e66df26e62f1a2f1e96fafd7791aa3bcc6,2022,Dongying,BYS,Tidal_Flat,96.5050317832276,spatial_unit,observed raw wetland area from authoritative panel
coastal-wetland-evidence-contract,1.0.0,a4cf9efdecf6735f87d398acc56604e66df26e62f1a2f1e96fafd7791aa3bcc6,2001,Huludao,BYS,Tidal_Flat,25.6301094703298,spatial_unit,observed raw wetland area from authoritative panel
coastal-wetland-evidence-contract,1.0.0,a4cf9efdecf6735f87d398acc56604e66df26e62f1a2f1e96fafd7791aa3bcc6,2002,Huludao,BYS,Tidal_Flat,25.1569196554803,spatial_unit,observed raw wetland area from authoritative panel
coastal-wetland-evidence-contract,1.0.0,a4cf9efdecf6735f87d398acc56604e66df26e62f1a2f1e96fafd7791aa3bcc6,2003,Huludao,BYS,Tidal_Flat,30.2692644857039,spatial_unit,observed raw wetland area from authoritative panel
coastal-wetland-evidence-contract,1.0.0,a4cf9efdecf6735f87d398acc56604e66df26e62f1a2f1e96fafd7791aa3bcc6,2004,Huludao,BYS,Tidal_Flat,28.3929701983553,spatial_unit,observed raw wetland area from authoritative panel
coastal-wetland-evidence-contract,1.0.0,a4cf9efdecf6735f87d398acc56604e66df26e62f1a2f1e96fafd7791aa3bcc6,2005,Huludao,BYS,Tidal_Flat,26.3095196901425,spatial_unit,observed raw wetland area from authoritative panel
coastal-wetland-evidence-contract,1.0.0,a4cf9efdecf6735f87d398acc56604e66df26e62f1a2f1e96fafd7791aa3bcc6,2006,Huludao,BYS,Tidal_Flat,28.4866661792338,spatial_unit,observed raw wetland area from authoritative panel
coastal-wetland-evidence-contract,1.0.0,a4cf9efdecf6735f87d398acc56604e66df26e62f1a2f1e96fafd7791aa3bcc6,2007,Huludao,BYS,Tidal_Flat,27.0414881671378,spatial_unit,observed raw wetland area from authoritative panel
coastal-wetland-evidence-contract,1.0.0,a4cf9efdecf6735f87d398acc56604e66df26e62f1a2f1e96fafd7791aa3bcc6,2008,Huludao,BYS,Tidal_Flat,27.1523248376245,spatial_unit,observed raw wetland area from authoritative panel
coastal-wetland-evidence-contract,1.0.0,a4cf9efdecf6735f87d398acc56604e66df26e62f1a2f1e96fafd7791aa3bcc6,2009,Huludao,BYS,Tidal_Flat,22.3376507719497,spatial_unit,observed raw wetland area from authoritative panel
coastal-wetland-evidence-contract,1.0.0,a4cf9efdecf6735f87d398acc56604e66df26e62f1a2f1e96fafd7791aa3bcc6,2010,Huludao,BYS,Tidal_Flat,22.7598980781097,spatial_unit,observed raw wetland area from authoritative panel
coastal-wetland-evidence-contract,1.0.0,a4cf9efdecf6735f87d398acc56604e66df26e62f1a2f1e96fafd7791aa3bcc6,2011,Huludao,BYS,Tidal_Flat,20.6041520590169,spatial_unit,observed raw wetland area from authoritative panel
coastal-wetland-evidence-contract,1.0.0,a4cf9efdecf6735f87d398acc56604e66df26e62f1a2f1e96fafd7791aa3bcc6,2012,Huludao,BYS,Tidal_Flat,19.8071927461416,spatial_unit,observed raw wetland area from authoritative panel
coastal-wetland-evidence-contract,1.0.0,a4cf9efdecf6735f87d398acc56604e66df26e62f1a2f1e96fafd7791aa3bcc6,2013,Huludao,BYS,Tidal_Flat,19.4500458885627,spatial_unit,observed raw wetland area from authoritative panel
coastal-wetland-evidence-contract,1.0.0,a4cf9efdecf6735f87d398acc56604e66df26e62f1a2f1e96fafd7791aa3bcc6,2014,Huludao,BYS,Tidal_Flat,18.1153847353764,spatial_unit,observed raw wetland area from authoritative panel
coastal-wetland-evidence-contract,1.0.0,a4cf9efdecf6735f87d398acc56604e66df26e62f1a2f1e96fafd7791aa3bcc6,2015,Huludao,BYS,Tidal_Flat,20.1441275616058,spatial_unit,observed raw wetland area from authoritative panel
coastal-wetland-evidence-contract,1.0.0,a4cf9efdecf6735f87d398acc56604e66df26e62f1a2f1e96fafd7791aa3bcc6,2016,Huludao,BYS,Tidal_Flat,17.6776917645565,spatial_unit,observed raw wetland area from authoritative panel
coastal-wetland-evidence-contract,1.0.0,a4cf9efdecf6735f87d398acc56604e66df26e62f1a2f1e96fafd7791aa3bcc6,2017,Huludao,BYS,Tidal_Flat,18.596730246111,spatial_unit,observed raw wetland area from authoritative panel
coastal-wetland-evidence-contract,1.0.0,a4cf9efdecf6735f87d398acc56604e66df26e62f1a2f1e96fafd7791aa3bcc6,2018,Huludao,BYS,Tidal_Flat,17.9237800910711,spatial_unit,observed raw wetland area from authoritative panel
coastal-wetland-evidence-contract,1.0.0,a4cf9efdecf6735f87d398acc56604e66df26e62f1a2f1e96fafd7791aa3bcc6,2019,Huludao,BYS,Tidal_Flat,18.2139274398476,spatial_unit,observed raw wetland area from authoritative panel
coastal-wetland-evidence-contract,1.0.0,a4cf9efdecf6735f87d398acc56604e66df26e62f1a2f1e96fafd7791aa3bcc6,2020,Huludao,BYS,Tidal_Flat,18.6594723409773,spatial_unit,observed raw wetland area from authoritative panel
coastal-wetland-evidence-contract,1.0.0,a4cf9efdecf6735f87d398acc56604e66df26e62f1a2f1e96fafd7791aa3bcc6,2021,Huludao,BYS,Tidal_Flat,18.1996741596029,spatial_unit,observed raw wetland area from authoritative panel
coastal-wetland-evidence-contract,1.0.0,a4cf9efdecf6735f87d398acc56604e66df26e62f1a2f1e96fafd7791aa3bcc6,2022,Huludao,BYS,Tidal_Flat,18.0149405388615,spatial_unit,observed raw wetland area from authoritative panel
coastal-wetland-evidence-contract,1.0.0,a4cf9efdecf6735f87d398acc56604e66df26e62f1a2f1e96fafd7791aa3bcc6,2001,Jinzhou,BYS,Tidal_Flat,13.1906330369639,spatial_unit,observed raw wetland area from authoritative panel
coastal-wetland-evidence-contract,1.0.0,a4cf9efdecf6735f87d398acc56604e66df26e62f1a2f1e96fafd7791aa3bcc6,2002,Jinzhou,BYS,Tidal_Flat,12.2674254118547,spatial_unit,observed raw wetland area from authoritative panel
coastal-wetland-evidence-contract,1.0.0,a4cf9efdecf6735f87d398acc56604e66df26e62f1a2f1e96fafd7791aa3bcc6,2003,Jinzhou,BYS,Tidal_Flat,12.4591834296397,spatial_unit,observed raw wetland area from authoritative panel
coastal-wetland-evidence-contract,1.0.0,a4cf9efdecf6735f87d398acc56604e66df26e62f1a2f1e96fafd7791aa3bcc6,2004,Jinzhou,BYS,Tidal_Flat,12.5681629058077,spatial_unit,observed raw wetland area from authoritative panel
coastal-wetland-evidence-contract,1.0.0,a4cf9efdecf6735f87d398acc56604e66df26e62f1a2f1e96fafd7791aa3bcc6,2005,Jinzhou,BYS,Tidal_Flat,12.4376944715419,spatial_unit,observed raw wetland area from authoritative panel
coastal-wetland-evidence-contract,1.0.0,a4cf9efdecf6735f87d398acc56604e66df26e62f1a2f1e96fafd7791aa3bcc6,2006,Jinzhou,BYS,Tidal_Flat,13.2617091838025,spatial_unit,observed raw wetland area from authoritative panel
coastal-wetland-evidence-contract,1.0.0,a4cf9efdecf6735f87d398acc56604e66df26e62f1a2f1e96fafd7791aa3bcc6,2007,Jinzhou,BYS,Tidal_Flat,12.3606015114679,spatial_unit,observed raw wetland area from authoritative panel
coastal-wetland-evidence-contract,1.0.0,a4cf9efdecf6735f87d398acc56604e66df26e62f1a2f1e96fafd7791aa3bcc6,2008,Jinzhou,BYS,Tidal_Flat,12.6199050102559,spatial_unit,observed raw wetland area from authoritative panel
coastal-wetland-evidence-contract,1.0.0,a4cf9efdecf6735f87d398acc56604e66df26e62f1a2f1e96fafd7791aa3bcc6,2009,Jinzhou,BYS,Tidal_Flat,12.3931741512811,spatial_unit,observed raw wetland area from authoritative panel
coastal-wetland-evidence-contract,1.0.0,a4cf9efdecf6735f87d398acc56604e66df26e62f1a2f1e96fafd7791aa3bcc6,2010,Jinzhou,BYS,Tidal_Flat,13.1095319002413,spatial_unit,observed raw wetland area from authoritative panel
coastal-wetland-evidence-contract,1.0.0,a4cf9efdecf6735f87d398acc56604e66df26e62f1a2f1e96fafd7791aa3bcc6,2011,Jinzhou,BYS,Tidal_Flat,13.0643303295574,spatial_unit,observed raw wetland area from authoritative panel
coastal-wetland-evidence-contract,1.0.0,a4cf9efdecf6735f87d398acc56604e66df26e62f1a2f1e96fafd7791aa3bcc6,2012,Jinzhou,BYS,Tidal_Flat,11.9501062501609,spatial_unit,observed raw wetland area from authoritative panel
coastal-wetland-evidence-contract,1.0.0,a4cf9efdecf6735f87d398acc56604e66df26e62f1a2f1e96fafd7791aa3bcc6,2013,Jinzhou,BYS,Tidal_Flat,11.6221766682043,spatial_unit,observed raw wetland area from authoritative panel
coastal-wetland-evidence-contract,1.0.0,a4cf9efdecf6735f87d398acc56604e66df26e62f1a2f1e96fafd7791aa3bcc6,2014,Jinzhou,BYS,Tidal_Flat,7.86154074456956,spatial_unit,observed raw wetland area from authoritative panel
coastal-wetland-evidence-contract,1.0.0,a4cf9efdecf6735f87d398acc56604e66df26e62f1a2f1e96fafd7791aa3bcc6,2015,Jinzhou,BYS,Tidal_Flat,8.6838795952455,spatial_unit,observed raw wetland area from authoritative panel
coastal-wetland-evidence-contract,1.0.0,a4cf9efdecf6735f87d398acc56604e66df26e62f1a2f1e96fafd7791aa3bcc6,2016,Jinzhou,BYS,Tidal_Flat,8.54793065808442,spatial_unit,observed raw wetland area from authoritative panel
coastal-wetland-evidence-contract,1.0.0,a4cf9efdecf6735f87d398acc56604e66df26e62f1a2f1e96fafd7791aa3bcc6,2017,Jinzhou,BYS,Tidal_Flat,10.1492522081591,spatial_unit,observed raw wetland area from authoritative panel
coastal-wetland-evidence-contract,1.0.0,a4cf9efdecf6735f87d398acc56604e66df26e62f1a2f1e96fafd7791aa3bcc6,2018,Jinzhou,BYS,Tidal_Flat,9.22608829697461,spatial_unit,observed raw wetland area from authoritative panel
coastal-wetland-evidence-contract,1.0.0,a4cf9efdecf6735f87d398acc56604e66df26e62f1a2f1e96fafd7791aa3bcc6,2019,Jinzhou,BYS,Tidal_Flat,8.5817580865407,spatial_unit,observed raw wetland area from authoritative panel
coastal-wetland-evidence-contract,1.0.0,a4cf9efdecf6735f87d398acc56604e66df26e62f1a2f1e96fafd7791aa3bcc6,2020,Jinzhou,BYS,Tidal_Flat,9.374949434825,spatial_unit,observed raw wetland area from authoritative panel
coastal-wetland-evidence-contract,1.0.0,a4cf9efdecf6735f87d398acc56604e66df26e62f1a2f1e96fafd7791aa3bcc6,2021,Jinzhou,BYS,Tidal_Flat,9.64581116124008,spatial_unit,observed raw wetland area from authoritative panel
coastal-wetland-evidence-contract,1.0.0,a4cf9efdecf6735f87d398acc56604e66df26e62f1a2f1e96fafd7791aa3bcc6,2022,Jinzhou,BYS,Tidal_Flat,9.06975779608421,spatial_unit,observed raw wetland area from authoritative panel
coastal-wetland-evidence-contract,1.0.0,a4cf9efdecf6735f87d398acc56604e66df26e62f1a2f1e96fafd7791aa3bcc6,2001,Panjin,BYS,Tidal_Flat,73.5464236693474,spatial_unit,observed raw wetland area from authoritative panel
coastal-wetland-evidence-contract,1.0.0,a4cf9efdecf6735f87d398acc56604e66df26e62f1a2f1e96fafd7791aa3bcc6,2002,Panjin,BYS,Tidal_Flat,79.2797936212278,spatial_unit,observed raw wetland area from authoritative panel
coastal-wetland-evidence-contract,1.0.0,a4cf9efdecf6735f87d398acc56604e66df26e62f1a2f1e96fafd7791aa3bcc6,2003,Panjin,BYS,Tidal_Flat,72.8898203991136,spatial_unit,observed raw wetland area from authoritative panel
coastal-wetland-evidence-contract,1.0.0,a4cf9efdecf6735f87d398acc56604e66df26e62f1a2f1e96fafd7791aa3bcc6,2004,Panjin,BYS,Tidal_Flat,78.2729688844269,spatial_unit,observed raw wetland area from authoritative panel
coastal-wetland-evidence-contract,1.0.0,a4cf9efdecf6735f87d398acc56604e66df26e62f1a2f1e96fafd7791aa3bcc6,2005,Panjin,BYS,Tidal_Flat,69.5697325997383,spatial_unit,observed raw wetland area from authoritative panel
coastal-wetland-evidence-contract,1.0.0,a4cf9efdecf6735f87d398acc56604e66df26e62f1a2f1e96fafd7791aa3bcc6,2006,Panjin,BYS,Tidal_Flat,80.3694584199886,spatial_unit,observed raw wetland area from authoritative panel
coastal-wetland-evidence-contract,1.0.0,a4cf9efdecf6735f87d398acc56604e66df26e62f1a2f1e96fafd7791aa3bcc6,2007,Panjin,BYS,Tidal_Flat,78.6759996613989,spatial_unit,observed raw wetland area from authoritative panel
coastal-wetland-evidence-contract,1.0.0,a4cf9efdecf6735f87d398acc56604e66df26e62f1a2f1e96fafd7791aa3bcc6,2008,Panjin,BYS,Tidal_Flat,79.9588281670891,spatial_unit,observed raw wetland area from authoritative panel
coastal-wetland-evidence-contract,1.0.0,a4cf9efdecf6735f87d398acc56604e66df26e62f1a2f1e96fafd7791aa3bcc6,2009,Panjin,BYS,Tidal_Flat,76.4230792798525,spatial_unit,observed raw wetland area from authoritative panel
coastal-wetland-evidence-contract,1.0.0,a4cf9efdecf6735f87d398acc56604e66df26e62f1a2f1e96fafd7791aa3bcc6,2010,Panjin,BYS,Tidal_Flat,71.3965390646609,spatial_unit,observed raw wetland area from authoritative panel
coastal-wetland-evidence-contract,1.0.0,a4cf9efdecf6735f87d398acc56604e66df26e62f1a2f1e96fafd7791aa3bcc6,2011,Panjin,BYS,Tidal_Flat,70.0322072505962,spatial_unit,observed raw wetland area from authoritative panel
coastal-wetland-evidence-contract,1.0.0,a4cf9efdecf6735f87d398acc56604e66df26e62f1a2f1e96fafd7791aa3bcc6,2012,Panjin,BYS,Tidal_Flat,57.6448533925178,spatial_unit,observed raw wetland area from authoritative panel
coastal-wetland-evidence-contract,1.0.0,a4cf9efdecf6735f87d398acc56604e66df26e62f1a2f1e96fafd7791aa3bcc6,2013,Panjin,BYS,Tidal_Flat,52.38145973286,spatial_unit,observed raw wetland area from authoritative panel
coastal-wetland-evidence-contract,1.0.0,a4cf9efdecf6735f87d398acc56604e66df26e62f1a2f1e96fafd7791aa3bcc6,2014,Panjin,BYS,Tidal_Flat,49.9928065964456,spatial_unit,observed raw wetland area from authoritative panel
coastal-wetland-evidence-contract,1.0.0,a4cf9efdecf6735f87d398acc56604e66df26e62f1a2f1e96fafd7791aa3bcc6,2015,Panjin,BYS,Tidal_Flat,52.9642819059699,spatial_unit,observed raw wetland area from authoritative panel
coastal-wetland-evidence-contract,1.0.0,a4cf9efdecf6735f87d398acc56604e66df26e62f1a2f1e96fafd7791aa3bcc6,2016,Panjin,BYS,Tidal_Flat,50.5813267743502,spatial_unit,observed raw wetland area from authoritative panel
coastal-wetland-evidence-contract,1.0.0,a4cf9efdecf6735f87d398acc56604e66df26e62f1a2f1e96fafd7791aa3bcc6,2017,Panjin,BYS,Tidal_Flat,57.2467312194102,spatial_unit,observed raw wetland area from authoritative panel
coastal-wetland-evidence-contract,1.0.0,a4cf9efdecf6735f87d398acc56604e66df26e62f1a2f1e96fafd7791aa3bcc6,2018,Panjin,BYS,Tidal_Flat,52.6723323586413,spatial_unit,observed raw wetland area from authoritative panel
coastal-wetland-evidence-contract,1.0.0,a4cf9efdecf6735f87d398acc56604e66df26e62f1a2f1e96fafd7791aa3bcc6,2019,Panjin,BYS,Tidal_Flat,61.8881547394561,spatial_unit,observed raw wetland area from authoritative panel
coastal-wetland-evidence-contract,1.0.0,a4cf9efdecf6735f87d398acc56604e66df26e62f1a2f1e96fafd7791aa3bcc6,2020,Panjin,BYS,Tidal_Flat,61.189742286446,spatial_unit,observed raw wetland area from authoritative panel
coastal-wetland-evidence-contract,1.0.0,a4cf9efdecf6735f87d398acc56604e66df26e62f1a2f1e96fafd7791aa3bcc6,2021,Panjin,BYS,Tidal_Flat,53.3917541037811,spatial_unit,observed raw wetland area from authoritative panel
coastal-wetland-evidence-contract,1.0.0,a4cf9efdecf6735f87d398acc56604e66df26e62f1a2f1e96fafd7791aa3bcc6,2022,Panjin,BYS,Tidal_Flat,50.2625152573906,spatial_unit,observed raw wetland area from authoritative panel
coastal-wetland-evidence-contract,1.0.0,a4cf9efdecf6735f87d398acc56604e66df26e62f1a2f1e96fafd7791aa3bcc6,2001,Qingdao,BYS,Tidal_Flat,18.4149899895795,spatial_unit,observed raw wetland area from authoritative panel
coastal-wetland-evidence-contract,1.0.0,a4cf9efdecf6735f87d398acc56604e66df26e62f1a2f1e96fafd7791aa3bcc6,2002,Qingdao,BYS,Tidal_Flat,15.9935224314606,spatial_unit,observed raw wetland area from authoritative panel
coastal-wetland-evidence-contract,1.0.0,a4cf9efdecf6735f87d398acc56604e66df26e62f1a2f1e96fafd7791aa3bcc6,2003,Qingdao,BYS,Tidal_Flat,21.0305273691827,spatial_unit,observed raw wetland area from authoritative panel
coastal-wetland-evidence-contract,1.0.0,a4cf9efdecf6735f87d398acc56604e66df26e62f1a2f1e96fafd7791aa3bcc6,2004,Qingdao,BYS,Tidal_Flat,19.6074749464078,spatial_unit,observed raw wetland area from authoritative panel
coastal-wetland-evidence-contract,1.0.0,a4cf9efdecf6735f87d398acc56604e66df26e62f1a2f1e96fafd7791aa3bcc6,2005,Qingdao,BYS,Tidal_Flat,18.8628131455595,spatial_unit,observed raw wetland area from authoritative panel
coastal-wetland-evidence-contract,1.0.0,a4cf9efdecf6735f87d398acc56604e66df26e62f1a2f1e96fafd7791aa3bcc6,2006,Qingdao,BYS,Tidal_Flat,20.0552170424824,spatial_unit,observed raw wetland area from authoritative panel
coastal-wetland-evidence-contract,1.0.0,a4cf9efdecf6735f87d398acc56604e66df26e62f1a2f1e96fafd7791aa3bcc6,2007,Qingdao,BYS,Tidal_Flat,19.3109208687634,spatial_unit,observed raw wetland area from authoritative panel
coastal-wetland-evidence-contract,1.0.0,a4cf9efdecf6735f87d398acc56604e66df26e62f1a2f1e96fafd7791aa3bcc6,2008,Qingdao,BYS,Tidal_Flat,18.1337794911497,spatial_unit,observed raw wetland area from authoritative panel
coastal-wetland-evidence-contract,1.0.0,a4cf9efdecf6735f87d398acc56604e66df26e62f1a2f1e96fafd7791aa3bcc6,2009,Qingdao,BYS,Tidal_Flat,17.9520576853496,spatial_unit,observed raw wetland area from authoritative panel
coastal-wetland-evidence-contract,1.0.0,a4cf9efdecf6735f87d398acc56604e66df26e62f1a2f1e96fafd7791aa3bcc6,2010,Qingdao,BYS,Tidal_Flat,18.1058449243375,spatial_unit,observed raw wetland area from authoritative panel
coastal-wetland-evidence-contract,1.0.0,a4cf9efdecf6735f87d398acc56604e66df26e62f1a2f1e96fafd7791aa3bcc6,2011,Qingdao,BYS,Tidal_Flat,18.6769021085861,spatial_unit,observed raw wetland area from authoritative panel
coastal-wetland-evidence-contract,1.0.0,a4cf9efdecf6735f87d398acc56604e66df26e62f1a2f1e96fafd7791aa3bcc6,2012,Qingdao,BYS,Tidal_Flat,20.251081165872,spatial_unit,observed raw wetland area from authoritative panel
coastal-wetland-evidence-contract,1.0.0,a4cf9efdecf6735f87d398acc56604e66df26e62f1a2f1e96fafd7791aa3bcc6,2013,Qingdao,BYS,Tidal_Flat,19.2158602778646,spatial_unit,observed raw wetland area from authoritative panel
coastal-wetland-evidence-contract,1.0.0,a4cf9efdecf6735f87d398acc56604e66df26e62f1a2f1e96fafd7791aa3bcc6,2014,Qingdao,BYS,Tidal_Flat,18.1574875225375,spatial_unit,observed raw wetland area from authoritative panel
coastal-wetland-evidence-contract,1.0.0,a4cf9efdecf6735f87d398acc56604e66df26e62f1a2f1e96fafd7791aa3bcc6,2015,Qingdao,BYS,Tidal_Flat,18.1185485866498,spatial_unit,observed raw wetland area from authoritative panel
coastal-wetland-evidence-contract,1.0.0,a4cf9efdecf6735f87d398acc56604e66df26e62f1a2f1e96fafd7791aa3bcc6,2016,Qingdao,BYS,Tidal_Flat,16.713660369805,spatial_unit,observed raw wetland area from authoritative panel
coastal-wetland-evidence-contract,1.0.0,a4cf9efdecf6735f87d398acc56604e66df26e62f1a2f1e96fafd7791aa3bcc6,2017,Qingdao,BYS,Tidal_Flat,17.1029071000843,spatial_unit,observed raw wetland area from authoritative panel
coastal-wetland-evidence-contract,1.0.0,a4cf9efdecf6735f87d398acc56604e66df26e62f1a2f1e96fafd7791aa3bcc6,2018,Qingdao,BYS,Tidal_Flat,17.3888053075061,spatial_unit,observed raw wetland area from authoritative panel
coastal-wetland-evidence-contract,1.0.0,a4cf9efdecf6735f87d398acc56604e66df26e62f1a2f1e96fafd7791aa3bcc6,2019,Qingdao,BYS,Tidal_Flat,16.2724178574487,spatial_unit,observed raw wetland area from authoritative panel
coastal-wetland-evidence-contract,1.0.0,a4cf9efdecf6735f87d398acc56604e66df26e62f1a2f1e96fafd7791aa3bcc6,2020,Qingdao,BYS,Tidal_Flat,15.4994038267961,spatial_unit,observed raw wetland area from authoritative panel
coastal-wetland-evidence-contract,1.0.0,a4cf9efdecf6735f87d398acc56604e66df26e62f1a2f1e96fafd7791aa3bcc6,2021,Qingdao,BYS,Tidal_Flat,16.1254436358571,spatial_unit,observed raw wetland area from authoritative panel
coastal-wetland-evidence-contract,1.0.0,a4cf9efdecf6735f87d398acc56604e66df26e62f1a2f1e96fafd7791aa3bcc6,2022,Qingdao,BYS,Tidal_Flat,15.1932214952742,spatial_unit,observed raw wetland area from authoritative panel
coastal-wetland-evidence-contract,1.0.0,a4cf9efdecf6735f87d398acc56604e66df26e62f1a2f1e96fafd7791aa3bcc6,2001,Qinhuangdao,BYS,Tidal_Flat,7.26992762124693,spatial_unit,observed raw wetland area from authoritative panel
coastal-wetland-evidence-contract,1.0.0,a4cf9efdecf6735f87d398acc56604e66df26e62f1a2f1e96fafd7791aa3bcc6,2002,Qinhuangdao,BYS,Tidal_Flat,7.18466285343328,spatial_unit,observed raw wetland area from authoritative panel
coastal-wetland-evidence-contract,1.0.0,a4cf9efdecf6735f87d398acc56604e66df26e62f1a2f1e96fafd7791aa3bcc6,2003,Qinhuangdao,BYS,Tidal_Flat,8.68997788976716,spatial_unit,observed raw wetland area from authoritative panel
coastal-wetland-evidence-contract,1.0.0,a4cf9efdecf6735f87d398acc56604e66df26e62f1a2f1e96fafd7791aa3bcc6,2004,Qinhuangdao,BYS,Tidal_Flat,7.99148831844555,spatial_unit,observed raw wetland area from authoritative panel
coastal-wetland-evidence-contract,1.0.0,a4cf9efdecf6735f87d398acc56604e66df26e62f1a2f1e96fafd7791aa3bcc6,2005,Qinhuangdao,BYS,Tidal_Flat,7.42712900401156,spatial_unit,observed raw wetland area from authoritative panel
coastal-wetland-evidence-contract,1.0.0,a4cf9efdecf6735f87d398acc56604e66df26e62f1a2f1e96fafd7791aa3bcc6,2006,Qinhuangdao,BYS,Tidal_Flat,7.91686308644684,spatial_unit,observed raw wetland area from authoritative panel
coastal-wetland-evidence-contract,1.0.0,a4cf9efdecf6735f87d398acc56604e66df26e62f1a2f1e96fafd7791aa3bcc6,2007,Qinhuangdao,BYS,Tidal_Flat,8.61700294701095,spatial_unit,observed raw wetland area from authoritative panel
coastal-wetland-evidence-contract,1.0.0,a4cf9efdecf6735f87d398acc56604e66df26e62f1a2f1e96fafd7791aa3bcc6,2008,Qinhuangdao,BYS,Tidal_Flat,7.44428034893535,spatial_unit,observed raw wetland area from authoritative panel
coastal-wetland-evidence-contract,1.0.0,a4cf9efdecf6735f87d398acc56604e66df26e62f1a2f1e96fafd7791aa3bcc6,2009,Qinhuangdao,BYS,Tidal_Flat,7.55010434484719,spatial_unit,observed raw wetland area from authoritative panel
coastal-wetland-evidence-contract,1.0.0,a4cf9efdecf6735f87d398acc56604e66df26e62f1a2f1e96fafd7791aa3bcc6,2010,Qinhuangdao,BYS,Tidal_Flat,7.88153634256663,spatial_unit,observed raw wetland area from authoritative panel
coastal-wetland-evidence-contract,1.0.0,a4cf9efdecf6735f87d398acc56604e66df26e62f1a2f1e96fafd7791aa3bcc6,2011,Qinhuangdao,BYS,Tidal_Flat,8.30608974148092,spatial_unit,observed raw wetland area from authoritative panel
coastal-wetland-evidence-contract,1.0.0,a4cf9efdecf6735f87d398acc56604e66df26e62f1a2f1e96fafd7791aa3bcc6,2012,Qinhuangdao,BYS,Tidal_Flat,9.20962795268267,spatial_unit,observed raw wetland area from authoritative panel
coastal-wetland-evidence-contract,1.0.0,a4cf9efdecf6735f87d398acc56604e66df26e62f1a2f1e96fafd7791aa3bcc6,2013,Qinhuangdao,BYS,Tidal_Flat,9.4256884594516,spatial_unit,observed raw wetland area from authoritative panel
coastal-wetland-evidence-contract,1.0.0,a4cf9efdecf6735f87d398acc56604e66df26e62f1a2f1e96fafd7791aa3bcc6,2014,Qinhuangdao,BYS,Tidal_Flat,8.34865838129787,spatial_unit,observed raw wetland area from authoritative panel
coastal-wetland-evidence-contract,1.0.0,a4cf9efdecf6735f87d398acc56604e66df26e62f1a2f1e96fafd7791aa3bcc6,2015,Qinhuangdao,BYS,Tidal_Flat,10.2576375373755,spatial_unit,observed raw wetland area from authoritative panel
coastal-wetland-evidence-contract,1.0.0,a4cf9efdecf6735f87d398acc56604e66df26e62f1a2f1e96fafd7791aa3bcc6,2016,Qinhuangdao,BYS,Tidal_Flat,10.1844368238703,spatial_unit,observed raw wetland area from authoritative panel
coastal-wetland-evidence-contract,1.0.0,a4cf9efdecf6735f87d398acc56604e66df26e62f1a2f1e96fafd7791aa3bcc6,2017,Qinhuangdao,BYS,Tidal_Flat,10.2644358225069,spatial_unit,observed raw wetland area from authoritative panel
coastal-wetland-evidence-contract,1.0.0,a4cf9efdecf6735f87d398acc56604e66df26e62f1a2f1e96fafd7791aa3bcc6,2018,Qinhuangdao,BYS,Tidal_Flat,9.15166114879175,spatial_unit,observed raw wetland area from authoritative panel
coastal-wetland-evidence-contract,1.0.0,a4cf9efdecf6735f87d398acc56604e66df26e62f1a2f1e96fafd7791aa3bcc6,2019,Qinhuangdao,BYS,Tidal_Flat,8.06931591250192,spatial_unit,observed raw wetland area from authoritative panel
coastal-wetland-evidence-contract,1.0.0,a4cf9efdecf6735f87d398acc56604e66df26e62f1a2f1e96fafd7791aa3bcc6,2020,Qinhuangdao,BYS,Tidal_Flat,9.18110349073414,spatial_unit,observed raw wetland area from authoritative panel
coastal-wetland-evidence-contract,1.0.0,a4cf9efdecf6735f87d398acc56604e66df26e62f1a2f1e96fafd7791aa3bcc6,2021,Qinhuangdao,BYS,Tidal_Flat,9.76880331405292,spatial_unit,observed raw wetland area from authoritative panel
coastal-wetland-evidence-contract,1.0.0,a4cf9efdecf6735f87d398acc56604e66df26e62f1a2f1e96fafd7791aa3bcc6,2022,Qinhuangdao,BYS,Tidal_Flat,8.42515421372549,spatial_unit,observed raw wetland area from authoritative panel
coastal-wetland-evidence-contract,1.0.0,a4cf9efdecf6735f87d398acc56604e66df26e62f1a2f1e96fafd7791aa3bcc6,2001,Rizhao,BYS,Tidal_Flat,0.30491427053079,spatial_unit,observed raw wetland area from authoritative panel
coastal-wetland-evidence-contract,1.0.0,a4cf9efdecf6735f87d398acc56604e66df26e62f1a2f1e96fafd7791aa3bcc6,2002,Rizhao,BYS,Tidal_Flat,0.299800018051088,spatial_unit,observed raw wetland area from authoritative panel
coastal-wetland-evidence-contract,1.0.0,a4cf9efdecf6735f87d398acc56604e66df26e62f1a2f1e96fafd7791aa3bcc6,2003,Rizhao,BYS,Tidal_Flat,0.387982956879978,spatial_unit,observed raw wetland area from authoritative panel
coastal-wetland-evidence-contract,1.0.0,a4cf9efdecf6735f87d398acc56604e66df26e62f1a2f1e96fafd7791aa3bcc6,2004,Rizhao,BYS,Tidal_Flat,0.326573994914216,spatial_unit,observed raw wetland area from authoritative panel
coastal-wetland-evidence-contract,1.0.0,a4cf9efdecf6735f87d398acc56604e66df26e62f1a2f1e96fafd7791aa3bcc6,2005,Rizhao,BYS,Tidal_Flat,0.297864588717831,spatial_unit,observed raw wetland area from authoritative panel
coastal-wetland-evidence-contract,1.0.0,a4cf9efdecf6735f87d398acc56604e66df26e62f1a2f1e96fafd7791aa3bcc6,2006,Rizhao,BYS,Tidal_Flat,0.386466086335784,spatial_unit,observed raw wetland area from authoritative panel
coastal-wetland-evidence-contract,1.0.0,a4cf9efdecf6735f87d398acc56604e66df26e62f1a2f1e96fafd7791aa3bcc6,2007,Rizhao,BYS,Tidal_Flat,0.343518061912148,spatial_unit,observed raw wetland area from authoritative panel
coastal-wetland-evidence-contract,1.0.0,a4cf9efdecf6735f87d398acc56604e66df26e62f1a2f1e96fafd7791aa3bcc6,2008,Rizhao,BYS,Tidal_Flat,0.222608315979243,spatial_unit,observed raw wetland area from authoritative panel
coastal-wetland-evidence-contract,1.0.0,a4cf9efdecf6735f87d398acc56604e66df26e62f1a2f1e96fafd7791aa3bcc6,2009,Rizhao,BYS,Tidal_Flat,0.209852589769072,spatial_unit,observed raw wetland area from authoritative panel
coastal-wetland-evidence-contract,1.0.0,a4cf9efdecf6735f87d398acc56604e66df26e62f1a2f1e96fafd7791aa3bcc6,2010,Rizhao,BYS,Tidal_Flat,0.21349399821155,spatial_unit,observed raw wetland area from authoritative panel
coastal-wetland-evidence-contract,1.0.0,a4cf9efdecf6735f87d398acc56604e66df26e62f1a2f1e96fafd7791aa3bcc6,2011,Rizhao,BYS,Tidal_Flat,0.232598932176777,spatial_unit,observed raw wetland area from authoritative panel
coastal-wetland-evidence-contract,1.0.0,a4cf9efdecf6735f87d398acc56604e66df26e62f1a2f1e96fafd7791aa3bcc6,2012,Rizhao,BYS,Tidal_Flat,0.231708646963082,spatial_unit,observed raw wetland area from authoritative panel
coastal-wetland-evidence-contract,1.0.0,a4cf9efdecf6735f87d398acc56604e66df26e62f1a2f1e96fafd7791aa3bcc6,2013,Rizhao,BYS,Tidal_Flat,0.34368494078776,spatial_unit,observed raw wetland area from authoritative panel
coastal-wetland-evidence-contract,1.0.0,a4cf9efdecf6735f87d398acc56604e66df26e62f1a2f1e96fafd7791aa3bcc6,2014,Rizhao,BYS,Tidal_Flat,0.36577211222235,spatial_unit,observed raw wetland area from authoritative panel
coastal-wetland-evidence-contract,1.0.0,a4cf9efdecf6735f87d398acc56604e66df26e62f1a2f1e96fafd7791aa3bcc6,2015,Rizhao,BYS,Tidal_Flat,0.372623004938342,spatial_unit,observed raw wetland area from authoritative panel
coastal-wetland-evidence-contract,1.0.0,a4cf9efdecf6735f87d398acc56604e66df26e62f1a2f1e96fafd7791aa3bcc6,2016,Rizhao,BYS,Tidal_Flat,0.346037574452359,spatial_unit,observed raw wetland area from authoritative panel
coastal-wetland-evidence-contract,1.0.0,a4cf9efdecf6735f87d398acc56604e66df26e62f1a2f1e96fafd7791aa3bcc6,2017,Rizhao,BYS,Tidal_Flat,0.307765040986903,spatial_unit,observed raw wetland area from authoritative panel
coastal-wetland-evidence-contract,1.0.0,a4cf9efdecf6735f87d398acc56604e66df26e62f1a2f1e96fafd7791aa3bcc6,2018,Rizhao,BYS,Tidal_Flat,0.357980246731388,spatial_unit,observed raw wetland area from authoritative panel
coastal-wetland-evidence-contract,1.0.0,a4cf9efdecf6735f87d398acc56604e66df26e62f1a2f1e96fafd7791aa3bcc6,2019,Rizhao,BYS,Tidal_Flat,0.291005310336244,spatial_unit,observed raw wetland area from authoritative panel
coastal-wetland-evidence-contract,1.0.0,a4cf9efdecf6735f87d398acc56604e66df26e62f1a2f1e96fafd7791aa3bcc6,2020,Rizhao,BYS,Tidal_Flat,0.256845505258119,spatial_unit,observed raw wetland area from authoritative panel
coastal-wetland-evidence-contract,1.0.0,a4cf9efdecf6735f87d398acc56604e66df26e62f1a2f1e96fafd7791aa3bcc6,2021,Rizhao,BYS,Tidal_Flat,0.271376309784773,spatial_unit,observed raw wetland area from authoritative panel
coastal-wetland-evidence-contract,1.0.0,a4cf9efdecf6735f87d398acc56604e66df26e62f1a2f1e96fafd7791aa3bcc6,2022,Rizhao,BYS,Tidal_Flat,0.226122062605316,spatial_unit,observed raw wetland area from authoritative panel
coastal-wetland-evidence-contract,1.0.0,a4cf9efdecf6735f87d398acc56604e66df26e62f1a2f1e96fafd7791aa3bcc6,2001,Tangshan,BYS,Tidal_Flat,17.0229887566273,spatial_unit,observed raw wetland area from authoritative panel
coastal-wetland-evidence-contract,1.0.0,a4cf9efdecf6735f87d398acc56604e66df26e62f1a2f1e96fafd7791aa3bcc6,2002,Tangshan,BYS,Tidal_Flat,16.3465247713542,spatial_unit,observed raw wetland area from authoritative panel
coastal-wetland-evidence-contract,1.0.0,a4cf9efdecf6735f87d398acc56604e66df26e62f1a2f1e96fafd7791aa3bcc6,2003,Tangshan,BYS,Tidal_Flat,16.7067723892407,spatial_unit,observed raw wetland area from authoritative panel
coastal-wetland-evidence-contract,1.0.0,a4cf9efdecf6735f87d398acc56604e66df26e62f1a2f1e96fafd7791aa3bcc6,2004,Tangshan,BYS,Tidal_Flat,15.3817217492208,spatial_unit,observed raw wetland area from authoritative panel
coastal-wetland-evidence-contract,1.0.0,a4cf9efdecf6735f87d398acc56604e66df26e62f1a2f1e96fafd7791aa3bcc6,2005,Tangshan,BYS,Tidal_Flat,14.6090239099725,spatial_unit,observed raw wetland area from authoritative panel
coastal-wetland-evidence-contract,1.0.0,a4cf9efdecf6735f87d398acc56604e66df26e62f1a2f1e96fafd7791aa3bcc6,2006,Tangshan,BYS,Tidal_Flat,15.7842494378429,spatial_unit,observed raw wetland area from authoritative panel
coastal-wetland-evidence-contract,1.0.0,a4cf9efdecf6735f87d398acc56604e66df26e62f1a2f1e96fafd7791aa3bcc6,2007,Tangshan,BYS,Tidal_Flat,15.502770680758,spatial_unit,observed raw wetland area from authoritative panel
coastal-wetland-evidence-contract,1.0.0,a4cf9efdecf6735f87d398acc56604e66df26e62f1a2f1e96fafd7791aa3bcc6,2008,Tangshan,BYS,Tidal_Flat,14.7125905599802,spatial_unit,observed raw wetland area from authoritative panel
coastal-wetland-evidence-contract,1.0.0,a4cf9efdecf6735f87d398acc56604e66df26e62f1a2f1e96fafd7791aa3bcc6,2009,Tangshan,BYS,Tidal_Flat,15.9549547427007,spatial_unit,observed raw wetland area from authoritative panel
coastal-wetland-evidence-contract,1.0.0,a4cf9efdecf6735f87d398acc56604e66df26e62f1a2f1e96fafd7791aa3bcc6,2010,Tangshan,BYS,Tidal_Flat,15.4974170408261,spatial_unit,observed raw wetland area from authoritative panel
coastal-wetland-evidence-contract,1.0.0,a4cf9efdecf6735f87d398acc56604e66df26e62f1a2f1e96fafd7791aa3bcc6,2011,Tangshan,BYS,Tidal_Flat,14.8512263380937,spatial_unit,observed raw wetland area from authoritative panel
coastal-wetland-evidence-contract,1.0.0,a4cf9efdecf6735f87d398acc56604e66df26e62f1a2f1e96fafd7791aa3bcc6,2012,Tangshan,BYS,Tidal_Flat,16.5171835896561,spatial_unit,observed raw wetland area from authoritative panel
coastal-wetland-evidence-contract,1.0.0,a4cf9efdecf6735f87d398acc56604e66df26e62f1a2f1e96fafd7791aa3bcc6,2013,Tangshan,BYS,Tidal_Flat,15.3665847853957,spatial_unit,observed raw wetland area from authoritative panel
coastal-wetland-evidence-contract,1.0.0,a4cf9efdecf6735f87d398acc56604e66df26e62f1a2f1e96fafd7791aa3bcc6,2014,Tangshan,BYS,Tidal_Flat,13.2879952928347,spatial_unit,observed raw wetland area from authoritative panel
coastal-wetland-evidence-contract,1.0.0,a4cf9efdecf6735f87d398acc56604e66df26e62f1a2f1e96fafd7791aa3bcc6,2015,Tangshan,BYS,Tidal_Flat,13.1627055565028,spatial_unit,observed raw wetland area from authoritative panel
coastal-wetland-evidence-contract,1.0.0,a4cf9efdecf6735f87d398acc56604e66df26e62f1a2f1e96fafd7791aa3bcc6,2016,Tangshan,BYS,Tidal_Flat,12.8044876607767,spatial_unit,observed raw wetland area from authoritative panel
coastal-wetland-evidence-contract,1.0.0,a4cf9efdecf6735f87d398acc56604e66df26e62f1a2f1e96fafd7791aa3bcc6,2017,Tangshan,BYS,Tidal_Flat,10.6791780330902,spatial_unit,observed raw wetland area from authoritative panel
coastal-wetland-evidence-contract,1.0.0,a4cf9efdecf6735f87d398acc56604e66df26e62f1a2f1e96fafd7791aa3bcc6,2018,Tangshan,BYS,Tidal_Flat,12.0720517590648,spatial_unit,observed raw wetland area from authoritative panel
coastal-wetland-evidence-contract,1.0.0,a4cf9efdecf6735f87d398acc56604e66df26e62f1a2f1e96fafd7791aa3bcc6,2019,Tangshan,BYS,Tidal_Flat,11.0149946467582,spatial_unit,observed raw wetland area from authoritative panel
coastal-wetland-evidence-contract,1.0.0,a4cf9efdecf6735f87d398acc56604e66df26e62f1a2f1e96fafd7791aa3bcc6,2020,Tangshan,BYS,Tidal_Flat,11.8592128131568,spatial_unit,observed raw wetland area from authoritative panel
coastal-wetland-evidence-contract,1.0.0,a4cf9efdecf6735f87d398acc56604e66df26e62f1a2f1e96fafd7791aa3bcc6,2021,Tangshan,BYS,Tidal_Flat,11.8194132477693,spatial_unit,observed raw wetland area from authoritative panel
coastal-wetland-evidence-contract,1.0.0,a4cf9efdecf6735f87d398acc56604e66df26e62f1a2f1e96fafd7791aa3bcc6,2022,Tangshan,BYS,Tidal_Flat,10.5723827947726,spatial_unit,observed raw wetland area from authoritative panel
coastal-wetland-evidence-contract,1.0.0,a4cf9efdecf6735f87d398acc56604e66df26e62f1a2f1e96fafd7791aa3bcc6,2001,Tianjin_Shi,BYS,Tidal_Flat,4.7850797738243,spatial_unit,observed raw wetland area from authoritative panel
coastal-wetland-evidence-contract,1.0.0,a4cf9efdecf6735f87d398acc56604e66df26e62f1a2f1e96fafd7791aa3bcc6,2002,Tianjin_Shi,BYS,Tidal_Flat,4.102480461286,spatial_unit,observed raw wetland area from authoritative panel
coastal-wetland-evidence-contract,1.0.0,a4cf9efdecf6735f87d398acc56604e66df26e62f1a2f1e96fafd7791aa3bcc6,2003,Tianjin_Shi,BYS,Tidal_Flat,5.29915227787608,spatial_unit,observed raw wetland area from authoritative panel
coastal-wetland-evidence-contract,1.0.0,a4cf9efdecf6735f87d398acc56604e66df26e62f1a2f1e96fafd7791aa3bcc6,2004,Tianjin_Shi,BYS,Tidal_Flat,2.0764528519378,spatial_unit,observed raw wetland area from authoritative panel
coastal-wetland-evidence-contract,1.0.0,a4cf9efdecf6735f87d398acc56604e66df26e62f1a2f1e96fafd7791aa3bcc6,2005,Tianjin_Shi,BYS,Tidal_Flat,1.55632403288143,spatial_unit,observed raw wetland area from authoritative panel
coastal-wetland-evidence-contract,1.0.0,a4cf9efdecf6735f87d398acc56604e66df26e62f1a2f1e96fafd7791aa3bcc6,2006,Tianjin_Shi,BYS,Tidal_Flat,1.85813187706993,spatial_unit,observed raw wetland area from authoritative panel
coastal-wetland-evidence-contract,1.0.0,a4cf9efdecf6735f87d398acc56604e66df26e62f1a2f1e96fafd7791aa3bcc6,2007,Tianjin_Shi,BYS,Tidal_Flat,2.51496723168084,spatial_unit,observed raw wetland area from authoritative panel
coastal-wetland-evidence-contract,1.0.0,a4cf9efdecf6735f87d398acc56604e66df26e62f1a2f1e96fafd7791aa3bcc6,2008,Tianjin_Shi,BYS,Tidal_Flat,1.8312245203125,spatial_unit,observed raw wetland area from authoritative panel
coastal-wetland-evidence-contract,1.0.0,a4cf9efdecf6735f87d398acc56604e66df26e62f1a2f1e96fafd7791aa3bcc6,2009,Tianjin_Shi,BYS,Tidal_Flat,2.20600879897365,spatial_unit,observed raw wetland area from authoritative panel
coastal-wetland-evidence-contract,1.0.0,a4cf9efdecf6735f87d398acc56604e66df26e62f1a2f1e96fafd7791aa3bcc6,2010,Tianjin_Shi,BYS,Tidal_Flat,2.24087241141429,spatial_unit,observed raw wetland area from authoritative panel
coastal-wetland-evidence-contract,1.0.0,a4cf9efdecf6735f87d398acc56604e66df26e62f1a2f1e96fafd7791aa3bcc6,2011,Tianjin_Shi,BYS,Tidal_Flat,2.12376053558517,spatial_unit,observed raw wetland area from authoritative panel
coastal-wetland-evidence-contract,1.0.0,a4cf9efdecf6735f87d398acc56604e66df26e62f1a2f1e96fafd7791aa3bcc6,2012,Tianjin_Shi,BYS,Tidal_Flat,5.46698758318207,spatial_unit,observed raw wetland area from authoritative panel
coastal-wetland-evidence-contract,1.0.0,a4cf9efdecf6735f87d398acc56604e66df26e62f1a2f1e96fafd7791aa3bcc6,2013,Tianjin_Shi,BYS,Tidal_Flat,6.86306397291859,spatial_unit,observed raw wetland area from authoritative panel
coastal-wetland-evidence-contract,1.0.0,a4cf9efdecf6735f87d398acc56604e66df26e62f1a2f1e96fafd7791aa3bcc6,2014,Tianjin_Shi,BYS,Tidal_Flat,7.93523736031326,spatial_unit,observed raw wetland area from authoritative panel
coastal-wetland-evidence-contract,1.0.0,a4cf9efdecf6735f87d398acc56604e66df26e62f1a2f1e96fafd7791aa3bcc6,2015,Tianjin_Shi,BYS,Tidal_Flat,7.90552123866039,spatial_unit,observed raw wetland area from authoritative panel
coastal-wetland-evidence-contract,1.0.0,a4cf9efdecf6735f87d398acc56604e66df26e62f1a2f1e96fafd7791aa3bcc6,2016,Tianjin_Shi,BYS,Tidal_Flat,7.71885874781518,spatial_unit,observed raw wetland area from authoritative panel
coastal-wetland-evidence-contract,1.0.0,a4cf9efdecf6735f87d398acc56604e66df26e62f1a2f1e96fafd7791aa3bcc6,2017,Tianjin_Shi,BYS,Tidal_Flat,7.01315737999004,spatial_unit,observed raw wetland area from authoritative panel
coastal-wetland-evidence-contract,1.0.0,a4cf9efdecf6735f87d398acc56604e66df26e62f1a2f1e96fafd7791aa3bcc6,2018,Tianjin_Shi,BYS,Tidal_Flat,6.18243775128868,spatial_unit,observed raw wetland area from authoritative panel
coastal-wetland-evidence-contract,1.0.0,a4cf9efdecf6735f87d398acc56604e66df26e62f1a2f1e96fafd7791aa3bcc6,2019,Tianjin_Shi,BYS,Tidal_Flat,4.14322005506855,spatial_unit,observed raw wetland area from authoritative panel
coastal-wetland-evidence-contract,1.0.0,a4cf9efdecf6735f87d398acc56604e66df26e62f1a2f1e96fafd7791aa3bcc6,2020,Tianjin_Shi,BYS,Tidal_Flat,2.34342344955767,spatial_unit,observed raw wetland area from authoritative panel
coastal-wetland-evidence-contract,1.0.0,a4cf9efdecf6735f87d398acc56604e66df26e62f1a2f1e96fafd7791aa3bcc6,2021,Tianjin_Shi,BYS,Tidal_Flat,3.37987075666934,spatial_unit,observed raw wetland area from authoritative panel
coastal-wetland-evidence-contract,1.0.0,a4cf9efdecf6735f87d398acc56604e66df26e62f1a2f1e96fafd7791aa3bcc6,2022,Tianjin_Shi,BYS,Tidal_Flat,2.81407422743758,spatial_unit,observed raw wetland area from authoritative panel
coastal-wetland-evidence-contract,1.0.0,a4cf9efdecf6735f87d398acc56604e66df26e62f1a2f1e96fafd7791aa3bcc6,2001,Weifang,BYS,Tidal_Flat,241.831835745165,spatial_unit,observed raw wetland area from authoritative panel
coastal-wetland-evidence-contract,1.0.0,a4cf9efdecf6735f87d398acc56604e66df26e62f1a2f1e96fafd7791aa3bcc6,2002,Weifang,BYS,Tidal_Flat,237.466449783036,spatial_unit,observed raw wetland area from authoritative panel
coastal-wetland-evidence-contract,1.0.0,a4cf9efdecf6735f87d398acc56604e66df26e62f1a2f1e96fafd7791aa3bcc6,2003,Weifang,BYS,Tidal_Flat,239.656197085292,spatial_unit,observed raw wetland area from authoritative panel
coastal-wetland-evidence-contract,1.0.0,a4cf9efdecf6735f87d398acc56604e66df26e62f1a2f1e96fafd7791aa3bcc6,2004,Weifang,BYS,Tidal_Flat,228.215772121879,spatial_unit,observed raw wetland area from authoritative panel
coastal-wetland-evidence-contract,1.0.0,a4cf9efdecf6735f87d398acc56604e66df26e62f1a2f1e96fafd7791aa3bcc6,2005,Weifang,BYS,Tidal_Flat,212.887014714828,spatial_unit,observed raw wetland area from authoritative panel
coastal-wetland-evidence-contract,1.0.0,a4cf9efdecf6735f87d398acc56604e66df26e62f1a2f1e96fafd7791aa3bcc6,2006,Weifang,BYS,Tidal_Flat,221.011174763876,spatial_unit,observed raw wetland area from authoritative panel
coastal-wetland-evidence-contract,1.0.0,a4cf9efdecf6735f87d398acc56604e66df26e62f1a2f1e96fafd7791aa3bcc6,2007,Weifang,BYS,Tidal_Flat,215.976990595156,spatial_unit,observed raw wetland area from authoritative panel
coastal-wetland-evidence-contract,1.0.0,a4cf9efdecf6735f87d398acc56604e66df26e62f1a2f1e96fafd7791aa3bcc6,2008,Weifang,BYS,Tidal_Flat,208.639100054817,spatial_unit,observed raw wetland area from authoritative panel
coastal-wetland-evidence-contract,1.0.0,a4cf9efdecf6735f87d398acc56604e66df26e62f1a2f1e96fafd7791aa3bcc6,2009,Weifang,BYS,Tidal_Flat,203.16932794093,spatial_unit,observed raw wetland area from authoritative panel
coastal-wetland-evidence-contract,1.0.0,a4cf9efdecf6735f87d398acc56604e66df26e62f1a2f1e96fafd7791aa3bcc6,2010,Weifang,BYS,Tidal_Flat,203.463826897874,spatial_unit,observed raw wetland area from authoritative panel
coastal-wetland-evidence-contract,1.0.0,a4cf9efdecf6735f87d398acc56604e66df26e62f1a2f1e96fafd7791aa3bcc6,2011,Weifang,BYS,Tidal_Flat,189.67922304836,spatial_unit,observed raw wetland area from authoritative panel
coastal-wetland-evidence-contract,1.0.0,a4cf9efdecf6735f87d398acc56604e66df26e62f1a2f1e96fafd7791aa3bcc6,2012,Weifang,BYS,Tidal_Flat,191.8364615276,spatial_unit,observed raw wetland area from authoritative panel
coastal-wetland-evidence-contract,1.0.0,a4cf9efdecf6735f87d398acc56604e66df26e62f1a2f1e96fafd7791aa3bcc6,2013,Weifang,BYS,Tidal_Flat,189.811352122589,spatial_unit,observed raw wetland area from authoritative panel
coastal-wetland-evidence-contract,1.0.0,a4cf9efdecf6735f87d398acc56604e66df26e62f1a2f1e96fafd7791aa3bcc6,2014,Weifang,BYS,Tidal_Flat,181.954038986151,spatial_unit,observed raw wetland area from authoritative panel
coastal-wetland-evidence-contract,1.0.0,a4cf9efdecf6735f87d398acc56604e66df26e62f1a2f1e96fafd7791aa3bcc6,2015,Weifang,BYS,Tidal_Flat,183.754205188844,spatial_unit,observed raw wetland area from authoritative panel
coastal-wetland-evidence-contract,1.0.0,a4cf9efdecf6735f87d398acc56604e66df26e62f1a2f1e96fafd7791aa3bcc6,2016,Weifang,BYS,Tidal_Flat,189.598374592668,spatial_unit,observed raw wetland area from authoritative panel
coastal-wetland-evidence-contract,1.0.0,a4cf9efdecf6735f87d398acc56604e66df26e62f1a2f1e96fafd7791aa3bcc6,2017,Weifang,BYS,Tidal_Flat,178.760358692141,spatial_unit,observed raw wetland area from authoritative panel
coastal-wetland-evidence-contract,1.0.0,a4cf9efdecf6735f87d398acc56604e66df26e62f1a2f1e96fafd7791aa3bcc6,2018,Weifang,BYS,Tidal_Flat,172.3650546164,spatial_unit,observed raw wetland area from authoritative panel
coastal-wetland-evidence-contract,1.0.0,a4cf9efdecf6735f87d398acc56604e66df26e62f1a2f1e96fafd7791aa3bcc6,2019,Weifang,BYS,Tidal_Flat,164.41892091646,spatial_unit,observed raw wetland area from authoritative panel
coastal-wetland-evidence-contract,1.0.0,a4cf9efdecf6735f87d398acc56604e66df26e62f1a2f1e96fafd7791aa3bcc6,2020,Weifang,BYS,Tidal_Flat,169.900334528458,spatial_unit,observed raw wetland area from authoritative panel
coastal-wetland-evidence-contract,1.0.0,a4cf9efdecf6735f87d398acc56604e66df26e62f1a2f1e96fafd7791aa3bcc6,2021,Weifang,BYS,Tidal_Flat,180.655317665838,spatial_unit,observed raw wetland area from authoritative panel
coastal-wetland-evidence-contract,1.0.0,a4cf9efdecf6735f87d398acc56604e66df26e62f1a2f1e96fafd7791aa3bcc6,2022,Weifang,BYS,Tidal_Flat,164.772420805368,spatial_unit,observed raw wetland area from authoritative panel
coastal-wetland-evidence-contract,1.0.0,a4cf9efdecf6735f87d398acc56604e66df26e62f1a2f1e96fafd7791aa3bcc6,2001,Weihai,BYS,Tidal_Flat,20.5889885363626,spatial_unit,observed raw wetland area from authoritative panel
coastal-wetland-evidence-contract,1.0.0,a4cf9efdecf6735f87d398acc56604e66df26e62f1a2f1e96fafd7791aa3bcc6,2002,Weihai,BYS,Tidal_Flat,18.5085136558135,spatial_unit,observed raw wetland area from authoritative panel
coastal-wetland-evidence-contract,1.0.0,a4cf9efdecf6735f87d398acc56604e66df26e62f1a2f1e96fafd7791aa3bcc6,2003,Weihai,BYS,Tidal_Flat,21.9284309712853,spatial_unit,observed raw wetland area from authoritative panel
coastal-wetland-evidence-contract,1.0.0,a4cf9efdecf6735f87d398acc56604e66df26e62f1a2f1e96fafd7791aa3bcc6,2004,Weihai,BYS,Tidal_Flat,21.1442412511011,spatial_unit,observed raw wetland area from authoritative panel
coastal-wetland-evidence-contract,1.0.0,a4cf9efdecf6735f87d398acc56604e66df26e62f1a2f1e96fafd7791aa3bcc6,2005,Weihai,BYS,Tidal_Flat,21.6059191842716,spatial_unit,observed raw wetland area from authoritative panel
coastal-wetland-evidence-contract,1.0.0,a4cf9efdecf6735f87d398acc56604e66df26e62f1a2f1e96fafd7791aa3bcc6,2006,Weihai,BYS,Tidal_Flat,20.2984631549269,spatial_unit,observed raw wetland area from authoritative panel
coastal-wetland-evidence-contract,1.0.0,a4cf9efdecf6735f87d398acc56604e66df26e62f1a2f1e96fafd7791aa3bcc6,2007,Weihai,BYS,Tidal_Flat,20.3808523276655,spatial_unit,observed raw wetland area from authoritative panel
coastal-wetland-evidence-contract,1.0.0,a4cf9efdecf6735f87d398acc56604e66df26e62f1a2f1e96fafd7791aa3bcc6,2008,Weihai,BYS,Tidal_Flat,21.1762655459349,spatial_unit,observed raw wetland area from authoritative panel
coastal-wetland-evidence-contract,1.0.0,a4cf9efdecf6735f87d398acc56604e66df26e62f1a2f1e96fafd7791aa3bcc6,2009,Weihai,BYS,Tidal_Flat,20.4891467104588,spatial_unit,observed raw wetland area from authoritative panel
coastal-wetland-evidence-contract,1.0.0,a4cf9efdecf6735f87d398acc56604e66df26e62f1a2f1e96fafd7791aa3bcc6,2010,Weihai,BYS,Tidal_Flat,18.8799686332472,spatial_unit,observed raw wetland area from authoritative panel
coastal-wetland-evidence-contract,1.0.0,a4cf9efdecf6735f87d398acc56604e66df26e62f1a2f1e96fafd7791aa3bcc6,2011,Weihai,BYS,Tidal_Flat,17.2140674279048,spatial_unit,observed raw wetland area from authoritative panel
coastal-wetland-evidence-contract,1.0.0,a4cf9efdecf6735f87d398acc56604e66df26e62f1a2f1e96fafd7791aa3bcc6,2012,Weihai,BYS,Tidal_Flat,18.9486805492341,spatial_unit,observed raw wetland area from authoritative panel
coastal-wetland-evidence-contract,1.0.0,a4cf9efdecf6735f87d398acc56604e66df26e62f1a2f1e96fafd7791aa3bcc6,2013,Weihai,BYS,Tidal_Flat,21.4649828033433,spatial_unit,observed raw wetland area from authoritative panel
coastal-wetland-evidence-contract,1.0.0,a4cf9efdecf6735f87d398acc56604e66df26e62f1a2f1e96fafd7791aa3bcc6,2014,Weihai,BYS,Tidal_Flat,21.3958537578451,spatial_unit,observed raw wetland area from authoritative panel
coastal-wetland-evidence-contract,1.0.0,a4cf9efdecf6735f87d398acc56604e66df26e62f1a2f1e96fafd7791aa3bcc6,2015,Weihai,BYS,Tidal_Flat,20.4007872542529,spatial_unit,observed raw wetland area from authoritative panel
coastal-wetland-evidence-contract,1.0.0,a4cf9efdecf6735f87d398acc56604e66df26e62f1a2f1e96fafd7791aa3bcc6,2016,Weihai,BYS,Tidal_Flat,19.1474649971527,spatial_unit,observed raw wetland area from authoritative panel
coastal-wetland-evidence-contract,1.0.0,a4cf9efdecf6735f87d398acc56604e66df26e62f1a2f1e96fafd7791aa3bcc6,2017,Weihai,BYS,Tidal_Flat,18.8941487344688,spatial_unit,observed raw wetland area from authoritative panel
coastal-wetland-evidence-contract,1.0.0,a4cf9efdecf6735f87d398acc56604e66df26e62f1a2f1e96fafd7791aa3bcc6,2018,Weihai,BYS,Tidal_Flat,17.6648320975223,spatial_unit,observed raw wetland area from authoritative panel
coastal-wetland-evidence-contract,1.0.0,a4cf9efdecf6735f87d398acc56604e66df26e62f1a2f1e96fafd7791aa3bcc6,2019,Weihai,BYS,Tidal_Flat,17.7745279302199,spatial_unit,observed raw wetland area from authoritative panel
coastal-wetland-evidence-contract,1.0.0,a4cf9efdecf6735f87d398acc56604e66df26e62f1a2f1e96fafd7791aa3bcc6,2020,Weihai,BYS,Tidal_Flat,18.3193182919003,spatial_unit,observed raw wetland area from authoritative panel
coastal-wetland-evidence-contract,1.0.0,a4cf9efdecf6735f87d398acc56604e66df26e62f1a2f1e96fafd7791aa3bcc6,2021,Weihai,BYS,Tidal_Flat,17.2607725303156,spatial_unit,observed raw wetland area from authoritative panel
coastal-wetland-evidence-contract,1.0.0,a4cf9efdecf6735f87d398acc56604e66df26e62f1a2f1e96fafd7791aa3bcc6,2022,Weihai,BYS,Tidal_Flat,17.3428337482939,spatial_unit,observed raw wetland area from authoritative panel
coastal-wetland-evidence-contract,1.0.0,a4cf9efdecf6735f87d398acc56604e66df26e62f1a2f1e96fafd7791aa3bcc6,2001,Yantai,BYS,Tidal_Flat,53.3819531994335,spatial_unit,observed raw wetland area from authoritative panel
coastal-wetland-evidence-contract,1.0.0,a4cf9efdecf6735f87d398acc56604e66df26e62f1a2f1e96fafd7791aa3bcc6,2002,Yantai,BYS,Tidal_Flat,52.0769302971356,spatial_unit,observed raw wetland area from authoritative panel
coastal-wetland-evidence-contract,1.0.0,a4cf9efdecf6735f87d398acc56604e66df26e62f1a2f1e96fafd7791aa3bcc6,2003,Yantai,BYS,Tidal_Flat,53.4615345221126,spatial_unit,observed raw wetland area from authoritative panel
coastal-wetland-evidence-contract,1.0.0,a4cf9efdecf6735f87d398acc56604e66df26e62f1a2f1e96fafd7791aa3bcc6,2004,Yantai,BYS,Tidal_Flat,52.536383496632,spatial_unit,observed raw wetland area from authoritative panel
coastal-wetland-evidence-contract,1.0.0,a4cf9efdecf6735f87d398acc56604e66df26e62f1a2f1e96fafd7791aa3bcc6,2005,Yantai,BYS,Tidal_Flat,52.1179844165593,spatial_unit,observed raw wetland area from authoritative panel
coastal-wetland-evidence-contract,1.0.0,a4cf9efdecf6735f87d398acc56604e66df26e62f1a2f1e96fafd7791aa3bcc6,2006,Yantai,BYS,Tidal_Flat,51.9748362371995,spatial_unit,observed raw wetland area from authoritative panel
coastal-wetland-evidence-contract,1.0.0,a4cf9efdecf6735f87d398acc56604e66df26e62f1a2f1e96fafd7791aa3bcc6,2007,Yantai,BYS,Tidal_Flat,51.4288622511166,spatial_unit,observed raw wetland area from authoritative panel
coastal-wetland-evidence-contract,1.0.0,a4cf9efdecf6735f87d398acc56604e66df26e62f1a2f1e96fafd7791aa3bcc6,2008,Yantai,BYS,Tidal_Flat,50.0307956078415,spatial_unit,observed raw wetland area from authoritative panel
coastal-wetland-evidence-contract,1.0.0,a4cf9efdecf6735f87d398acc56604e66df26e62f1a2f1e96fafd7791aa3bcc6,2009,Yantai,BYS,Tidal_Flat,50.5226259128773,spatial_unit,observed raw wetland area from authoritative panel
coastal-wetland-evidence-contract,1.0.0,a4cf9efdecf6735f87d398acc56604e66df26e62f1a2f1e96fafd7791aa3bcc6,2010,Yantai,BYS,Tidal_Flat,48.5153441810218,spatial_unit,observed raw wetland area from authoritative panel
coastal-wetland-evidence-contract,1.0.0,a4cf9efdecf6735f87d398acc56604e66df26e62f1a2f1e96fafd7791aa3bcc6,2011,Yantai,BYS,Tidal_Flat,45.5105918453854,spatial_unit,observed raw wetland area from authoritative panel
coastal-wetland-evidence-contract,1.0.0,a4cf9efdecf6735f87d398acc56604e66df26e62f1a2f1e96fafd7791aa3bcc6,2012,Yantai,BYS,Tidal_Flat,41.6671088826136,spatial_unit,observed raw wetland area from authoritative panel
coastal-wetland-evidence-contract,1.0.0,a4cf9efdecf6735f87d398acc56604e66df26e62f1a2f1e96fafd7791aa3bcc6,2013,Yantai,BYS,Tidal_Flat,35.3513725201612,spatial_unit,observed raw wetland area from authoritative panel
coastal-wetland-evidence-contract,1.0.0,a4cf9efdecf6735f87d398acc56604e66df26e62f1a2f1e96fafd7791aa3bcc6,2014,Yantai,BYS,Tidal_Flat,35.11959356547,spatial_unit,observed raw wetland area from authoritative panel
coastal-wetland-evidence-contract,1.0.0,a4cf9efdecf6735f87d398acc56604e66df26e62f1a2f1e96fafd7791aa3bcc6,2015,Yantai,BYS,Tidal_Flat,33.2154545994638,spatial_unit,observed raw wetland area from authoritative panel
coastal-wetland-evidence-contract,1.0.0,a4cf9efdecf6735f87d398acc56604e66df26e62f1a2f1e96fafd7791aa3bcc6,2016,Yantai,BYS,Tidal_Flat,38.6560075040076,spatial_unit,observed raw wetland area from authoritative panel
coastal-wetland-evidence-contract,1.0.0,a4cf9efdecf6735f87d398acc56604e66df26e62f1a2f1e96fafd7791aa3bcc6,2017,Yantai,BYS,Tidal_Flat,34.1526735707012,spatial_unit,observed raw wetland area from authoritative panel
coastal-wetland-evidence-contract,1.0.0,a4cf9efdecf6735f87d398acc56604e66df26e62f1a2f1e96fafd7791aa3bcc6,2018,Yantai,BYS,Tidal_Flat,31.8837968918504,spatial_unit,observed raw wetland area from authoritative panel
coastal-wetland-evidence-contract,1.0.0,a4cf9efdecf6735f87d398acc56604e66df26e62f1a2f1e96fafd7791aa3bcc6,2019,Yantai,BYS,Tidal_Flat,31.8274698807905,spatial_unit,observed raw wetland area from authoritative panel
coastal-wetland-evidence-contract,1.0.0,a4cf9efdecf6735f87d398acc56604e66df26e62f1a2f1e96fafd7791aa3bcc6,2020,Yantai,BYS,Tidal_Flat,32.2300833826364,spatial_unit,observed raw wetland area from authoritative panel
coastal-wetland-evidence-contract,1.0.0,a4cf9efdecf6735f87d398acc56604e66df26e62f1a2f1e96fafd7791aa3bcc6,2021,Yantai,BYS,Tidal_Flat,36.0555071505094,spatial_unit,observed raw wetland area from authoritative panel
coastal-wetland-evidence-contract,1.0.0,a4cf9efdecf6735f87d398acc56604e66df26e62f1a2f1e96fafd7791aa3bcc6,2022,Yantai,BYS,Tidal_Flat,32.9671842193934,spatial_unit,observed raw wetland area from authoritative panel
coastal-wetland-evidence-contract,1.0.0,a4cf9efdecf6735f87d398acc56604e66df26e62f1a2f1e96fafd7791aa3bcc6,2001,Yingkou,BYS,Tidal_Flat,13.80544896803,spatial_unit,observed raw wetland area from authoritative panel
coastal-wetland-evidence-contract,1.0.0,a4cf9efdecf6735f87d398acc56604e66df26e62f1a2f1e96fafd7791aa3bcc6,2002,Yingkou,BYS,Tidal_Flat,14.0065513114124,spatial_unit,observed raw wetland area from authoritative panel
coastal-wetland-evidence-contract,1.0.0,a4cf9efdecf6735f87d398acc56604e66df26e62f1a2f1e96fafd7791aa3bcc6,2003,Yingkou,BYS,Tidal_Flat,13.6441199898974,spatial_unit,observed raw wetland area from authoritative panel
coastal-wetland-evidence-contract,1.0.0,a4cf9efdecf6735f87d398acc56604e66df26e62f1a2f1e96fafd7791aa3bcc6,2004,Yingkou,BYS,Tidal_Flat,15.3118757375325,spatial_unit,observed raw wetland area from authoritative panel
coastal-wetland-evidence-contract,1.0.0,a4cf9efdecf6735f87d398acc56604e66df26e62f1a2f1e96fafd7791aa3bcc6,2005,Yingkou,BYS,Tidal_Flat,12.4804415007889,spatial_unit,observed raw wetland area from authoritative panel
coastal-wetland-evidence-contract,1.0.0,a4cf9efdecf6735f87d398acc56604e66df26e62f1a2f1e96fafd7791aa3bcc6,2006,Yingkou,BYS,Tidal_Flat,15.2684297118911,spatial_unit,observed raw wetland area from authoritative panel
coastal-wetland-evidence-contract,1.0.0,a4cf9efdecf6735f87d398acc56604e66df26e62f1a2f1e96fafd7791aa3bcc6,2007,Yingkou,BYS,Tidal_Flat,12.955862292042,spatial_unit,observed raw wetland area from authoritative panel
coastal-wetland-evidence-contract,1.0.0,a4cf9efdecf6735f87d398acc56604e66df26e62f1a2f1e96fafd7791aa3bcc6,2008,Yingkou,BYS,Tidal_Flat,16.8837050382352,spatial_unit,observed raw wetland area from authoritative panel
coastal-wetland-evidence-contract,1.0.0,a4cf9efdecf6735f87d398acc56604e66df26e62f1a2f1e96fafd7791aa3bcc6,2009,Yingkou,BYS,Tidal_Flat,14.9808222656135,spatial_unit,observed raw wetland area from authoritative panel
coastal-wetland-evidence-contract,1.0.0,a4cf9efdecf6735f87d398acc56604e66df26e62f1a2f1e96fafd7791aa3bcc6,2010,Yingkou,BYS,Tidal_Flat,13.1383910331342,spatial_unit,observed raw wetland area from authoritative panel
coastal-wetland-evidence-contract,1.0.0,a4cf9efdecf6735f87d398acc56604e66df26e62f1a2f1e96fafd7791aa3bcc6,2011,Yingkou,BYS,Tidal_Flat,10.9805883354511,spatial_unit,observed raw wetland area from authoritative panel
coastal-wetland-evidence-contract,1.0.0,a4cf9efdecf6735f87d398acc56604e66df26e62f1a2f1e96fafd7791aa3bcc6,2012,Yingkou,BYS,Tidal_Flat,15.0352147779585,spatial_unit,observed raw wetland area from authoritative panel
coastal-wetland-evidence-contract,1.0.0,a4cf9efdecf6735f87d398acc56604e66df26e62f1a2f1e96fafd7791aa3bcc6,2013,Yingkou,BYS,Tidal_Flat,14.1429416261929,spatial_unit,observed raw wetland area from authoritative panel
coastal-wetland-evidence-contract,1.0.0,a4cf9efdecf6735f87d398acc56604e66df26e62f1a2f1e96fafd7791aa3bcc6,2014,Yingkou,BYS,Tidal_Flat,12.8504663303424,spatial_unit,observed raw wetland area from authoritative panel
coastal-wetland-evidence-contract,1.0.0,a4cf9efdecf6735f87d398acc56604e66df26e62f1a2f1e96fafd7791aa3bcc6,2015,Yingkou,BYS,Tidal_Flat,15.0652023859854,spatial_unit,observed raw wetland area from authoritative panel
coastal-wetland-evidence-contract,1.0.0,a4cf9efdecf6735f87d398acc56604e66df26e62f1a2f1e96fafd7791aa3bcc6,2016,Yingkou,BYS,Tidal_Flat,12.5813990770872,spatial_unit,observed raw wetland area from authoritative panel
coastal-wetland-evidence-contract,1.0.0,a4cf9efdecf6735f87d398acc56604e66df26e62f1a2f1e96fafd7791aa3bcc6,2017,Yingkou,BYS,Tidal_Flat,13.2838923397518,spatial_unit,observed raw wetland area from authoritative panel
coastal-wetland-evidence-contract,1.0.0,a4cf9efdecf6735f87d398acc56604e66df26e62f1a2f1e96fafd7791aa3bcc6,2018,Yingkou,BYS,Tidal_Flat,11.8299446014936,spatial_unit,observed raw wetland area from authoritative panel
coastal-wetland-evidence-contract,1.0.0,a4cf9efdecf6735f87d398acc56604e66df26e62f1a2f1e96fafd7791aa3bcc6,2019,Yingkou,BYS,Tidal_Flat,12.7296314023553,spatial_unit,observed raw wetland area from authoritative panel
coastal-wetland-evidence-contract,1.0.0,a4cf9efdecf6735f87d398acc56604e66df26e62f1a2f1e96fafd7791aa3bcc6,2020,Yingkou,BYS,Tidal_Flat,12.7475957162052,spatial_unit,observed raw wetland area from authoritative panel
coastal-wetland-evidence-contract,1.0.0,a4cf9efdecf6735f87d398acc56604e66df26e62f1a2f1e96fafd7791aa3bcc6,2021,Yingkou,BYS,Tidal_Flat,13.6485771298005,spatial_unit,observed raw wetland area from authoritative panel
coastal-wetland-evidence-contract,1.0.0,a4cf9efdecf6735f87d398acc56604e66df26e62f1a2f1e96fafd7791aa3bcc6,2022,Yingkou,BYS,Tidal_Flat,13.6872258938687,spatial_unit,observed raw wetland area from authoritative panel
coastal-wetland-evidence-contract,1.0.0,a4cf9efdecf6735f87d398acc56604e66df26e62f1a2f1e96fafd7791aa3bcc6,2001,Chaozhou,HX,Tidal_Flat,3.08057635600874,spatial_unit,observed raw wetland area from authoritative panel
coastal-wetland-evidence-contract,1.0.0,a4cf9efdecf6735f87d398acc56604e66df26e62f1a2f1e96fafd7791aa3bcc6,2002,Chaozhou,HX,Tidal_Flat,3.1900340105622,spatial_unit,observed raw wetland area from authoritative panel
coastal-wetland-evidence-contract,1.0.0,a4cf9efdecf6735f87d398acc56604e66df26e62f1a2f1e96fafd7791aa3bcc6,2003,Chaozhou,HX,Tidal_Flat,3.10760014337087,spatial_unit,observed raw wetland area from authoritative panel
coastal-wetland-evidence-contract,1.0.0,a4cf9efdecf6735f87d398acc56604e66df26e62f1a2f1e96fafd7791aa3bcc6,2004,Chaozhou,HX,Tidal_Flat,3.55604409270451,spatial_unit,observed raw wetland area from authoritative panel
coastal-wetland-evidence-contract,1.0.0,a4cf9efdecf6735f87d398acc56604e66df26e62f1a2f1e96fafd7791aa3bcc6,2005,Chaozhou,HX,Tidal_Flat,3.9765572677926,spatial_unit,observed raw wetland area from authoritative panel
coastal-wetland-evidence-contract,1.0.0,a4cf9efdecf6735f87d398acc56604e66df26e62f1a2f1e96fafd7791aa3bcc6,2006,Chaozhou,HX,Tidal_Flat,3.57952479867112,spatial_unit,observed raw wetland area from authoritative panel
coastal-wetland-evidence-contract,1.0.0,a4cf9efdecf6735f87d398acc56604e66df26e62f1a2f1e96fafd7791aa3bcc6,2007,Chaozhou,HX,Tidal_Flat,3.32587037243414,spatial_unit,observed raw wetland area from authoritative panel
coastal-wetland-evidence-contract,1.0.0,a4cf9efdecf6735f87d398acc56604e66df26e62f1a2f1e96fafd7791aa3bcc6,2008,Chaozhou,HX,Tidal_Flat,3.30302497642081,spatial_unit,observed raw wetland area from authoritative panel
coastal-wetland-evidence-contract,1.0.0,a4cf9efdecf6735f87d398acc56604e66df26e62f1a2f1e96fafd7791aa3bcc6,2009,Chaozhou,HX,Tidal_Flat,3.23540000916437,spatial_unit,observed raw wetland area from authoritative panel
coastal-wetland-evidence-contract,1.0.0,a4cf9efdecf6735f87d398acc56604e66df26e62f1a2f1e96fafd7791aa3bcc6,2010,Chaozhou,HX,Tidal_Flat,3.4436053609375,spatial_unit,observed raw wetland area from authoritative panel
coastal-wetland-evidence-contract,1.0.0,a4cf9efdecf6735f87d398acc56604e66df26e62f1a2f1e96fafd7791aa3bcc6,2011,Chaozhou,HX,Tidal_Flat,3.65019812203968,spatial_unit,observed raw wetland area from authoritative panel
coastal-wetland-evidence-contract,1.0.0,a4cf9efdecf6735f87d398acc56604e66df26e62f1a2f1e96fafd7791aa3bcc6,2012,Chaozhou,HX,Tidal_Flat,3.25546489142157,spatial_unit,observed raw wetland area from authoritative panel
coastal-wetland-evidence-contract,1.0.0,a4cf9efdecf6735f87d398acc56604e66df26e62f1a2f1e96fafd7791aa3bcc6,2013,Chaozhou,HX,Tidal_Flat,3.43051090060892,spatial_unit,observed raw wetland area from authoritative panel
coastal-wetland-evidence-contract,1.0.0,a4cf9efdecf6735f87d398acc56604e66df26e62f1a2f1e96fafd7791aa3bcc6,2014,Chaozhou,HX,Tidal_Flat,3.49822411199066,spatial_unit,observed raw wetland area from authoritative panel
coastal-wetland-evidence-contract,1.0.0,a4cf9efdecf6735f87d398acc56604e66df26e62f1a2f1e96fafd7791aa3bcc6,2015,Chaozhou,HX,Tidal_Flat,3.15530463293505,spatial_unit,observed raw wetland area from authoritative panel
coastal-wetland-evidence-contract,1.0.0,a4cf9efdecf6735f87d398acc56604e66df26e62f1a2f1e96fafd7791aa3bcc6,2016,Chaozhou,HX,Tidal_Flat,3.45307974400659,spatial_unit,observed raw wetland area from authoritative panel
coastal-wetland-evidence-contract,1.0.0,a4cf9efdecf6735f87d398acc56604e66df26e62f1a2f1e96fafd7791aa3bcc6,2017,Chaozhou,HX,Tidal_Flat,3.42775620299097,spatial_unit,observed raw wetland area from authoritative panel
coastal-wetland-evidence-contract,1.0.0,a4cf9efdecf6735f87d398acc56604e66df26e62f1a2f1e96fafd7791aa3bcc6,2018,Chaozhou,HX,Tidal_Flat,3.42581745432369,spatial_unit,observed raw wetland area from authoritative panel
coastal-wetland-evidence-contract,1.0.0,a4cf9efdecf6735f87d398acc56604e66df26e62f1a2f1e96fafd7791aa3bcc6,2019,Chaozhou,HX,Tidal_Flat,3.39264605416284,spatial_unit,observed raw wetland area from authoritative panel
coastal-wetland-evidence-contract,1.0.0,a4cf9efdecf6735f87d398acc56604e66df26e62f1a2f1e96fafd7791aa3bcc6,2020,Chaozhou,HX,Tidal_Flat,3.43501955157016,spatial_unit,observed raw wetland area from authoritative panel
coastal-wetland-evidence-contract,1.0.0,a4cf9efdecf6735f87d398acc56604e66df26e62f1a2f1e96fafd7791aa3bcc6,2021,Chaozhou,HX,Tidal_Flat,3.29327352813649,spatial_unit,observed raw wetland area from authoritative panel
coastal-wetland-evidence-contract,1.0.0,a4cf9efdecf6735f87d398acc56604e66df26e62f1a2f1e96fafd7791aa3bcc6,2022,Chaozhou,HX,Tidal_Flat,3.42976471071538,spatial_unit,observed raw wetland area from authoritative panel
coastal-wetland-evidence-contract,1.0.0,a4cf9efdecf6735f87d398acc56604e66df26e62f1a2f1e96fafd7791aa3bcc6,2001,Fuzhou,HX,Tidal_Flat,58.188395001915,spatial_unit,observed raw wetland area from authoritative panel
coastal-wetland-evidence-contract,1.0.0,a4cf9efdecf6735f87d398acc56604e66df26e62f1a2f1e96fafd7791aa3bcc6,2002,Fuzhou,HX,Tidal_Flat,61.0415274497704,spatial_unit,observed raw wetland area from authoritative panel
coastal-wetland-evidence-contract,1.0.0,a4cf9efdecf6735f87d398acc56604e66df26e62f1a2f1e96fafd7791aa3bcc6,2003,Fuzhou,HX,Tidal_Flat,62.7199391201861,spatial_unit,observed raw wetland area from authoritative panel
coastal-wetland-evidence-contract,1.0.0,a4cf9efdecf6735f87d398acc56604e66df26e62f1a2f1e96fafd7791aa3bcc6,2004,Fuzhou,HX,Tidal_Flat,64.3461245439797,spatial_unit,observed raw wetland area from authoritative panel
coastal-wetland-evidence-contract,1.0.0,a4cf9efdecf6735f87d398acc56604e66df26e62f1a2f1e96fafd7791aa3bcc6,2005,Fuzhou,HX,Tidal_Flat,66.8676678780024,spatial_unit,observed raw wetland area from authoritative panel
coastal-wetland-evidence-contract,1.0.0,a4cf9efdecf6735f87d398acc56604e66df26e62f1a2f1e96fafd7791aa3bcc6,2006,Fuzhou,HX,Tidal_Flat,64.8483509877143,spatial_unit,observed raw wetland area from authoritative panel
coastal-wetland-evidence-contract,1.0.0,a4cf9efdecf6735f87d398acc56604e66df26e62f1a2f1e96fafd7791aa3bcc6,2007,Fuzhou,HX,Tidal_Flat,59.5013245151157,spatial_unit,observed raw wetland area from authoritative panel
coastal-wetland-evidence-contract,1.0.0,a4cf9efdecf6735f87d398acc56604e66df26e62f1a2f1e96fafd7791aa3bcc6,2008,Fuzhou,HX,Tidal_Flat,59.3823960664676,spatial_unit,observed raw wetland area from authoritative panel
coastal-wetland-evidence-contract,1.0.0,a4cf9efdecf6735f87d398acc56604e66df26e62f1a2f1e96fafd7791aa3bcc6,2009,Fuzhou,HX,Tidal_Flat,61.1269216786305,spatial_unit,observed raw wetland area from authoritative panel
coastal-wetland-evidence-contract,1.0.0,a4cf9efdecf6735f87d398acc56604e66df26e62f1a2f1e96fafd7791aa3bcc6,2010,Fuzhou,HX,Tidal_Flat,59.088836871764,spatial_unit,observed raw wetland area from authoritative panel
coastal-wetland-evidence-contract,1.0.0,a4cf9efdecf6735f87d398acc56604e66df26e62f1a2f1e96fafd7791aa3bcc6,2011,Fuzhou,HX,Tidal_Flat,57.8609877780792,spatial_unit,observed raw wetland area from authoritative panel
coastal-wetland-evidence-contract,1.0.0,a4cf9efdecf6735f87d398acc56604e66df26e62f1a2f1e96fafd7791aa3bcc6,2012,Fuzhou,HX,Tidal_Flat,56.2038829653111,spatial_unit,observed raw wetland area from authoritative panel
coastal-wetland-evidence-contract,1.0.0,a4cf9efdecf6735f87d398acc56604e66df26e62f1a2f1e96fafd7791aa3bcc6,2013,Fuzhou,HX,Tidal_Flat,57.4848817829275,spatial_unit,observed raw wetland area from authoritative panel
coastal-wetland-evidence-contract,1.0.0,a4cf9efdecf6735f87d398acc56604e66df26e62f1a2f1e96fafd7791aa3bcc6,2014,Fuzhou,HX,Tidal_Flat,55.9322874466683,spatial_unit,observed raw wetland area from authoritative panel
coastal-wetland-evidence-contract,1.0.0,a4cf9efdecf6735f87d398acc56604e66df26e62f1a2f1e96fafd7791aa3bcc6,2015,Fuzhou,HX,Tidal_Flat,57.5463640440258,spatial_unit,observed raw wetland area from authoritative panel
coastal-wetland-evidence-contract,1.0.0,a4cf9efdecf6735f87d398acc56604e66df26e62f1a2f1e96fafd7791aa3bcc6,2016,Fuzhou,HX,Tidal_Flat,55.5234345272673,spatial_unit,observed raw wetland area from authoritative panel
coastal-wetland-evidence-contract,1.0.0,a4cf9efdecf6735f87d398acc56604e66df26e62f1a2f1e96fafd7791aa3bcc6,2017,Fuzhou,HX,Tidal_Flat,55.3522374335632,spatial_unit,observed raw wetland area from authoritative panel
coastal-wetland-evidence-contract,1.0.0,a4cf9efdecf6735f87d398acc56604e66df26e62f1a2f1e96fafd7791aa3bcc6,2018,Fuzhou,HX,Tidal_Flat,56.712264836489,spatial_unit,observed raw wetland area from authoritative panel
coastal-wetland-evidence-contract,1.0.0,a4cf9efdecf6735f87d398acc56604e66df26e62f1a2f1e96fafd7791aa3bcc6,2019,Fuzhou,HX,Tidal_Flat,56.4281414548829,spatial_unit,observed raw wetland area from authoritative panel
coastal-wetland-evidence-contract,1.0.0,a4cf9efdecf6735f87d398acc56604e66df26e62f1a2f1e96fafd7791aa3bcc6,2020,Fuzhou,HX,Tidal_Flat,57.4974118172642,spatial_unit,observed raw wetland area from authoritative panel
coastal-wetland-evidence-contract,1.0.0,a4cf9efdecf6735f87d398acc56604e66df26e62f1a2f1e96fafd7791aa3bcc6,2021,Fuzhou,HX,Tidal_Flat,54.8159632892196,spatial_unit,observed raw wetland area from authoritative panel
coastal-wetland-evidence-contract,1.0.0,a4cf9efdecf6735f87d398acc56604e66df26e62f1a2f1e96fafd7791aa3bcc6,2022,Fuzhou,HX,Tidal_Flat,53.0896537736252,spatial_unit,observed raw wetland area from authoritative panel
coastal-wetland-evidence-contract,1.0.0,a4cf9efdecf6735f87d398acc56604e66df26e62f1a2f1e96fafd7791aa3bcc6,2001,Jieyang,HX,Tidal_Flat,0.463789169301471,spatial_unit,observed raw wetland area from authoritative panel
coastal-wetland-evidence-contract,1.0.0,a4cf9efdecf6735f87d398acc56604e66df26e62f1a2f1e96fafd7791aa3bcc6,2002,Jieyang,HX,Tidal_Flat,0.39380496349954,spatial_unit,observed raw wetland area from authoritative panel
coastal-wetland-evidence-contract,1.0.0,a4cf9efdecf6735f87d398acc56604e66df26e62f1a2f1e96fafd7791aa3bcc6,2003,Jieyang,HX,Tidal_Flat,0.414469140697763,spatial_unit,observed raw wetland area from authoritative panel
coastal-wetland-evidence-contract,1.0.0,a4cf9efdecf6735f87d398acc56604e66df26e62f1a2f1e96fafd7791aa3bcc6,2004,Jieyang,HX,Tidal_Flat,0.450062045151655,spatial_unit,observed raw wetland area from authoritative panel
coastal-wetland-evidence-contract,1.0.0,a4cf9efdecf6735f87d398acc56604e66df26e62f1a2f1e96fafd7791aa3bcc6,2005,Jieyang,HX,Tidal_Flat,0.64513171841682,spatial_unit,observed raw wetland area from authoritative panel
coastal-wetland-evidence-contract,1.0.0,a4cf9efdecf6735f87d398acc56604e66df26e62f1a2f1e96fafd7791aa3bcc6,2006,Jieyang,HX,Tidal_Flat,0.586318681954657,spatial_unit,observed raw wetland area from authoritative panel
coastal-wetland-evidence-contract,1.0.0,a4cf9efdecf6735f87d398acc56604e66df26e62f1a2f1e96fafd7791aa3bcc6,2007,Jieyang,HX,Tidal_Flat,0.375761467038143,spatial_unit,observed raw wetland area from authoritative panel
coastal-wetland-evidence-contract,1.0.0,a4cf9efdecf6735f87d398acc56604e66df26e62f1a2f1e96fafd7791aa3bcc6,2008,Jieyang,HX,Tidal_Flat,0.330954219002757,spatial_unit,observed raw wetland area from authoritative panel
coastal-wetland-evidence-contract,1.0.0,a4cf9efdecf6735f87d398acc56604e66df26e62f1a2f1e96fafd7791aa3bcc6,2009,Jieyang,HX,Tidal_Flat,0.370377604411765,spatial_unit,observed raw wetland area from authoritative panel
coastal-wetland-evidence-contract,1.0.0,a4cf9efdecf6735f87d398acc56604e66df26e62f1a2f1e96fafd7791aa3bcc6,2010,Jieyang,HX,Tidal_Flat,0.444180281946998,spatial_unit,observed raw wetland area from authoritative panel
coastal-wetland-evidence-contract,1.0.0,a4cf9efdecf6735f87d398acc56604e66df26e62f1a2f1e96fafd7791aa3bcc6,2011,Jieyang,HX,Tidal_Flat,0.492420217876838,spatial_unit,observed raw wetland area from authoritative panel
coastal-wetland-evidence-contract,1.0.0,a4cf9efdecf6735f87d398acc56604e66df26e62f1a2f1e96fafd7791aa3bcc6,2012,Jieyang,HX,Tidal_Flat,0.336598801646752,spatial_unit,observed raw wetland area from authoritative panel
coastal-wetland-evidence-contract,1.0.0,a4cf9efdecf6735f87d398acc56604e66df26e62f1a2f1e96fafd7791aa3bcc6,2013,Jieyang,HX,Tidal_Flat,0.46042884497549,spatial_unit,observed raw wetland area from authoritative panel
coastal-wetland-evidence-contract,1.0.0,a4cf9efdecf6735f87d398acc56604e66df26e62f1a2f1e96fafd7791aa3bcc6,2014,Jieyang,HX,Tidal_Flat,0.552843194052543,spatial_unit,observed raw wetland area from authoritative panel
coastal-wetland-evidence-contract,1.0.0,a4cf9efdecf6735f87d398acc56604e66df26e62f1a2f1e96fafd7791aa3bcc6,2015,Jieyang,HX,Tidal_Flat,0.474185013978248,spatial_unit,observed raw wetland area from authoritative panel
coastal-wetland-evidence-contract,1.0.0,a4cf9efdecf6735f87d398acc56604e66df26e62f1a2f1e96fafd7791aa3bcc6,2016,Jieyang,HX,Tidal_Flat,0.504093152202053,spatial_unit,observed raw wetland area from authoritative panel
coastal-wetland-evidence-contract,1.0.0,a4cf9efdecf6735f87d398acc56604e66df26e62f1a2f1e96fafd7791aa3bcc6,2017,Jieyang,HX,Tidal_Flat,0.421710022621783,spatial_unit,observed raw wetland area from authoritative panel
coastal-wetland-evidence-contract,1.0.0,a4cf9efdecf6735f87d398acc56604e66df26e62f1a2f1e96fafd7791aa3bcc6,2018,Jieyang,HX,Tidal_Flat,0.392506765422028,spatial_unit,observed raw wetland area from authoritative panel
coastal-wetland-evidence-contract,1.0.0,a4cf9efdecf6735f87d398acc56604e66df26e62f1a2f1e96fafd7791aa3bcc6,2019,Jieyang,HX,Tidal_Flat,0.441707041164982,spatial_unit,observed raw wetland area from authoritative panel
coastal-wetland-evidence-contract,1.0.0,a4cf9efdecf6735f87d398acc56604e66df26e62f1a2f1e96fafd7791aa3bcc6,2020,Jieyang,HX,Tidal_Flat,0.49870081953125,spatial_unit,observed raw wetland area from authoritative panel
coastal-wetland-evidence-contract,1.0.0,a4cf9efdecf6735f87d398acc56604e66df26e62f1a2f1e96fafd7791aa3bcc6,2021,Jieyang,HX,Tidal_Flat,0.378247819745711,spatial_unit,observed raw wetland area from authoritative panel
coastal-wetland-evidence-contract,1.0.0,a4cf9efdecf6735f87d398acc56604e66df26e62f1a2f1e96fafd7791aa3bcc6,2022,Jieyang,HX,Tidal_Flat,0.465923605533854,spatial_unit,observed raw wetland area from authoritative panel
coastal-wetland-evidence-contract,1.0.0,a4cf9efdecf6735f87d398acc56604e66df26e62f1a2f1e96fafd7791aa3bcc6,2001,Ningde,HX,Tidal_Flat,53.325096135279,spatial_unit,observed raw wetland area from authoritative panel
coastal-wetland-evidence-contract,1.0.0,a4cf9efdecf6735f87d398acc56604e66df26e62f1a2f1e96fafd7791aa3bcc6,2002,Ningde,HX,Tidal_Flat,52.9859847435319,spatial_unit,observed raw wetland area from authoritative panel
coastal-wetland-evidence-contract,1.0.0,a4cf9efdecf6735f87d398acc56604e66df26e62f1a2f1e96fafd7791aa3bcc6,2003,Ningde,HX,Tidal_Flat,51.2003776151082,spatial_unit,observed raw wetland area from authoritative panel
coastal-wetland-evidence-contract,1.0.0,a4cf9efdecf6735f87d398acc56604e66df26e62f1a2f1e96fafd7791aa3bcc6,2004,Ningde,HX,Tidal_Flat,51.4533904108534,spatial_unit,observed raw wetland area from authoritative panel
coastal-wetland-evidence-contract,1.0.0,a4cf9efdecf6735f87d398acc56604e66df26e62f1a2f1e96fafd7791aa3bcc6,2005,Ningde,HX,Tidal_Flat,53.6206924057562,spatial_unit,observed raw wetland area from authoritative panel
coastal-wetland-evidence-contract,1.0.0,a4cf9efdecf6735f87d398acc56604e66df26e62f1a2f1e96fafd7791aa3bcc6,2006,Ningde,HX,Tidal_Flat,52.2357572662762,spatial_unit,observed raw wetland area from authoritative panel
coastal-wetland-evidence-contract,1.0.0,a4cf9efdecf6735f87d398acc56604e66df26e62f1a2f1e96fafd7791aa3bcc6,2007,Ningde,HX,Tidal_Flat,53.2427636473271,spatial_unit,observed raw wetland area from authoritative panel
coastal-wetland-evidence-contract,1.0.0,a4cf9efdecf6735f87d398acc56604e66df26e62f1a2f1e96fafd7791aa3bcc6,2008,Ningde,HX,Tidal_Flat,51.2747632584292,spatial_unit,observed raw wetland area from authoritative panel
coastal-wetland-evidence-contract,1.0.0,a4cf9efdecf6735f87d398acc56604e66df26e62f1a2f1e96fafd7791aa3bcc6,2009,Ningde,HX,Tidal_Flat,53.9523560675323,spatial_unit,observed raw wetland area from authoritative panel
coastal-wetland-evidence-contract,1.0.0,a4cf9efdecf6735f87d398acc56604e66df26e62f1a2f1e96fafd7791aa3bcc6,2010,Ningde,HX,Tidal_Flat,50.8102040430609,spatial_unit,observed raw wetland area from authoritative panel
coastal-wetland-evidence-contract,1.0.0,a4cf9efdecf6735f87d398acc56604e66df26e62f1a2f1e96fafd7791aa3bcc6,2011,Ningde,HX,Tidal_Flat,50.5525105010074,spatial_unit,observed raw wetland area from authoritative panel
coastal-wetland-evidence-contract,1.0.0,a4cf9efdecf6735f87d398acc56604e66df26e62f1a2f1e96fafd7791aa3bcc6,2012,Ningde,HX,Tidal_Flat,52.8259658054115,spatial_unit,observed raw wetland area from authoritative panel
coastal-wetland-evidence-contract,1.0.0,a4cf9efdecf6735f87d398acc56604e66df26e62f1a2f1e96fafd7791aa3bcc6,2013,Ningde,HX,Tidal_Flat,55.6024587078856,spatial_unit,observed raw wetland area from authoritative panel
coastal-wetland-evidence-contract,1.0.0,a4cf9efdecf6735f87d398acc56604e66df26e62f1a2f1e96fafd7791aa3bcc6,2014,Ningde,HX,Tidal_Flat,52.8026772168008,spatial_unit,observed raw wetland area from authoritative panel
coastal-wetland-evidence-contract,1.0.0,a4cf9efdecf6735f87d398acc56604e66df26e62f1a2f1e96fafd7791aa3bcc6,2015,Ningde,HX,Tidal_Flat,53.8435943900507,spatial_unit,observed raw wetland area from authoritative panel
coastal-wetland-evidence-contract,1.0.0,a4cf9efdecf6735f87d398acc56604e66df26e62f1a2f1e96fafd7791aa3bcc6,2016,Ningde,HX,Tidal_Flat,49.4414989136032,spatial_unit,observed raw wetland area from authoritative panel
coastal-wetland-evidence-contract,1.0.0,a4cf9efdecf6735f87d398acc56604e66df26e62f1a2f1e96fafd7791aa3bcc6,2017,Ningde,HX,Tidal_Flat,50.9158101903266,spatial_unit,observed raw wetland area from authoritative panel
coastal-wetland-evidence-contract,1.0.0,a4cf9efdecf6735f87d398acc56604e66df26e62f1a2f1e96fafd7791aa3bcc6,2018,Ningde,HX,Tidal_Flat,49.8111653272596,spatial_unit,observed raw wetland area from authoritative panel
coastal-wetland-evidence-contract,1.0.0,a4cf9efdecf6735f87d398acc56604e66df26e62f1a2f1e96fafd7791aa3bcc6,2019,Ningde,HX,Tidal_Flat,50.9168130318438,spatial_unit,observed raw wetland area from authoritative panel
coastal-wetland-evidence-contract,1.0.0,a4cf9efdecf6735f87d398acc56604e66df26e62f1a2f1e96fafd7791aa3bcc6,2020,Ningde,HX,Tidal_Flat,51.0694015050745,spatial_unit,observed raw wetland area from authoritative panel
coastal-wetland-evidence-contract,1.0.0,a4cf9efdecf6735f87d398acc56604e66df26e62f1a2f1e96fafd7791aa3bcc6,2021,Ningde,HX,Tidal_Flat,49.3723418794464,spatial_unit,observed raw wetland area from authoritative panel
coastal-wetland-evidence-contract,1.0.0,a4cf9efdecf6735f87d398acc56604e66df26e62f1a2f1e96fafd7791aa3bcc6,2022,Ningde,HX,Tidal_Flat,46.7159564792665,spatial_unit,observed raw wetland area from authoritative panel
coastal-wetland-evidence-contract,1.0.0,a4cf9efdecf6735f87d398acc56604e66df26e62f1a2f1e96fafd7791aa3bcc6,2001,Putian,HX,Tidal_Flat,17.5081806459636,spatial_unit,observed raw wetland area from authoritative panel
coastal-wetland-evidence-contract,1.0.0,a4cf9efdecf6735f87d398acc56604e66df26e62f1a2f1e96fafd7791aa3bcc6,2002,Putian,HX,Tidal_Flat,17.6978858186237,spatial_unit,observed raw wetland area from authoritative panel
coastal-wetland-evidence-contract,1.0.0,a4cf9efdecf6735f87d398acc56604e66df26e62f1a2f1e96fafd7791aa3bcc6,2003,Putian,HX,Tidal_Flat,17.2800875806603,spatial_unit,observed raw wetland area from authoritative panel
coastal-wetland-evidence-contract,1.0.0,a4cf9efdecf6735f87d398acc56604e66df26e62f1a2f1e96fafd7791aa3bcc6,2004,Putian,HX,Tidal_Flat,17.2837179286995,spatial_unit,observed raw wetland area from authoritative panel
coastal-wetland-evidence-contract,1.0.0,a4cf9efdecf6735f87d398acc56604e66df26e62f1a2f1e96fafd7791aa3bcc6,2005,Putian,HX,Tidal_Flat,17.0697802016238,spatial_unit,observed raw wetland area from authoritative panel
coastal-wetland-evidence-contract,1.0.0,a4cf9efdecf6735f87d398acc56604e66df26e62f1a2f1e96fafd7791aa3bcc6,2006,Putian,HX,Tidal_Flat,17.0210751721048,spatial_unit,observed raw wetland area from authoritative panel
coastal-wetland-evidence-contract,1.0.0,a4cf9efdecf6735f87d398acc56604e66df26e62f1a2f1e96fafd7791aa3bcc6,2007,Putian,HX,Tidal_Flat,15.7568522835784,spatial_unit,observed raw wetland area from authoritative panel
coastal-wetland-evidence-contract,1.0.0,a4cf9efdecf6735f87d398acc56604e66df26e62f1a2f1e96fafd7791aa3bcc6,2008,Putian,HX,Tidal_Flat,16.334878714951,spatial_unit,observed raw wetland area from authoritative panel
coastal-wetland-evidence-contract,1.0.0,a4cf9efdecf6735f87d398acc56604e66df26e62f1a2f1e96fafd7791aa3bcc6,2009,Putian,HX,Tidal_Flat,16.2112678112171,spatial_unit,observed raw wetland area from authoritative panel
coastal-wetland-evidence-contract,1.0.0,a4cf9efdecf6735f87d398acc56604e66df26e62f1a2f1e96fafd7791aa3bcc6,2010,Putian,HX,Tidal_Flat,15.6927195905101,spatial_unit,observed raw wetland area from authoritative panel
coastal-wetland-evidence-contract,1.0.0,a4cf9efdecf6735f87d398acc56604e66df26e62f1a2f1e96fafd7791aa3bcc6,2011,Putian,HX,Tidal_Flat,15.9999686587393,spatial_unit,observed raw wetland area from authoritative panel
coastal-wetland-evidence-contract,1.0.0,a4cf9efdecf6735f87d398acc56604e66df26e62f1a2f1e96fafd7791aa3bcc6,2012,Putian,HX,Tidal_Flat,15.9198011906365,spatial_unit,observed raw wetland area from authoritative panel
coastal-wetland-evidence-contract,1.0.0,a4cf9efdecf6735f87d398acc56604e66df26e62f1a2f1e96fafd7791aa3bcc6,2013,Putian,HX,Tidal_Flat,15.822907806633,spatial_unit,observed raw wetland area from authoritative panel
coastal-wetland-evidence-contract,1.0.0,a4cf9efdecf6735f87d398acc56604e66df26e62f1a2f1e96fafd7791aa3bcc6,2014,Putian,HX,Tidal_Flat,16.3500076066713,spatial_unit,observed raw wetland area from authoritative panel
coastal-wetland-evidence-contract,1.0.0,a4cf9efdecf6735f87d398acc56604e66df26e62f1a2f1e96fafd7791aa3bcc6,2015,Putian,HX,Tidal_Flat,16.2287940009191,spatial_unit,observed raw wetland area from authoritative panel
coastal-wetland-evidence-contract,1.0.0,a4cf9efdecf6735f87d398acc56604e66df26e62f1a2f1e96fafd7791aa3bcc6,2016,Putian,HX,Tidal_Flat,15.3747338377642,spatial_unit,observed raw wetland area from authoritative panel
coastal-wetland-evidence-contract,1.0.0,a4cf9efdecf6735f87d398acc56604e66df26e62f1a2f1e96fafd7791aa3bcc6,2017,Putian,HX,Tidal_Flat,14.8612532725911,spatial_unit,observed raw wetland area from authoritative panel
coastal-wetland-evidence-contract,1.0.0,a4cf9efdecf6735f87d398acc56604e66df26e62f1a2f1e96fafd7791aa3bcc6,2018,Putian,HX,Tidal_Flat,15.3102715674326,spatial_unit,observed raw wetland area from authoritative panel
coastal-wetland-evidence-contract,1.0.0,a4cf9efdecf6735f87d398acc56604e66df26e62f1a2f1e96fafd7791aa3bcc6,2019,Putian,HX,Tidal_Flat,15.6525099263365,spatial_unit,observed raw wetland area from authoritative panel
coastal-wetland-evidence-contract,1.0.0,a4cf9efdecf6735f87d398acc56604e66df26e62f1a2f1e96fafd7791aa3bcc6,2020,Putian,HX,Tidal_Flat,15.4991483253255,spatial_unit,observed raw wetland area from authoritative panel
coastal-wetland-evidence-contract,1.0.0,a4cf9efdecf6735f87d398acc56604e66df26e62f1a2f1e96fafd7791aa3bcc6,2021,Putian,HX,Tidal_Flat,15.476312260815,spatial_unit,observed raw wetland area from authoritative panel
coastal-wetland-evidence-contract,1.0.0,a4cf9efdecf6735f87d398acc56604e66df26e62f1a2f1e96fafd7791aa3bcc6,2022,Putian,HX,Tidal_Flat,14.8827214823146,spatial_unit,observed raw wetland area from authoritative panel
coastal-wetland-evidence-contract,1.0.0,a4cf9efdecf6735f87d398acc56604e66df26e62f1a2f1e96fafd7791aa3bcc6,2001,Quanzhou,HX,Tidal_Flat,34.8223129649472,spatial_unit,observed raw wetland area from authoritative panel
coastal-wetland-evidence-contract,1.0.0,a4cf9efdecf6735f87d398acc56604e66df26e62f1a2f1e96fafd7791aa3bcc6,2002,Quanzhou,HX,Tidal_Flat,36.292132317716,spatial_unit,observed raw wetland area from authoritative panel
coastal-wetland-evidence-contract,1.0.0,a4cf9efdecf6735f87d398acc56604e66df26e62f1a2f1e96fafd7791aa3bcc6,2003,Quanzhou,HX,Tidal_Flat,35.1082003670879,spatial_unit,observed raw wetland area from authoritative panel
coastal-wetland-evidence-contract,1.0.0,a4cf9efdecf6735f87d398acc56604e66df26e62f1a2f1e96fafd7791aa3bcc6,2004,Quanzhou,HX,Tidal_Flat,34.9089254149548,spatial_unit,observed raw wetland area from authoritative panel
coastal-wetland-evidence-contract,1.0.0,a4cf9efdecf6735f87d398acc56604e66df26e62f1a2f1e96fafd7791aa3bcc6,2005,Quanzhou,HX,Tidal_Flat,33.0946207237669,spatial_unit,observed raw wetland area from authoritative panel
coastal-wetland-evidence-contract,1.0.0,a4cf9efdecf6735f87d398acc56604e66df26e62f1a2f1e96fafd7791aa3bcc6,2006,Quanzhou,HX,Tidal_Flat,33.275960755576,spatial_unit,observed raw wetland area from authoritative panel
coastal-wetland-evidence-contract,1.0.0,a4cf9efdecf6735f87d398acc56604e66df26e62f1a2f1e96fafd7791aa3bcc6,2007,Quanzhou,HX,Tidal_Flat,32.329979691839,spatial_unit,observed raw wetland area from authoritative panel
coastal-wetland-evidence-contract,1.0.0,a4cf9efdecf6735f87d398acc56604e66df26e62f1a2f1e96fafd7791aa3bcc6,2008,Quanzhou,HX,Tidal_Flat,31.1451577005936,spatial_unit,observed raw wetland area from authoritative panel
coastal-wetland-evidence-contract,1.0.0,a4cf9efdecf6735f87d398acc56604e66df26e62f1a2f1e96fafd7791aa3bcc6,2009,Quanzhou,HX,Tidal_Flat,32.9392978514515,spatial_unit,observed raw wetland area from authoritative panel
coastal-wetland-evidence-contract,1.0.0,a4cf9efdecf6735f87d398acc56604e66df26e62f1a2f1e96fafd7791aa3bcc6,2010,Quanzhou,HX,Tidal_Flat,32.7152281755898,spatial_unit,observed raw wetland area from authoritative panel
coastal-wetland-evidence-contract,1.0.0,a4cf9efdecf6735f87d398acc56604e66df26e62f1a2f1e96fafd7791aa3bcc6,2011,Quanzhou,HX,Tidal_Flat,31.3075602771561,spatial_unit,observed raw wetland area from authoritative panel
coastal-wetland-evidence-contract,1.0.0,a4cf9efdecf6735f87d398acc56604e66df26e62f1a2f1e96fafd7791aa3bcc6,2012,Quanzhou,HX,Tidal_Flat,30.446212262075,spatial_unit,observed raw wetland area from authoritative panel
coastal-wetland-evidence-contract,1.0.0,a4cf9efdecf6735f87d398acc56604e66df26e62f1a2f1e96fafd7791aa3bcc6,2013,Quanzhou,HX,Tidal_Flat,30.1468027031097,spatial_unit,observed raw wetland area from authoritative panel
coastal-wetland-evidence-contract,1.0.0,a4cf9efdecf6735f87d398acc56604e66df26e62f1a2f1e96fafd7791aa3bcc6,2014,Quanzhou,HX,Tidal_Flat,29.4738233608916,spatial_unit,observed raw wetland area from authoritative panel
coastal-wetland-evidence-contract,1.0.0,a4cf9efdecf6735f87d398acc56604e66df26e62f1a2f1e96fafd7791aa3bcc6,2015,Quanzhou,HX,Tidal_Flat,30.1575958900736,spatial_unit,observed raw wetland area from authoritative panel
coastal-wetland-evidence-contract,1.0.0,a4cf9efdecf6735f87d398acc56604e66df26e62f1a2f1e96fafd7791aa3bcc6,2016,Quanzhou,HX,Tidal_Flat,29.8667035378868,spatial_unit,observed raw wetland area from authoritative panel
coastal-wetland-evidence-contract,1.0.0,a4cf9efdecf6735f87d398acc56604e66df26e62f1a2f1e96fafd7791aa3bcc6,2017,Quanzhou,HX,Tidal_Flat,28.5539346130515,spatial_unit,observed raw wetland area from authoritative panel
coastal-wetland-evidence-contract,1.0.0,a4cf9efdecf6735f87d398acc56604e66df26e62f1a2f1e96fafd7791aa3bcc6,2018,Quanzhou,HX,Tidal_Flat,29.9133502893651,spatial_unit,observed raw wetland area from authoritative panel
coastal-wetland-evidence-contract,1.0.0,a4cf9efdecf6735f87d398acc56604e66df26e62f1a2f1e96fafd7791aa3bcc6,2019,Quanzhou,HX,Tidal_Flat,29.4726921355967,spatial_unit,observed raw wetland area from authoritative panel
coastal-wetland-evidence-contract,1.0.0,a4cf9efdecf6735f87d398acc56604e66df26e62f1a2f1e96fafd7791aa3bcc6,2020,Quanzhou,HX,Tidal_Flat,28.830392818593,spatial_unit,observed raw wetland area from authoritative panel
coastal-wetland-evidence-contract,1.0.0,a4cf9efdecf6735f87d398acc56604e66df26e62f1a2f1e96fafd7791aa3bcc6,2021,Quanzhou,HX,Tidal_Flat,28.3630455332951,spatial_unit,observed raw wetland area from authoritative panel
coastal-wetland-evidence-contract,1.0.0,a4cf9efdecf6735f87d398acc56604e66df26e62f1a2f1e96fafd7791aa3bcc6,2022,Quanzhou,HX,Tidal_Flat,27.9112689739316,spatial_unit,observed raw wetland area from authoritative panel
coastal-wetland-evidence-contract,1.0.0,a4cf9efdecf6735f87d398acc56604e66df26e62f1a2f1e96fafd7791aa3bcc6,2001,Shantou,HX,Tidal_Flat,5.24921224706648,spatial_unit,observed raw wetland area from authoritative panel
coastal-wetland-evidence-contract,1.0.0,a4cf9efdecf6735f87d398acc56604e66df26e62f1a2f1e96fafd7791aa3bcc6,2002,Shantou,HX,Tidal_Flat,5.55838797532552,spatial_unit,observed raw wetland area from authoritative panel
coastal-wetland-evidence-contract,1.0.0,a4cf9efdecf6735f87d398acc56604e66df26e62f1a2f1e96fafd7791aa3bcc6,2003,Shantou,HX,Tidal_Flat,6.5417162143612,spatial_unit,observed raw wetland area from authoritative panel
coastal-wetland-evidence-contract,1.0.0,a4cf9efdecf6735f87d398acc56604e66df26e62f1a2f1e96fafd7791aa3bcc6,2004,Shantou,HX,Tidal_Flat,6.79964153608302,spatial_unit,observed raw wetland area from authoritative panel
coastal-wetland-evidence-contract,1.0.0,a4cf9efdecf6735f87d398acc56604e66df26e62f1a2f1e96fafd7791aa3bcc6,2005,Shantou,HX,Tidal_Flat,8.30472372091757,spatial_unit,observed raw wetland area from authoritative panel
coastal-wetland-evidence-contract,1.0.0,a4cf9efdecf6735f87d398acc56604e66df26e62f1a2f1e96fafd7791aa3bcc6,2006,Shantou,HX,Tidal_Flat,7.18682179363893,spatial_unit,observed raw wetland area from authoritative panel
coastal-wetland-evidence-contract,1.0.0,a4cf9efdecf6735f87d398acc56604e66df26e62f1a2f1e96fafd7791aa3bcc6,2007,Shantou,HX,Tidal_Flat,5.80255674752603,spatial_unit,observed raw wetland area from authoritative panel
coastal-wetland-evidence-contract,1.0.0,a4cf9efdecf6735f87d398acc56604e66df26e62f1a2f1e96fafd7791aa3bcc6,2008,Shantou,HX,Tidal_Flat,5.35323828811657,spatial_unit,observed raw wetland area from authoritative panel
coastal-wetland-evidence-contract,1.0.0,a4cf9efdecf6735f87d398acc56604e66df26e62f1a2f1e96fafd7791aa3bcc6,2009,Shantou,HX,Tidal_Flat,6.08429730076209,spatial_unit,observed raw wetland area from authoritative panel
coastal-wetland-evidence-contract,1.0.0,a4cf9efdecf6735f87d398acc56604e66df26e62f1a2f1e96fafd7791aa3bcc6,2010,Shantou,HX,Tidal_Flat,5.70623549864812,spatial_unit,observed raw wetland area from authoritative panel
coastal-wetland-evidence-contract,1.0.0,a4cf9efdecf6735f87d398acc56604e66df26e62f1a2f1e96fafd7791aa3bcc6,2011,Shantou,HX,Tidal_Flat,6.41767360132887,spatial_unit,observed raw wetland area from authoritative panel
coastal-wetland-evidence-contract,1.0.0,a4cf9efdecf6735f87d398acc56604e66df26e62f1a2f1e96fafd7791aa3bcc6,2012,Shantou,HX,Tidal_Flat,4.91426437393919,spatial_unit,observed raw wetland area from authoritative panel
coastal-wetland-evidence-contract,1.0.0,a4cf9efdecf6735f87d398acc56604e66df26e62f1a2f1e96fafd7791aa3bcc6,2013,Shantou,HX,Tidal_Flat,5.1059964077474,spatial_unit,observed raw wetland area from authoritative panel
coastal-wetland-evidence-contract,1.0.0,a4cf9efdecf6735f87d398acc56604e66df26e62f1a2f1e96fafd7791aa3bcc6,2014,Shantou,HX,Tidal_Flat,5.65682945777803,spatial_unit,observed raw wetland area from authoritative panel
coastal-wetland-evidence-contract,1.0.0,a4cf9efdecf6735f87d398acc56604e66df26e62f1a2f1e96fafd7791aa3bcc6,2015,Shantou,HX,Tidal_Flat,5.06970694153263,spatial_unit,observed raw wetland area from authoritative panel
coastal-wetland-evidence-contract,1.0.0,a4cf9efdecf6735f87d398acc56604e66df26e62f1a2f1e96fafd7791aa3bcc6,2016,Shantou,HX,Tidal_Flat,6.09439064762178,spatial_unit,observed raw wetland area from authoritative panel
coastal-wetland-evidence-contract,1.0.0,a4cf9efdecf6735f87d398acc56604e66df26e62f1a2f1e96fafd7791aa3bcc6,2017,Shantou,HX,Tidal_Flat,5.42833694412148,spatial_unit,observed raw wetland area from authoritative panel
coastal-wetland-evidence-contract,1.0.0,a4cf9efdecf6735f87d398acc56604e66df26e62f1a2f1e96fafd7791aa3bcc6,2018,Shantou,HX,Tidal_Flat,5.99344228223038,spatial_unit,observed raw wetland area from authoritative panel
coastal-wetland-evidence-contract,1.0.0,a4cf9efdecf6735f87d398acc56604e66df26e62f1a2f1e96fafd7791aa3bcc6,2019,Shantou,HX,Tidal_Flat,5.9424505944355,spatial_unit,observed raw wetland area from authoritative panel
coastal-wetland-evidence-contract,1.0.0,a4cf9efdecf6735f87d398acc56604e66df26e62f1a2f1e96fafd7791aa3bcc6,2020,Shantou,HX,Tidal_Flat,6.45233313856847,spatial_unit,observed raw wetland area from authoritative panel
coastal-wetland-evidence-contract,1.0.0,a4cf9efdecf6735f87d398acc56604e66df26e62f1a2f1e96fafd7791aa3bcc6,2021,Shantou,HX,Tidal_Flat,5.84762285143229,spatial_unit,observed raw wetland area from authoritative panel
coastal-wetland-evidence-contract,1.0.0,a4cf9efdecf6735f87d398acc56604e66df26e62f1a2f1e96fafd7791aa3bcc6,2022,Shantou,HX,Tidal_Flat,6.10439780122548,spatial_unit,observed raw wetland area from authoritative panel
coastal-wetland-evidence-contract,1.0.0,a4cf9efdecf6735f87d398acc56604e66df26e62f1a2f1e96fafd7791aa3bcc6,2001,Xiamen,HX,Tidal_Flat,10.7992673245634,spatial_unit,observed raw wetland area from authoritative panel
coastal-wetland-evidence-contract,1.0.0,a4cf9efdecf6735f87d398acc56604e66df26e62f1a2f1e96fafd7791aa3bcc6,2002,Xiamen,HX,Tidal_Flat,11.9345174531671,spatial_unit,observed raw wetland area from authoritative panel
coastal-wetland-evidence-contract,1.0.0,a4cf9efdecf6735f87d398acc56604e66df26e62f1a2f1e96fafd7791aa3bcc6,2003,Xiamen,HX,Tidal_Flat,12.2522532587163,spatial_unit,observed raw wetland area from authoritative panel
coastal-wetland-evidence-contract,1.0.0,a4cf9efdecf6735f87d398acc56604e66df26e62f1a2f1e96fafd7791aa3bcc6,2004,Xiamen,HX,Tidal_Flat,11.64589687338,spatial_unit,observed raw wetland area from authoritative panel
coastal-wetland-evidence-contract,1.0.0,a4cf9efdecf6735f87d398acc56604e66df26e62f1a2f1e96fafd7791aa3bcc6,2005,Xiamen,HX,Tidal_Flat,12.0050664961588,spatial_unit,observed raw wetland area from authoritative panel
coastal-wetland-evidence-contract,1.0.0,a4cf9efdecf6735f87d398acc56604e66df26e62f1a2f1e96fafd7791aa3bcc6,2006,Xiamen,HX,Tidal_Flat,10.1739595714882,spatial_unit,observed raw wetland area from authoritative panel
coastal-wetland-evidence-contract,1.0.0,a4cf9efdecf6735f87d398acc56604e66df26e62f1a2f1e96fafd7791aa3bcc6,2007,Xiamen,HX,Tidal_Flat,9.53411119632352,spatial_unit,observed raw wetland area from authoritative panel
coastal-wetland-evidence-contract,1.0.0,a4cf9efdecf6735f87d398acc56604e66df26e62f1a2f1e96fafd7791aa3bcc6,2008,Xiamen,HX,Tidal_Flat,9.58191813542813,spatial_unit,observed raw wetland area from authoritative panel
coastal-wetland-evidence-contract,1.0.0,a4cf9efdecf6735f87d398acc56604e66df26e62f1a2f1e96fafd7791aa3bcc6,2009,Xiamen,HX,Tidal_Flat,9.74120307949983,spatial_unit,observed raw wetland area from authoritative panel
coastal-wetland-evidence-contract,1.0.0,a4cf9efdecf6735f87d398acc56604e66df26e62f1a2f1e96fafd7791aa3bcc6,2010,Xiamen,HX,Tidal_Flat,10.4782763029412,spatial_unit,observed raw wetland area from authoritative panel
coastal-wetland-evidence-contract,1.0.0,a4cf9efdecf6735f87d398acc56604e66df26e62f1a2f1e96fafd7791aa3bcc6,2011,Xiamen,HX,Tidal_Flat,10.0831710108111,spatial_unit,observed raw wetland area from authoritative panel
coastal-wetland-evidence-contract,1.0.0,a4cf9efdecf6735f87d398acc56604e66df26e62f1a2f1e96fafd7791aa3bcc6,2012,Xiamen,HX,Tidal_Flat,9.39416654165135,spatial_unit,observed raw wetland area from authoritative panel
coastal-wetland-evidence-contract,1.0.0,a4cf9efdecf6735f87d398acc56604e66df26e62f1a2f1e96fafd7791aa3bcc6,2013,Xiamen,HX,Tidal_Flat,8.55350560656788,spatial_unit,observed raw wetland area from authoritative panel
coastal-wetland-evidence-contract,1.0.0,a4cf9efdecf6735f87d398acc56604e66df26e62f1a2f1e96fafd7791aa3bcc6,2014,Xiamen,HX,Tidal_Flat,8.84889444847581,spatial_unit,observed raw wetland area from authoritative panel
coastal-wetland-evidence-contract,1.0.0,a4cf9efdecf6735f87d398acc56604e66df26e62f1a2f1e96fafd7791aa3bcc6,2015,Xiamen,HX,Tidal_Flat,7.86020529910004,spatial_unit,observed raw wetland area from authoritative panel
coastal-wetland-evidence-contract,1.0.0,a4cf9efdecf6735f87d398acc56604e66df26e62f1a2f1e96fafd7791aa3bcc6,2016,Xiamen,HX,Tidal_Flat,7.39165869495635,spatial_unit,observed raw wetland area from authoritative panel
coastal-wetland-evidence-contract,1.0.0,a4cf9efdecf6735f87d398acc56604e66df26e62f1a2f1e96fafd7791aa3bcc6,2017,Xiamen,HX,Tidal_Flat,7.47461282713313,spatial_unit,observed raw wetland area from authoritative panel
coastal-wetland-evidence-contract,1.0.0,a4cf9efdecf6735f87d398acc56604e66df26e62f1a2f1e96fafd7791aa3bcc6,2018,Xiamen,HX,Tidal_Flat,7.49415438653111,spatial_unit,observed raw wetland area from authoritative panel
coastal-wetland-evidence-contract,1.0.0,a4cf9efdecf6735f87d398acc56604e66df26e62f1a2f1e96fafd7791aa3bcc6,2019,Xiamen,HX,Tidal_Flat,7.57740897769992,spatial_unit,observed raw wetland area from authoritative panel
coastal-wetland-evidence-contract,1.0.0,a4cf9efdecf6735f87d398acc56604e66df26e62f1a2f1e96fafd7791aa3bcc6,2020,Xiamen,HX,Tidal_Flat,6.93033564259729,spatial_unit,observed raw wetland area from authoritative panel
coastal-wetland-evidence-contract,1.0.0,a4cf9efdecf6735f87d398acc56604e66df26e62f1a2f1e96fafd7791aa3bcc6,2021,Xiamen,HX,Tidal_Flat,6.47944786663603,spatial_unit,observed raw wetland area from authoritative panel
coastal-wetland-evidence-contract,1.0.0,a4cf9efdecf6735f87d398acc56604e66df26e62f1a2f1e96fafd7791aa3bcc6,2022,Xiamen,HX,Tidal_Flat,5.87954799807752,spatial_unit,observed raw wetland area from authoritative panel
coastal-wetland-evidence-contract,1.0.0,a4cf9efdecf6735f87d398acc56604e66df26e62f1a2f1e96fafd7791aa3bcc6,2001,Zhangzhou,HX,Tidal_Flat,62.8718790627066,spatial_unit,observed raw wetland area from authoritative panel
coastal-wetland-evidence-contract,1.0.0,a4cf9efdecf6735f87d398acc56604e66df26e62f1a2f1e96fafd7791aa3bcc6,2002,Zhangzhou,HX,Tidal_Flat,66.8365292927886,spatial_unit,observed raw wetland area from authoritative panel
coastal-wetland-evidence-contract,1.0.0,a4cf9efdecf6735f87d398acc56604e66df26e62f1a2f1e96fafd7791aa3bcc6,2003,Zhangzhou,HX,Tidal_Flat,70.3231037709865,spatial_unit,observed raw wetland area from authoritative panel
coastal-wetland-evidence-contract,1.0.0,a4cf9efdecf6735f87d398acc56604e66df26e62f1a2f1e96fafd7791aa3bcc6,2004,Zhangzhou,HX,Tidal_Flat,70.4316273860026,spatial_unit,observed raw wetland area from authoritative panel
coastal-wetland-evidence-contract,1.0.0,a4cf9efdecf6735f87d398acc56604e66df26e62f1a2f1e96fafd7791aa3bcc6,2005,Zhangzhou,HX,Tidal_Flat,75.3105522360186,spatial_unit,observed raw wetland area from authoritative panel
coastal-wetland-evidence-contract,1.0.0,a4cf9efdecf6735f87d398acc56604e66df26e62f1a2f1e96fafd7791aa3bcc6,2006,Zhangzhou,HX,Tidal_Flat,67.5675948653799,spatial_unit,observed raw wetland area from authoritative panel
coastal-wetland-evidence-contract,1.0.0,a4cf9efdecf6735f87d398acc56604e66df26e62f1a2f1e96fafd7791aa3bcc6,2007,Zhangzhou,HX,Tidal_Flat,61.9452041982763,spatial_unit,observed raw wetland area from authoritative panel
coastal-wetland-evidence-contract,1.0.0,a4cf9efdecf6735f87d398acc56604e66df26e62f1a2f1e96fafd7791aa3bcc6,2008,Zhangzhou,HX,Tidal_Flat,60.3620616900347,spatial_unit,observed raw wetland area from authoritative panel
coastal-wetland-evidence-contract,1.0.0,a4cf9efdecf6735f87d398acc56604e66df26e62f1a2f1e96fafd7791aa3bcc6,2009,Zhangzhou,HX,Tidal_Flat,65.8072731121858,spatial_unit,observed raw wetland area from authoritative panel
coastal-wetland-evidence-contract,1.0.0,a4cf9efdecf6735f87d398acc56604e66df26e62f1a2f1e96fafd7791aa3bcc6,2010,Zhangzhou,HX,Tidal_Flat,68.983322575739,spatial_unit,observed raw wetland area from authoritative panel
coastal-wetland-evidence-contract,1.0.0,a4cf9efdecf6735f87d398acc56604e66df26e62f1a2f1e96fafd7791aa3bcc6,2011,Zhangzhou,HX,Tidal_Flat,72.5327766842905,spatial_unit,observed raw wetland area from authoritative panel
coastal-wetland-evidence-contract,1.0.0,a4cf9efdecf6735f87d398acc56604e66df26e62f1a2f1e96fafd7791aa3bcc6,2012,Zhangzhou,HX,Tidal_Flat,61.2030294646673,spatial_unit,observed raw wetland area from authoritative panel
coastal-wetland-evidence-contract,1.0.0,a4cf9efdecf6735f87d398acc56604e66df26e62f1a2f1e96fafd7791aa3bcc6,2013,Zhangzhou,HX,Tidal_Flat,61.2564323125919,spatial_unit,observed raw wetland area from authoritative panel
coastal-wetland-evidence-contract,1.0.0,a4cf9efdecf6735f87d398acc56604e66df26e62f1a2f1e96fafd7791aa3bcc6,2014,Zhangzhou,HX,Tidal_Flat,62.2508547078124,spatial_unit,observed raw wetland area from authoritative panel
coastal-wetland-evidence-contract,1.0.0,a4cf9efdecf6735f87d398acc56604e66df26e62f1a2f1e96fafd7791aa3bcc6,2015,Zhangzhou,HX,Tidal_Flat,57.3730826482844,spatial_unit,observed raw wetland area from authoritative panel
coastal-wetland-evidence-contract,1.0.0,a4cf9efdecf6735f87d398acc56604e66df26e62f1a2f1e96fafd7791aa3bcc6,2016,Zhangzhou,HX,Tidal_Flat,56.0859829425514,spatial_unit,observed raw wetland area from authoritative panel
coastal-wetland-evidence-contract,1.0.0,a4cf9efdecf6735f87d398acc56604e66df26e62f1a2f1e96fafd7791aa3bcc6,2017,Zhangzhou,HX,Tidal_Flat,54.1645018196998,spatial_unit,observed raw wetland area from authoritative panel
coastal-wetland-evidence-contract,1.0.0,a4cf9efdecf6735f87d398acc56604e66df26e62f1a2f1e96fafd7791aa3bcc6,2018,Zhangzhou,HX,Tidal_Flat,53.5241360223001,spatial_unit,observed raw wetland area from authoritative panel
coastal-wetland-evidence-contract,1.0.0,a4cf9efdecf6735f87d398acc56604e66df26e62f1a2f1e96fafd7791aa3bcc6,2019,Zhangzhou,HX,Tidal_Flat,56.095665067023,spatial_unit,observed raw wetland area from authoritative panel
coastal-wetland-evidence-contract,1.0.0,a4cf9efdecf6735f87d398acc56604e66df26e62f1a2f1e96fafd7791aa3bcc6,2020,Zhangzhou,HX,Tidal_Flat,61.0953484124617,spatial_unit,observed raw wetland area from authoritative panel
coastal-wetland-evidence-contract,1.0.0,a4cf9efdecf6735f87d398acc56604e66df26e62f1a2f1e96fafd7791aa3bcc6,2021,Zhangzhou,HX,Tidal_Flat,54.3965139878753,spatial_unit,observed raw wetland area from authoritative panel
coastal-wetland-evidence-contract,1.0.0,a4cf9efdecf6735f87d398acc56604e66df26e62f1a2f1e96fafd7791aa3bcc6,2022,Zhangzhou,HX,Tidal_Flat,57.8041495535577,spatial_unit,observed raw wetland area from authoritative panel
coastal-wetland-evidence-contract,1.0.0,a4cf9efdecf6735f87d398acc56604e66df26e62f1a2f1e96fafd7791aa3bcc6,2001,Dongguan,PRD,Tidal_Flat,2.17878535261183,spatial_unit,observed raw wetland area from authoritative panel
coastal-wetland-evidence-contract,1.0.0,a4cf9efdecf6735f87d398acc56604e66df26e62f1a2f1e96fafd7791aa3bcc6,2002,Dongguan,PRD,Tidal_Flat,2.8338107179879,spatial_unit,observed raw wetland area from authoritative panel
coastal-wetland-evidence-contract,1.0.0,a4cf9efdecf6735f87d398acc56604e66df26e62f1a2f1e96fafd7791aa3bcc6,2003,Dongguan,PRD,Tidal_Flat,2.33322099841069,spatial_unit,observed raw wetland area from authoritative panel
coastal-wetland-evidence-contract,1.0.0,a4cf9efdecf6735f87d398acc56604e66df26e62f1a2f1e96fafd7791aa3bcc6,2004,Dongguan,PRD,Tidal_Flat,2.99076188920803,spatial_unit,observed raw wetland area from authoritative panel
coastal-wetland-evidence-contract,1.0.0,a4cf9efdecf6735f87d398acc56604e66df26e62f1a2f1e96fafd7791aa3bcc6,2005,Dongguan,PRD,Tidal_Flat,2.52230977303539,spatial_unit,observed raw wetland area from authoritative panel
coastal-wetland-evidence-contract,1.0.0,a4cf9efdecf6735f87d398acc56604e66df26e62f1a2f1e96fafd7791aa3bcc6,2006,Dongguan,PRD,Tidal_Flat,3.54033696557521,spatial_unit,observed raw wetland area from authoritative panel
coastal-wetland-evidence-contract,1.0.0,a4cf9efdecf6735f87d398acc56604e66df26e62f1a2f1e96fafd7791aa3bcc6,2007,Dongguan,PRD,Tidal_Flat,3.90001005815334,spatial_unit,observed raw wetland area from authoritative panel
coastal-wetland-evidence-contract,1.0.0,a4cf9efdecf6735f87d398acc56604e66df26e62f1a2f1e96fafd7791aa3bcc6,2008,Dongguan,PRD,Tidal_Flat,4.5452457079542,spatial_unit,observed raw wetland area from authoritative panel
coastal-wetland-evidence-contract,1.0.0,a4cf9efdecf6735f87d398acc56604e66df26e62f1a2f1e96fafd7791aa3bcc6,2009,Dongguan,PRD,Tidal_Flat,5.33024159872472,spatial_unit,observed raw wetland area from authoritative panel
coastal-wetland-evidence-contract,1.0.0,a4cf9efdecf6735f87d398acc56604e66df26e62f1a2f1e96fafd7791aa3bcc6,2010,Dongguan,PRD,Tidal_Flat,4.67662988131127,spatial_unit,observed raw wetland area from authoritative panel
coastal-wetland-evidence-contract,1.0.0,a4cf9efdecf6735f87d398acc56604e66df26e62f1a2f1e96fafd7791aa3bcc6,2011,Dongguan,PRD,Tidal_Flat,3.31477172336474,spatial_unit,observed raw wetland area from authoritative panel
coastal-wetland-evidence-contract,1.0.0,a4cf9efdecf6735f87d398acc56604e66df26e62f1a2f1e96fafd7791aa3bcc6,2012,Dongguan,PRD,Tidal_Flat,3.75979457295879,spatial_unit,observed raw wetland area from authoritative panel
coastal-wetland-evidence-contract,1.0.0,a4cf9efdecf6735f87d398acc56604e66df26e62f1a2f1e96fafd7791aa3bcc6,2013,Dongguan,PRD,Tidal_Flat,3.66680165131357,spatial_unit,observed raw wetland area from authoritative panel
coastal-wetland-evidence-contract,1.0.0,a4cf9efdecf6735f87d398acc56604e66df26e62f1a2f1e96fafd7791aa3bcc6,2014,Dongguan,PRD,Tidal_Flat,3.07263454865579,spatial_unit,observed raw wetland area from authoritative panel
coastal-wetland-evidence-contract,1.0.0,a4cf9efdecf6735f87d398acc56604e66df26e62f1a2f1e96fafd7791aa3bcc6,2015,Dongguan,PRD,Tidal_Flat,3.77327732200521,spatial_unit,observed raw wetland area from authoritative panel
coastal-wetland-evidence-contract,1.0.0,a4cf9efdecf6735f87d398acc56604e66df26e62f1a2f1e96fafd7791aa3bcc6,2016,Dongguan,PRD,Tidal_Flat,2.50021863473116,spatial_unit,observed raw wetland area from authoritative panel
coastal-wetland-evidence-contract,1.0.0,a4cf9efdecf6735f87d398acc56604e66df26e62f1a2f1e96fafd7791aa3bcc6,2017,Dongguan,PRD,Tidal_Flat,2.79728372749694,spatial_unit,observed raw wetland area from authoritative panel
coastal-wetland-evidence-contract,1.0.0,a4cf9efdecf6735f87d398acc56604e66df26e62f1a2f1e96fafd7791aa3bcc6,2018,Dongguan,PRD,Tidal_Flat,3.81750995223652,spatial_unit,observed raw wetland area from authoritative panel
coastal-wetland-evidence-contract,1.0.0,a4cf9efdecf6735f87d398acc56604e66df26e62f1a2f1e96fafd7791aa3bcc6,2019,Dongguan,PRD,Tidal_Flat,4.49301262424938,spatial_unit,observed raw wetland area from authoritative panel
coastal-wetland-evidence-contract,1.0.0,a4cf9efdecf6735f87d398acc56604e66df26e62f1a2f1e96fafd7791aa3bcc6,2020,Dongguan,PRD,Tidal_Flat,2.82309726441483,spatial_unit,observed raw wetland area from authoritative panel
coastal-wetland-evidence-contract,1.0.0,a4cf9efdecf6735f87d398acc56604e66df26e62f1a2f1e96fafd7791aa3bcc6,2021,Dongguan,PRD,Tidal_Flat,2.52732937605316,spatial_unit,observed raw wetland area from authoritative panel
coastal-wetland-evidence-contract,1.0.0,a4cf9efdecf6735f87d398acc56604e66df26e62f1a2f1e96fafd7791aa3bcc6,2022,Dongguan,PRD,Tidal_Flat,2.35417374505591,spatial_unit,observed raw wetland area from authoritative panel
coastal-wetland-evidence-contract,1.0.0,a4cf9efdecf6735f87d398acc56604e66df26e62f1a2f1e96fafd7791aa3bcc6,2001,Guangzhou,PRD,Tidal_Flat,3.5946913139208,spatial_unit,observed raw wetland area from authoritative panel
coastal-wetland-evidence-contract,1.0.0,a4cf9efdecf6735f87d398acc56604e66df26e62f1a2f1e96fafd7791aa3bcc6,2002,Guangzhou,PRD,Tidal_Flat,3.98789590019148,spatial_unit,observed raw wetland area from authoritative panel
coastal-wetland-evidence-contract,1.0.0,a4cf9efdecf6735f87d398acc56604e66df26e62f1a2f1e96fafd7791aa3bcc6,2003,Guangzhou,PRD,Tidal_Flat,3.13163387424173,spatial_unit,observed raw wetland area from authoritative panel
coastal-wetland-evidence-contract,1.0.0,a4cf9efdecf6735f87d398acc56604e66df26e62f1a2f1e96fafd7791aa3bcc6,2004,Guangzhou,PRD,Tidal_Flat,4.25837129188496,spatial_unit,observed raw wetland area from authoritative panel
coastal-wetland-evidence-contract,1.0.0,a4cf9efdecf6735f87d398acc56604e66df26e62f1a2f1e96fafd7791aa3bcc6,2005,Guangzhou,PRD,Tidal_Flat,4.16389817903646,spatial_unit,observed raw wetland area from authoritative panel
coastal-wetland-evidence-contract,1.0.0,a4cf9efdecf6735f87d398acc56604e66df26e62f1a2f1e96fafd7791aa3bcc6,2006,Guangzhou,PRD,Tidal_Flat,5.38255073963312,spatial_unit,observed raw wetland area from authoritative panel
coastal-wetland-evidence-contract,1.0.0,a4cf9efdecf6735f87d398acc56604e66df26e62f1a2f1e96fafd7791aa3bcc6,2007,Guangzhou,PRD,Tidal_Flat,5.22993283249847,spatial_unit,observed raw wetland area from authoritative panel
coastal-wetland-evidence-contract,1.0.0,a4cf9efdecf6735f87d398acc56604e66df26e62f1a2f1e96fafd7791aa3bcc6,2008,Guangzhou,PRD,Tidal_Flat,5.64956642765395,spatial_unit,observed raw wetland area from authoritative panel
coastal-wetland-evidence-contract,1.0.0,a4cf9efdecf6735f87d398acc56604e66df26e62f1a2f1e96fafd7791aa3bcc6,2009,Guangzhou,PRD,Tidal_Flat,6.26899611008349,spatial_unit,observed raw wetland area from authoritative panel
coastal-wetland-evidence-contract,1.0.0,a4cf9efdecf6735f87d398acc56604e66df26e62f1a2f1e96fafd7791aa3bcc6,2010,Guangzhou,PRD,Tidal_Flat,5.91933803255974,spatial_unit,observed raw wetland area from authoritative panel
coastal-wetland-evidence-contract,1.0.0,a4cf9efdecf6735f87d398acc56604e66df26e62f1a2f1e96fafd7791aa3bcc6,2011,Guangzhou,PRD,Tidal_Flat,4.42136561212469,spatial_unit,observed raw wetland area from authoritative panel
coastal-wetland-evidence-contract,1.0.0,a4cf9efdecf6735f87d398acc56604e66df26e62f1a2f1e96fafd7791aa3bcc6,2012,Guangzhou,PRD,Tidal_Flat,4.51718039469976,spatial_unit,observed raw wetland area from authoritative panel
coastal-wetland-evidence-contract,1.0.0,a4cf9efdecf6735f87d398acc56604e66df26e62f1a2f1e96fafd7791aa3bcc6,2013,Guangzhou,PRD,Tidal_Flat,4.60354756761642,spatial_unit,observed raw wetland area from authoritative panel
coastal-wetland-evidence-contract,1.0.0,a4cf9efdecf6735f87d398acc56604e66df26e62f1a2f1e96fafd7791aa3bcc6,2014,Guangzhou,PRD,Tidal_Flat,3.43293227405025,spatial_unit,observed raw wetland area from authoritative panel
coastal-wetland-evidence-contract,1.0.0,a4cf9efdecf6735f87d398acc56604e66df26e62f1a2f1e96fafd7791aa3bcc6,2015,Guangzhou,PRD,Tidal_Flat,3.87383060112975,spatial_unit,observed raw wetland area from authoritative panel
coastal-wetland-evidence-contract,1.0.0,a4cf9efdecf6735f87d398acc56604e66df26e62f1a2f1e96fafd7791aa3bcc6,2016,Guangzhou,PRD,Tidal_Flat,3.58727073612898,spatial_unit,observed raw wetland area from authoritative panel
coastal-wetland-evidence-contract,1.0.0,a4cf9efdecf6735f87d398acc56604e66df26e62f1a2f1e96fafd7791aa3bcc6,2017,Guangzhou,PRD,Tidal_Flat,4.65537758527497,spatial_unit,observed raw wetland area from authoritative panel
coastal-wetland-evidence-contract,1.0.0,a4cf9efdecf6735f87d398acc56604e66df26e62f1a2f1e96fafd7791aa3bcc6,2018,Guangzhou,PRD,Tidal_Flat,5.50870155673254,spatial_unit,observed raw wetland area from authoritative panel
coastal-wetland-evidence-contract,1.0.0,a4cf9efdecf6735f87d398acc56604e66df26e62f1a2f1e96fafd7791aa3bcc6,2019,Guangzhou,PRD,Tidal_Flat,5.94693555699295,spatial_unit,observed raw wetland area from authoritative panel
coastal-wetland-evidence-contract,1.0.0,a4cf9efdecf6735f87d398acc56604e66df26e62f1a2f1e96fafd7791aa3bcc6,2020,Guangzhou,PRD,Tidal_Flat,3.99388189248621,spatial_unit,observed raw wetland area from authoritative panel
coastal-wetland-evidence-contract,1.0.0,a4cf9efdecf6735f87d398acc56604e66df26e62f1a2f1e96fafd7791aa3bcc6,2021,Guangzhou,PRD,Tidal_Flat,2.40263780979626,spatial_unit,observed raw wetland area from authoritative panel
coastal-wetland-evidence-contract,1.0.0,a4cf9efdecf6735f87d398acc56604e66df26e62f1a2f1e96fafd7791aa3bcc6,2022,Guangzhou,PRD,Tidal_Flat,2.50175274252451,spatial_unit,observed raw wetland area from authoritative panel
coastal-wetland-evidence-contract,1.0.0,a4cf9efdecf6735f87d398acc56604e66df26e62f1a2f1e96fafd7791aa3bcc6,2001,Hong_Kong,PRD,Tidal_Flat,17.4099845398897,spatial_unit,observed raw wetland area from authoritative panel
coastal-wetland-evidence-contract,1.0.0,a4cf9efdecf6735f87d398acc56604e66df26e62f1a2f1e96fafd7791aa3bcc6,2002,Hong_Kong,PRD,Tidal_Flat,15.3376951764132,spatial_unit,observed raw wetland area from authoritative panel
coastal-wetland-evidence-contract,1.0.0,a4cf9efdecf6735f87d398acc56604e66df26e62f1a2f1e96fafd7791aa3bcc6,2003,Hong_Kong,PRD,Tidal_Flat,20.0984151536573,spatial_unit,observed raw wetland area from authoritative panel
coastal-wetland-evidence-contract,1.0.0,a4cf9efdecf6735f87d398acc56604e66df26e62f1a2f1e96fafd7791aa3bcc6,2004,Hong_Kong,PRD,Tidal_Flat,21.4656722136757,spatial_unit,observed raw wetland area from authoritative panel
coastal-wetland-evidence-contract,1.0.0,a4cf9efdecf6735f87d398acc56604e66df26e62f1a2f1e96fafd7791aa3bcc6,2005,Hong_Kong,PRD,Tidal_Flat,22.374048306675,spatial_unit,observed raw wetland area from authoritative panel
coastal-wetland-evidence-contract,1.0.0,a4cf9efdecf6735f87d398acc56604e66df26e62f1a2f1e96fafd7791aa3bcc6,2006,Hong_Kong,PRD,Tidal_Flat,17.4474080529833,spatial_unit,observed raw wetland area from authoritative panel
coastal-wetland-evidence-contract,1.0.0,a4cf9efdecf6735f87d398acc56604e66df26e62f1a2f1e96fafd7791aa3bcc6,2007,Hong_Kong,PRD,Tidal_Flat,17.2946254497089,spatial_unit,observed raw wetland area from authoritative panel
coastal-wetland-evidence-contract,1.0.0,a4cf9efdecf6735f87d398acc56604e66df26e62f1a2f1e96fafd7791aa3bcc6,2008,Hong_Kong,PRD,Tidal_Flat,16.4769257044156,spatial_unit,observed raw wetland area from authoritative panel
coastal-wetland-evidence-contract,1.0.0,a4cf9efdecf6735f87d398acc56604e66df26e62f1a2f1e96fafd7791aa3bcc6,2009,Hong_Kong,PRD,Tidal_Flat,21.7390162500958,spatial_unit,observed raw wetland area from authoritative panel
coastal-wetland-evidence-contract,1.0.0,a4cf9efdecf6735f87d398acc56604e66df26e62f1a2f1e96fafd7791aa3bcc6,2010,Hong_Kong,PRD,Tidal_Flat,23.154690857667,spatial_unit,observed raw wetland area from authoritative panel
coastal-wetland-evidence-contract,1.0.0,a4cf9efdecf6735f87d398acc56604e66df26e62f1a2f1e96fafd7791aa3bcc6,2011,Hong_Kong,PRD,Tidal_Flat,22.3459663980354,spatial_unit,observed raw wetland area from authoritative panel
coastal-wetland-evidence-contract,1.0.0,a4cf9efdecf6735f87d398acc56604e66df26e62f1a2f1e96fafd7791aa3bcc6,2012,Hong_Kong,PRD,Tidal_Flat,18.270855935857,spatial_unit,observed raw wetland area from authoritative panel
coastal-wetland-evidence-contract,1.0.0,a4cf9efdecf6735f87d398acc56604e66df26e62f1a2f1e96fafd7791aa3bcc6,2013,Hong_Kong,PRD,Tidal_Flat,20.5618317078622,spatial_unit,observed raw wetland area from authoritative panel
coastal-wetland-evidence-contract,1.0.0,a4cf9efdecf6735f87d398acc56604e66df26e62f1a2f1e96fafd7791aa3bcc6,2014,Hong_Kong,PRD,Tidal_Flat,16.2340191178271,spatial_unit,observed raw wetland area from authoritative panel
coastal-wetland-evidence-contract,1.0.0,a4cf9efdecf6735f87d398acc56604e66df26e62f1a2f1e96fafd7791aa3bcc6,2015,Hong_Kong,PRD,Tidal_Flat,12.6158417026004,spatial_unit,observed raw wetland area from authoritative panel
coastal-wetland-evidence-contract,1.0.0,a4cf9efdecf6735f87d398acc56604e66df26e62f1a2f1e96fafd7791aa3bcc6,2016,Hong_Kong,PRD,Tidal_Flat,12.7140947271255,spatial_unit,observed raw wetland area from authoritative panel
coastal-wetland-evidence-contract,1.0.0,a4cf9efdecf6735f87d398acc56604e66df26e62f1a2f1e96fafd7791aa3bcc6,2017,Hong_Kong,PRD,Tidal_Flat,17.2551088244102,spatial_unit,observed raw wetland area from authoritative panel
coastal-wetland-evidence-contract,1.0.0,a4cf9efdecf6735f87d398acc56604e66df26e62f1a2f1e96fafd7791aa3bcc6,2018,Hong_Kong,PRD,Tidal_Flat,16.4327832032208,spatial_unit,observed raw wetland area from authoritative panel
coastal-wetland-evidence-contract,1.0.0,a4cf9efdecf6735f87d398acc56604e66df26e62f1a2f1e96fafd7791aa3bcc6,2019,Hong_Kong,PRD,Tidal_Flat,17.3192962649625,spatial_unit,observed raw wetland area from authoritative panel
coastal-wetland-evidence-contract,1.0.0,a4cf9efdecf6735f87d398acc56604e66df26e62f1a2f1e96fafd7791aa3bcc6,2020,Hong_Kong,PRD,Tidal_Flat,16.6503504681028,spatial_unit,observed raw wetland area from authoritative panel
coastal-wetland-evidence-contract,1.0.0,a4cf9efdecf6735f87d398acc56604e66df26e62f1a2f1e96fafd7791aa3bcc6,2021,Hong_Kong,PRD,Tidal_Flat,18.496379317827,spatial_unit,observed raw wetland area from authoritative panel
coastal-wetland-evidence-contract,1.0.0,a4cf9efdecf6735f87d398acc56604e66df26e62f1a2f1e96fafd7791aa3bcc6,2022,Hong_Kong,PRD,Tidal_Flat,17.9832571426049,spatial_unit,observed raw wetland area from authoritative panel
coastal-wetland-evidence-contract,1.0.0,a4cf9efdecf6735f87d398acc56604e66df26e62f1a2f1e96fafd7791aa3bcc6,2001,Huizhou,PRD,Tidal_Flat,16.0653609933632,spatial_unit,observed raw wetland area from authoritative panel
coastal-wetland-evidence-contract,1.0.0,a4cf9efdecf6735f87d398acc56604e66df26e62f1a2f1e96fafd7791aa3bcc6,2002,Huizhou,PRD,Tidal_Flat,16.194842395324,spatial_unit,observed raw wetland area from authoritative panel
coastal-wetland-evidence-contract,1.0.0,a4cf9efdecf6735f87d398acc56604e66df26e62f1a2f1e96fafd7791aa3bcc6,2003,Huizhou,PRD,Tidal_Flat,16.6888560425436,spatial_unit,observed raw wetland area from authoritative panel
coastal-wetland-evidence-contract,1.0.0,a4cf9efdecf6735f87d398acc56604e66df26e62f1a2f1e96fafd7791aa3bcc6,2004,Huizhou,PRD,Tidal_Flat,18.1225675397326,spatial_unit,observed raw wetland area from authoritative panel
coastal-wetland-evidence-contract,1.0.0,a4cf9efdecf6735f87d398acc56604e66df26e62f1a2f1e96fafd7791aa3bcc6,2005,Huizhou,PRD,Tidal_Flat,18.708468603416,spatial_unit,observed raw wetland area from authoritative panel
coastal-wetland-evidence-contract,1.0.0,a4cf9efdecf6735f87d398acc56604e66df26e62f1a2f1e96fafd7791aa3bcc6,2006,Huizhou,PRD,Tidal_Flat,19.0191928750613,spatial_unit,observed raw wetland area from authoritative panel
coastal-wetland-evidence-contract,1.0.0,a4cf9efdecf6735f87d398acc56604e66df26e62f1a2f1e96fafd7791aa3bcc6,2007,Huizhou,PRD,Tidal_Flat,17.4585361673368,spatial_unit,observed raw wetland area from authoritative panel
coastal-wetland-evidence-contract,1.0.0,a4cf9efdecf6735f87d398acc56604e66df26e62f1a2f1e96fafd7791aa3bcc6,2008,Huizhou,PRD,Tidal_Flat,17.1460650045764,spatial_unit,observed raw wetland area from authoritative panel
coastal-wetland-evidence-contract,1.0.0,a4cf9efdecf6735f87d398acc56604e66df26e62f1a2f1e96fafd7791aa3bcc6,2009,Huizhou,PRD,Tidal_Flat,18.529303152811,spatial_unit,observed raw wetland area from authoritative panel
coastal-wetland-evidence-contract,1.0.0,a4cf9efdecf6735f87d398acc56604e66df26e62f1a2f1e96fafd7791aa3bcc6,2010,Huizhou,PRD,Tidal_Flat,19.1679882530254,spatial_unit,observed raw wetland area from authoritative panel
coastal-wetland-evidence-contract,1.0.0,a4cf9efdecf6735f87d398acc56604e66df26e62f1a2f1e96fafd7791aa3bcc6,2011,Huizhou,PRD,Tidal_Flat,16.4076659867762,spatial_unit,observed raw wetland area from authoritative panel
coastal-wetland-evidence-contract,1.0.0,a4cf9efdecf6735f87d398acc56604e66df26e62f1a2f1e96fafd7791aa3bcc6,2012,Huizhou,PRD,Tidal_Flat,12.5177150167968,spatial_unit,observed raw wetland area from authoritative panel
coastal-wetland-evidence-contract,1.0.0,a4cf9efdecf6735f87d398acc56604e66df26e62f1a2f1e96fafd7791aa3bcc6,2013,Huizhou,PRD,Tidal_Flat,16.366351283295,spatial_unit,observed raw wetland area from authoritative panel
coastal-wetland-evidence-contract,1.0.0,a4cf9efdecf6735f87d398acc56604e66df26e62f1a2f1e96fafd7791aa3bcc6,2014,Huizhou,PRD,Tidal_Flat,14.7095375737898,spatial_unit,observed raw wetland area from authoritative panel
coastal-wetland-evidence-contract,1.0.0,a4cf9efdecf6735f87d398acc56604e66df26e62f1a2f1e96fafd7791aa3bcc6,2015,Huizhou,PRD,Tidal_Flat,13.4944520244753,spatial_unit,observed raw wetland area from authoritative panel
coastal-wetland-evidence-contract,1.0.0,a4cf9efdecf6735f87d398acc56604e66df26e62f1a2f1e96fafd7791aa3bcc6,2016,Huizhou,PRD,Tidal_Flat,12.7216077900467,spatial_unit,observed raw wetland area from authoritative panel
coastal-wetland-evidence-contract,1.0.0,a4cf9efdecf6735f87d398acc56604e66df26e62f1a2f1e96fafd7791aa3bcc6,2017,Huizhou,PRD,Tidal_Flat,13.2353357254787,spatial_unit,observed raw wetland area from authoritative panel
coastal-wetland-evidence-contract,1.0.0,a4cf9efdecf6735f87d398acc56604e66df26e62f1a2f1e96fafd7791aa3bcc6,2018,Huizhou,PRD,Tidal_Flat,15.2914742798675,spatial_unit,observed raw wetland area from authoritative panel
coastal-wetland-evidence-contract,1.0.0,a4cf9efdecf6735f87d398acc56604e66df26e62f1a2f1e96fafd7791aa3bcc6,2019,Huizhou,PRD,Tidal_Flat,14.3729578096699,spatial_unit,observed raw wetland area from authoritative panel
coastal-wetland-evidence-contract,1.0.0,a4cf9efdecf6735f87d398acc56604e66df26e62f1a2f1e96fafd7791aa3bcc6,2020,Huizhou,PRD,Tidal_Flat,14.3108579491038,spatial_unit,observed raw wetland area from authoritative panel
coastal-wetland-evidence-contract,1.0.0,a4cf9efdecf6735f87d398acc56604e66df26e62f1a2f1e96fafd7791aa3bcc6,2021,Huizhou,PRD,Tidal_Flat,14.4779506142425,spatial_unit,observed raw wetland area from authoritative panel
coastal-wetland-evidence-contract,1.0.0,a4cf9efdecf6735f87d398acc56604e66df26e62f1a2f1e96fafd7791aa3bcc6,2022,Huizhou,PRD,Tidal_Flat,15.7630025795917,spatial_unit,observed raw wetland area from authoritative panel
coastal-wetland-evidence-contract,1.0.0,a4cf9efdecf6735f87d398acc56604e66df26e62f1a2f1e96fafd7791aa3bcc6,2001,Jiangmen,PRD,Tidal_Flat,26.5343586749272,spatial_unit,observed raw wetland area from authoritative panel
coastal-wetland-evidence-contract,1.0.0,a4cf9efdecf6735f87d398acc56604e66df26e62f1a2f1e96fafd7791aa3bcc6,2002,Jiangmen,PRD,Tidal_Flat,24.5657918366498,spatial_unit,observed raw wetland area from authoritative panel
coastal-wetland-evidence-contract,1.0.0,a4cf9efdecf6735f87d398acc56604e66df26e62f1a2f1e96fafd7791aa3bcc6,2003,Jiangmen,PRD,Tidal_Flat,29.1976370297717,spatial_unit,observed raw wetland area from authoritative panel
coastal-wetland-evidence-contract,1.0.0,a4cf9efdecf6735f87d398acc56604e66df26e62f1a2f1e96fafd7791aa3bcc6,2004,Jiangmen,PRD,Tidal_Flat,28.5174262643459,spatial_unit,observed raw wetland area from authoritative panel
coastal-wetland-evidence-contract,1.0.0,a4cf9efdecf6735f87d398acc56604e66df26e62f1a2f1e96fafd7791aa3bcc6,2005,Jiangmen,PRD,Tidal_Flat,26.8593047889706,spatial_unit,observed raw wetland area from authoritative panel
coastal-wetland-evidence-contract,1.0.0,a4cf9efdecf6735f87d398acc56604e66df26e62f1a2f1e96fafd7791aa3bcc6,2006,Jiangmen,PRD,Tidal_Flat,24.6627782221928,spatial_unit,observed raw wetland area from authoritative panel
coastal-wetland-evidence-contract,1.0.0,a4cf9efdecf6735f87d398acc56604e66df26e62f1a2f1e96fafd7791aa3bcc6,2007,Jiangmen,PRD,Tidal_Flat,25.6805462961091,spatial_unit,observed raw wetland area from authoritative panel
coastal-wetland-evidence-contract,1.0.0,a4cf9efdecf6735f87d398acc56604e66df26e62f1a2f1e96fafd7791aa3bcc6,2008,Jiangmen,PRD,Tidal_Flat,25.7338624279756,spatial_unit,observed raw wetland area from authoritative panel
coastal-wetland-evidence-contract,1.0.0,a4cf9efdecf6735f87d398acc56604e66df26e62f1a2f1e96fafd7791aa3bcc6,2009,Jiangmen,PRD,Tidal_Flat,25.579855673043,spatial_unit,observed raw wetland area from authoritative panel
coastal-wetland-evidence-contract,1.0.0,a4cf9efdecf6735f87d398acc56604e66df26e62f1a2f1e96fafd7791aa3bcc6,2010,Jiangmen,PRD,Tidal_Flat,25.5946611511949,spatial_unit,observed raw wetland area from authoritative panel
coastal-wetland-evidence-contract,1.0.0,a4cf9efdecf6735f87d398acc56604e66df26e62f1a2f1e96fafd7791aa3bcc6,2011,Jiangmen,PRD,Tidal_Flat,25.7396677959712,spatial_unit,observed raw wetland area from authoritative panel
coastal-wetland-evidence-contract,1.0.0,a4cf9efdecf6735f87d398acc56604e66df26e62f1a2f1e96fafd7791aa3bcc6,2012,Jiangmen,PRD,Tidal_Flat,27.0020286434704,spatial_unit,observed raw wetland area from authoritative panel
coastal-wetland-evidence-contract,1.0.0,a4cf9efdecf6735f87d398acc56604e66df26e62f1a2f1e96fafd7791aa3bcc6,2013,Jiangmen,PRD,Tidal_Flat,27.9753622399395,spatial_unit,observed raw wetland area from authoritative panel
coastal-wetland-evidence-contract,1.0.0,a4cf9efdecf6735f87d398acc56604e66df26e62f1a2f1e96fafd7791aa3bcc6,2014,Jiangmen,PRD,Tidal_Flat,24.4040458157246,spatial_unit,observed raw wetland area from authoritative panel
coastal-wetland-evidence-contract,1.0.0,a4cf9efdecf6735f87d398acc56604e66df26e62f1a2f1e96fafd7791aa3bcc6,2015,Jiangmen,PRD,Tidal_Flat,22.5984034104779,spatial_unit,observed raw wetland area from authoritative panel
coastal-wetland-evidence-contract,1.0.0,a4cf9efdecf6735f87d398acc56604e66df26e62f1a2f1e96fafd7791aa3bcc6,2016,Jiangmen,PRD,Tidal_Flat,21.8717284356617,spatial_unit,observed raw wetland area from authoritative panel
coastal-wetland-evidence-contract,1.0.0,a4cf9efdecf6735f87d398acc56604e66df26e62f1a2f1e96fafd7791aa3bcc6,2017,Jiangmen,PRD,Tidal_Flat,23.0860218902573,spatial_unit,observed raw wetland area from authoritative panel
coastal-wetland-evidence-contract,1.0.0,a4cf9efdecf6735f87d398acc56604e66df26e62f1a2f1e96fafd7791aa3bcc6,2018,Jiangmen,PRD,Tidal_Flat,24.419227807935,spatial_unit,observed raw wetland area from authoritative panel
coastal-wetland-evidence-contract,1.0.0,a4cf9efdecf6735f87d398acc56604e66df26e62f1a2f1e96fafd7791aa3bcc6,2019,Jiangmen,PRD,Tidal_Flat,23.6988294739468,spatial_unit,observed raw wetland area from authoritative panel
coastal-wetland-evidence-contract,1.0.0,a4cf9efdecf6735f87d398acc56604e66df26e62f1a2f1e96fafd7791aa3bcc6,2020,Jiangmen,PRD,Tidal_Flat,19.5688428131319,spatial_unit,observed raw wetland area from authoritative panel
coastal-wetland-evidence-contract,1.0.0,a4cf9efdecf6735f87d398acc56604e66df26e62f1a2f1e96fafd7791aa3bcc6,2021,Jiangmen,PRD,Tidal_Flat,19.1854456160807,spatial_unit,observed raw wetland area from authoritative panel
coastal-wetland-evidence-contract,1.0.0,a4cf9efdecf6735f87d398acc56604e66df26e62f1a2f1e96fafd7791aa3bcc6,2022,Jiangmen,PRD,Tidal_Flat,17.5172923974916,spatial_unit,observed raw wetland area from authoritative panel
coastal-wetland-evidence-contract,1.0.0,a4cf9efdecf6735f87d398acc56604e66df26e62f1a2f1e96fafd7791aa3bcc6,2001,Shanwei,PRD,Tidal_Flat,8.91925252046185,spatial_unit,observed raw wetland area from authoritative panel
coastal-wetland-evidence-contract,1.0.0,a4cf9efdecf6735f87d398acc56604e66df26e62f1a2f1e96fafd7791aa3bcc6,2002,Shanwei,PRD,Tidal_Flat,9.78664981518075,spatial_unit,observed raw wetland area from authoritative panel
coastal-wetland-evidence-contract,1.0.0,a4cf9efdecf6735f87d398acc56604e66df26e62f1a2f1e96fafd7791aa3bcc6,2003,Shanwei,PRD,Tidal_Flat,9.32803183305759,spatial_unit,observed raw wetland area from authoritative panel
coastal-wetland-evidence-contract,1.0.0,a4cf9efdecf6735f87d398acc56604e66df26e62f1a2f1e96fafd7791aa3bcc6,2004,Shanwei,PRD,Tidal_Flat,10.6553417319891,spatial_unit,observed raw wetland area from authoritative panel
coastal-wetland-evidence-contract,1.0.0,a4cf9efdecf6735f87d398acc56604e66df26e62f1a2f1e96fafd7791aa3bcc6,2005,Shanwei,PRD,Tidal_Flat,12.2003920885608,spatial_unit,observed raw wetland area from authoritative panel
coastal-wetland-evidence-contract,1.0.0,a4cf9efdecf6735f87d398acc56604e66df26e62f1a2f1e96fafd7791aa3bcc6,2006,Shanwei,PRD,Tidal_Flat,11.6119234548751,spatial_unit,observed raw wetland area from authoritative panel
coastal-wetland-evidence-contract,1.0.0,a4cf9efdecf6735f87d398acc56604e66df26e62f1a2f1e96fafd7791aa3bcc6,2007,Shanwei,PRD,Tidal_Flat,10.2904034850797,spatial_unit,observed raw wetland area from authoritative panel
coastal-wetland-evidence-contract,1.0.0,a4cf9efdecf6735f87d398acc56604e66df26e62f1a2f1e96fafd7791aa3bcc6,2008,Shanwei,PRD,Tidal_Flat,9.08594297158777,spatial_unit,observed raw wetland area from authoritative panel
coastal-wetland-evidence-contract,1.0.0,a4cf9efdecf6735f87d398acc56604e66df26e62f1a2f1e96fafd7791aa3bcc6,2009,Shanwei,PRD,Tidal_Flat,10.8521778745289,spatial_unit,observed raw wetland area from authoritative panel
coastal-wetland-evidence-contract,1.0.0,a4cf9efdecf6735f87d398acc56604e66df26e62f1a2f1e96fafd7791aa3bcc6,2010,Shanwei,PRD,Tidal_Flat,11.517245216862,spatial_unit,observed raw wetland area from authoritative panel
coastal-wetland-evidence-contract,1.0.0,a4cf9efdecf6735f87d398acc56604e66df26e62f1a2f1e96fafd7791aa3bcc6,2011,Shanwei,PRD,Tidal_Flat,12.4314211790556,spatial_unit,observed raw wetland area from authoritative panel
coastal-wetland-evidence-contract,1.0.0,a4cf9efdecf6735f87d398acc56604e66df26e62f1a2f1e96fafd7791aa3bcc6,2012,Shanwei,PRD,Tidal_Flat,11.8496989005515,spatial_unit,observed raw wetland area from authoritative panel
coastal-wetland-evidence-contract,1.0.0,a4cf9efdecf6735f87d398acc56604e66df26e62f1a2f1e96fafd7791aa3bcc6,2013,Shanwei,PRD,Tidal_Flat,12.7235256371324,spatial_unit,observed raw wetland area from authoritative panel
coastal-wetland-evidence-contract,1.0.0,a4cf9efdecf6735f87d398acc56604e66df26e62f1a2f1e96fafd7791aa3bcc6,2014,Shanwei,PRD,Tidal_Flat,12.927169965311,spatial_unit,observed raw wetland area from authoritative panel
coastal-wetland-evidence-contract,1.0.0,a4cf9efdecf6735f87d398acc56604e66df26e62f1a2f1e96fafd7791aa3bcc6,2015,Shanwei,PRD,Tidal_Flat,11.5386502729818,spatial_unit,observed raw wetland area from authoritative panel
coastal-wetland-evidence-contract,1.0.0,a4cf9efdecf6735f87d398acc56604e66df26e62f1a2f1e96fafd7791aa3bcc6,2016,Shanwei,PRD,Tidal_Flat,12.145996772549,spatial_unit,observed raw wetland area from authoritative panel
coastal-wetland-evidence-contract,1.0.0,a4cf9efdecf6735f87d398acc56604e66df26e62f1a2f1e96fafd7791aa3bcc6,2017,Shanwei,PRD,Tidal_Flat,11.6423602891774,spatial_unit,observed raw wetland area from authoritative panel
coastal-wetland-evidence-contract,1.0.0,a4cf9efdecf6735f87d398acc56604e66df26e62f1a2f1e96fafd7791aa3bcc6,2018,Shanwei,PRD,Tidal_Flat,11.7603555785041,spatial_unit,observed raw wetland area from authoritative panel
coastal-wetland-evidence-contract,1.0.0,a4cf9efdecf6735f87d398acc56604e66df26e62f1a2f1e96fafd7791aa3bcc6,2019,Shanwei,PRD,Tidal_Flat,12.9002763450214,spatial_unit,observed raw wetland area from authoritative panel
coastal-wetland-evidence-contract,1.0.0,a4cf9efdecf6735f87d398acc56604e66df26e62f1a2f1e96fafd7791aa3bcc6,2020,Shanwei,PRD,Tidal_Flat,12.8122339882736,spatial_unit,observed raw wetland area from authoritative panel
coastal-wetland-evidence-contract,1.0.0,a4cf9efdecf6735f87d398acc56604e66df26e62f1a2f1e96fafd7791aa3bcc6,2021,Shanwei,PRD,Tidal_Flat,11.2473837957836,spatial_unit,observed raw wetland area from authoritative panel
coastal-wetland-evidence-contract,1.0.0,a4cf9efdecf6735f87d398acc56604e66df26e62f1a2f1e96fafd7791aa3bcc6,2022,Shanwei,PRD,Tidal_Flat,11.1760485517655,spatial_unit,observed raw wetland area from authoritative panel
coastal-wetland-evidence-contract,1.0.0,a4cf9efdecf6735f87d398acc56604e66df26e62f1a2f1e96fafd7791aa3bcc6,2001,Shenzhen,PRD,Tidal_Flat,5.75117860606235,spatial_unit,observed raw wetland area from authoritative panel
coastal-wetland-evidence-contract,1.0.0,a4cf9efdecf6735f87d398acc56604e66df26e62f1a2f1e96fafd7791aa3bcc6,2002,Shenzhen,PRD,Tidal_Flat,5.288026056767,spatial_unit,observed raw wetland area from authoritative panel
coastal-wetland-evidence-contract,1.0.0,a4cf9efdecf6735f87d398acc56604e66df26e62f1a2f1e96fafd7791aa3bcc6,2003,Shenzhen,PRD,Tidal_Flat,5.20174247071462,spatial_unit,observed raw wetland area from authoritative panel
coastal-wetland-evidence-contract,1.0.0,a4cf9efdecf6735f87d398acc56604e66df26e62f1a2f1e96fafd7791aa3bcc6,2004,Shenzhen,PRD,Tidal_Flat,5.98021444360447,spatial_unit,observed raw wetland area from authoritative panel
coastal-wetland-evidence-contract,1.0.0,a4cf9efdecf6735f87d398acc56604e66df26e62f1a2f1e96fafd7791aa3bcc6,2005,Shenzhen,PRD,Tidal_Flat,6.30818476322763,spatial_unit,observed raw wetland area from authoritative panel
coastal-wetland-evidence-contract,1.0.0,a4cf9efdecf6735f87d398acc56604e66df26e62f1a2f1e96fafd7791aa3bcc6,2006,Shenzhen,PRD,Tidal_Flat,6.2200424171224,spatial_unit,observed raw wetland area from authoritative panel
coastal-wetland-evidence-contract,1.0.0,a4cf9efdecf6735f87d398acc56604e66df26e62f1a2f1e96fafd7791aa3bcc6,2007,Shenzhen,PRD,Tidal_Flat,5.90673255731848,spatial_unit,observed raw wetland area from authoritative panel
coastal-wetland-evidence-contract,1.0.0,a4cf9efdecf6735f87d398acc56604e66df26e62f1a2f1e96fafd7791aa3bcc6,2008,Shenzhen,PRD,Tidal_Flat,6.10655605649127,spatial_unit,observed raw wetland area from authoritative panel
coastal-wetland-evidence-contract,1.0.0,a4cf9efdecf6735f87d398acc56604e66df26e62f1a2f1e96fafd7791aa3bcc6,2009,Shenzhen,PRD,Tidal_Flat,6.99680505141697,spatial_unit,observed raw wetland area from authoritative panel
coastal-wetland-evidence-contract,1.0.0,a4cf9efdecf6735f87d398acc56604e66df26e62f1a2f1e96fafd7791aa3bcc6,2010,Shenzhen,PRD,Tidal_Flat,7.18042915653722,spatial_unit,observed raw wetland area from authoritative panel
coastal-wetland-evidence-contract,1.0.0,a4cf9efdecf6735f87d398acc56604e66df26e62f1a2f1e96fafd7791aa3bcc6,2011,Shenzhen,PRD,Tidal_Flat,6.73080473952206,spatial_unit,observed raw wetland area from authoritative panel
coastal-wetland-evidence-contract,1.0.0,a4cf9efdecf6735f87d398acc56604e66df26e62f1a2f1e96fafd7791aa3bcc6,2012,Shenzhen,PRD,Tidal_Flat,5.37356878670344,spatial_unit,observed raw wetland area from authoritative panel
coastal-wetland-evidence-contract,1.0.0,a4cf9efdecf6735f87d398acc56604e66df26e62f1a2f1e96fafd7791aa3bcc6,2013,Shenzhen,PRD,Tidal_Flat,5.45372277170267,spatial_unit,observed raw wetland area from authoritative panel
coastal-wetland-evidence-contract,1.0.0,a4cf9efdecf6735f87d398acc56604e66df26e62f1a2f1e96fafd7791aa3bcc6,2014,Shenzhen,PRD,Tidal_Flat,5.18964922345282,spatial_unit,observed raw wetland area from authoritative panel
coastal-wetland-evidence-contract,1.0.0,a4cf9efdecf6735f87d398acc56604e66df26e62f1a2f1e96fafd7791aa3bcc6,2015,Shenzhen,PRD,Tidal_Flat,4.82590072372856,spatial_unit,observed raw wetland area from authoritative panel
coastal-wetland-evidence-contract,1.0.0,a4cf9efdecf6735f87d398acc56604e66df26e62f1a2f1e96fafd7791aa3bcc6,2016,Shenzhen,PRD,Tidal_Flat,4.65923936859682,spatial_unit,observed raw wetland area from authoritative panel
coastal-wetland-evidence-contract,1.0.0,a4cf9efdecf6735f87d398acc56604e66df26e62f1a2f1e96fafd7791aa3bcc6,2017,Shenzhen,PRD,Tidal_Flat,4.88008110476027,spatial_unit,observed raw wetland area from authoritative panel
coastal-wetland-evidence-contract,1.0.0,a4cf9efdecf6735f87d398acc56604e66df26e62f1a2f1e96fafd7791aa3bcc6,2018,Shenzhen,PRD,Tidal_Flat,4.98725705929458,spatial_unit,observed raw wetland area from authoritative panel
coastal-wetland-evidence-contract,1.0.0,a4cf9efdecf6735f87d398acc56604e66df26e62f1a2f1e96fafd7791aa3bcc6,2019,Shenzhen,PRD,Tidal_Flat,5.14005604793582,spatial_unit,observed raw wetland area from authoritative panel
coastal-wetland-evidence-contract,1.0.0,a4cf9efdecf6735f87d398acc56604e66df26e62f1a2f1e96fafd7791aa3bcc6,2020,Shenzhen,PRD,Tidal_Flat,4.80629644057139,spatial_unit,observed raw wetland area from authoritative panel
coastal-wetland-evidence-contract,1.0.0,a4cf9efdecf6735f87d398acc56604e66df26e62f1a2f1e96fafd7791aa3bcc6,2021,Shenzhen,PRD,Tidal_Flat,5.23995555594746,spatial_unit,observed raw wetland area from authoritative panel
coastal-wetland-evidence-contract,1.0.0,a4cf9efdecf6735f87d398acc56604e66df26e62f1a2f1e96fafd7791aa3bcc6,2022,Shenzhen,PRD,Tidal_Flat,5.44774767313879,spatial_unit,observed raw wetland area from authoritative panel
coastal-wetland-evidence-contract,1.0.0,a4cf9efdecf6735f87d398acc56604e66df26e62f1a2f1e96fafd7791aa3bcc6,2001,Zhongshan,PRD,Tidal_Flat,1.35924365295267,spatial_unit,observed raw wetland area from authoritative panel
coastal-wetland-evidence-contract,1.0.0,a4cf9efdecf6735f87d398acc56604e66df26e62f1a2f1e96fafd7791aa3bcc6,2002,Zhongshan,PRD,Tidal_Flat,1.35793822340303,spatial_unit,observed raw wetland area from authoritative panel
coastal-wetland-evidence-contract,1.0.0,a4cf9efdecf6735f87d398acc56604e66df26e62f1a2f1e96fafd7791aa3bcc6,2003,Zhongshan,PRD,Tidal_Flat,1.34982791143153,spatial_unit,observed raw wetland area from authoritative panel
coastal-wetland-evidence-contract,1.0.0,a4cf9efdecf6735f87d398acc56604e66df26e62f1a2f1e96fafd7791aa3bcc6,2004,Zhongshan,PRD,Tidal_Flat,1.50881111542969,spatial_unit,observed raw wetland area from authoritative panel
coastal-wetland-evidence-contract,1.0.0,a4cf9efdecf6735f87d398acc56604e66df26e62f1a2f1e96fafd7791aa3bcc6,2005,Zhongshan,PRD,Tidal_Flat,1.51361394478401,spatial_unit,observed raw wetland area from authoritative panel
coastal-wetland-evidence-contract,1.0.0,a4cf9efdecf6735f87d398acc56604e66df26e62f1a2f1e96fafd7791aa3bcc6,2006,Zhongshan,PRD,Tidal_Flat,1.77135327592295,spatial_unit,observed raw wetland area from authoritative panel
coastal-wetland-evidence-contract,1.0.0,a4cf9efdecf6735f87d398acc56604e66df26e62f1a2f1e96fafd7791aa3bcc6,2007,Zhongshan,PRD,Tidal_Flat,1.34559622620634,spatial_unit,observed raw wetland area from authoritative panel
coastal-wetland-evidence-contract,1.0.0,a4cf9efdecf6735f87d398acc56604e66df26e62f1a2f1e96fafd7791aa3bcc6,2008,Zhongshan,PRD,Tidal_Flat,1.3320750854473,spatial_unit,observed raw wetland area from authoritative panel
coastal-wetland-evidence-contract,1.0.0,a4cf9efdecf6735f87d398acc56604e66df26e62f1a2f1e96fafd7791aa3bcc6,2009,Zhongshan,PRD,Tidal_Flat,1.41670905939798,spatial_unit,observed raw wetland area from authoritative panel
coastal-wetland-evidence-contract,1.0.0,a4cf9efdecf6735f87d398acc56604e66df26e62f1a2f1e96fafd7791aa3bcc6,2010,Zhongshan,PRD,Tidal_Flat,1.63659968226103,spatial_unit,observed raw wetland area from authoritative panel
coastal-wetland-evidence-contract,1.0.0,a4cf9efdecf6735f87d398acc56604e66df26e62f1a2f1e96fafd7791aa3bcc6,2011,Zhongshan,PRD,Tidal_Flat,1.50734003669577,spatial_unit,observed raw wetland area from authoritative panel
coastal-wetland-evidence-contract,1.0.0,a4cf9efdecf6735f87d398acc56604e66df26e62f1a2f1e96fafd7791aa3bcc6,2012,Zhongshan,PRD,Tidal_Flat,1.87907748282782,spatial_unit,observed raw wetland area from authoritative panel
coastal-wetland-evidence-contract,1.0.0,a4cf9efdecf6735f87d398acc56604e66df26e62f1a2f1e96fafd7791aa3bcc6,2013,Zhongshan,PRD,Tidal_Flat,1.8140034849303,spatial_unit,observed raw wetland area from authoritative panel
coastal-wetland-evidence-contract,1.0.0,a4cf9efdecf6735f87d398acc56604e66df26e62f1a2f1e96fafd7791aa3bcc6,2014,Zhongshan,PRD,Tidal_Flat,1.53636170741422,spatial_unit,observed raw wetland area from authoritative panel
coastal-wetland-evidence-contract,1.0.0,a4cf9efdecf6735f87d398acc56604e66df26e62f1a2f1e96fafd7791aa3bcc6,2015,Zhongshan,PRD,Tidal_Flat,1.79430734322151,spatial_unit,observed raw wetland area from authoritative panel
coastal-wetland-evidence-contract,1.0.0,a4cf9efdecf6735f87d398acc56604e66df26e62f1a2f1e96fafd7791aa3bcc6,2016,Zhongshan,PRD,Tidal_Flat,1.49113078713618,spatial_unit,observed raw wetland area from authoritative panel
coastal-wetland-evidence-contract,1.0.0,a4cf9efdecf6735f87d398acc56604e66df26e62f1a2f1e96fafd7791aa3bcc6,2017,Zhongshan,PRD,Tidal_Flat,1.93496952314645,spatial_unit,observed raw wetland area from authoritative panel
coastal-wetland-evidence-contract,1.0.0,a4cf9efdecf6735f87d398acc56604e66df26e62f1a2f1e96fafd7791aa3bcc6,2018,Zhongshan,PRD,Tidal_Flat,2.58708524340533,spatial_unit,observed raw wetland area from authoritative panel
coastal-wetland-evidence-contract,1.0.0,a4cf9efdecf6735f87d398acc56604e66df26e62f1a2f1e96fafd7791aa3bcc6,2019,Zhongshan,PRD,Tidal_Flat,2.78066937980239,spatial_unit,observed raw wetland area from authoritative panel
coastal-wetland-evidence-contract,1.0.0,a4cf9efdecf6735f87d398acc56604e66df26e62f1a2f1e96fafd7791aa3bcc6,2020,Zhongshan,PRD,Tidal_Flat,2.12302213366651,spatial_unit,observed raw wetland area from authoritative panel
coastal-wetland-evidence-contract,1.0.0,a4cf9efdecf6735f87d398acc56604e66df26e62f1a2f1e96fafd7791aa3bcc6,2021,Zhongshan,PRD,Tidal_Flat,1.69420792774586,spatial_unit,observed raw wetland area from authoritative panel
coastal-wetland-evidence-contract,1.0.0,a4cf9efdecf6735f87d398acc56604e66df26e62f1a2f1e96fafd7791aa3bcc6,2022,Zhongshan,PRD,Tidal_Flat,1.49071897838925,spatial_unit,observed raw wetland area from authoritative panel
coastal-wetland-evidence-contract,1.0.0,a4cf9efdecf6735f87d398acc56604e66df26e62f1a2f1e96fafd7791aa3bcc6,2001,Zhuhai,PRD,Tidal_Flat,8.39952742269839,spatial_unit,observed raw wetland area from authoritative panel
coastal-wetland-evidence-contract,1.0.0,a4cf9efdecf6735f87d398acc56604e66df26e62f1a2f1e96fafd7791aa3bcc6,2002,Zhuhai,PRD,Tidal_Flat,7.24386425523898,spatial_unit,observed raw wetland area from authoritative panel
coastal-wetland-evidence-contract,1.0.0,a4cf9efdecf6735f87d398acc56604e66df26e62f1a2f1e96fafd7791aa3bcc6,2003,Zhuhai,PRD,Tidal_Flat,9.06009419067097,spatial_unit,observed raw wetland area from authoritative panel
coastal-wetland-evidence-contract,1.0.0,a4cf9efdecf6735f87d398acc56604e66df26e62f1a2f1e96fafd7791aa3bcc6,2004,Zhuhai,PRD,Tidal_Flat,8.42123528493797,spatial_unit,observed raw wetland area from authoritative panel
coastal-wetland-evidence-contract,1.0.0,a4cf9efdecf6735f87d398acc56604e66df26e62f1a2f1e96fafd7791aa3bcc6,2005,Zhuhai,PRD,Tidal_Flat,8.46098124056757,spatial_unit,observed raw wetland area from authoritative panel
coastal-wetland-evidence-contract,1.0.0,a4cf9efdecf6735f87d398acc56604e66df26e62f1a2f1e96fafd7791aa3bcc6,2006,Zhuhai,PRD,Tidal_Flat,7.57378811155025,spatial_unit,observed raw wetland area from authoritative panel
coastal-wetland-evidence-contract,1.0.0,a4cf9efdecf6735f87d398acc56604e66df26e62f1a2f1e96fafd7791aa3bcc6,2007,Zhuhai,PRD,Tidal_Flat,6.77198600359988,spatial_unit,observed raw wetland area from authoritative panel
coastal-wetland-evidence-contract,1.0.0,a4cf9efdecf6735f87d398acc56604e66df26e62f1a2f1e96fafd7791aa3bcc6,2008,Zhuhai,PRD,Tidal_Flat,6.59430371081495,spatial_unit,observed raw wetland area from authoritative panel
coastal-wetland-evidence-contract,1.0.0,a4cf9efdecf6735f87d398acc56604e66df26e62f1a2f1e96fafd7791aa3bcc6,2009,Zhuhai,PRD,Tidal_Flat,7.28606449885877,spatial_unit,observed raw wetland area from authoritative panel
coastal-wetland-evidence-contract,1.0.0,a4cf9efdecf6735f87d398acc56604e66df26e62f1a2f1e96fafd7791aa3bcc6,2010,Zhuhai,PRD,Tidal_Flat,8.26661158218444,spatial_unit,observed raw wetland area from authoritative panel
coastal-wetland-evidence-contract,1.0.0,a4cf9efdecf6735f87d398acc56604e66df26e62f1a2f1e96fafd7791aa3bcc6,2011,Zhuhai,PRD,Tidal_Flat,8.03576797596508,spatial_unit,observed raw wetland area from authoritative panel
coastal-wetland-evidence-contract,1.0.0,a4cf9efdecf6735f87d398acc56604e66df26e62f1a2f1e96fafd7791aa3bcc6,2012,Zhuhai,PRD,Tidal_Flat,8.29730475366116,spatial_unit,observed raw wetland area from authoritative panel
coastal-wetland-evidence-contract,1.0.0,a4cf9efdecf6735f87d398acc56604e66df26e62f1a2f1e96fafd7791aa3bcc6,2013,Zhuhai,PRD,Tidal_Flat,7.92238535206419,spatial_unit,observed raw wetland area from authoritative panel
coastal-wetland-evidence-contract,1.0.0,a4cf9efdecf6735f87d398acc56604e66df26e62f1a2f1e96fafd7791aa3bcc6,2014,Zhuhai,PRD,Tidal_Flat,7.2320130967065,spatial_unit,observed raw wetland area from authoritative panel
coastal-wetland-evidence-contract,1.0.0,a4cf9efdecf6735f87d398acc56604e66df26e62f1a2f1e96fafd7791aa3bcc6,2015,Zhuhai,PRD,Tidal_Flat,6.71256205144378,spatial_unit,observed raw wetland area from authoritative panel
coastal-wetland-evidence-contract,1.0.0,a4cf9efdecf6735f87d398acc56604e66df26e62f1a2f1e96fafd7791aa3bcc6,2016,Zhuhai,PRD,Tidal_Flat,7.09966051638327,spatial_unit,observed raw wetland area from authoritative panel
coastal-wetland-evidence-contract,1.0.0,a4cf9efdecf6735f87d398acc56604e66df26e62f1a2f1e96fafd7791aa3bcc6,2017,Zhuhai,PRD,Tidal_Flat,7.53832572864201,spatial_unit,observed raw wetland area from authoritative panel
coastal-wetland-evidence-contract,1.0.0,a4cf9efdecf6735f87d398acc56604e66df26e62f1a2f1e96fafd7791aa3bcc6,2018,Zhuhai,PRD,Tidal_Flat,8.13102962668122,spatial_unit,observed raw wetland area from authoritative panel
coastal-wetland-evidence-contract,1.0.0,a4cf9efdecf6735f87d398acc56604e66df26e62f1a2f1e96fafd7791aa3bcc6,2019,Zhuhai,PRD,Tidal_Flat,8.72755183414139,spatial_unit,observed raw wetland area from authoritative panel
coastal-wetland-evidence-contract,1.0.0,a4cf9efdecf6735f87d398acc56604e66df26e62f1a2f1e96fafd7791aa3bcc6,2020,Zhuhai,PRD,Tidal_Flat,7.3478853887906,spatial_unit,observed raw wetland area from authoritative panel
coastal-wetland-evidence-contract,1.0.0,a4cf9efdecf6735f87d398acc56604e66df26e62f1a2f1e96fafd7791aa3bcc6,2021,Zhuhai,PRD,Tidal_Flat,7.81476314900046,spatial_unit,observed raw wetland area from authoritative panel
coastal-wetland-evidence-contract,1.0.0,a4cf9efdecf6735f87d398acc56604e66df26e62f1a2f1e96fafd7791aa3bcc6,2022,Zhuhai,PRD,Tidal_Flat,7.47311459117648,spatial_unit,observed raw wetland area from authoritative panel
coastal-wetland-evidence-contract,1.0.0,a4cf9efdecf6735f87d398acc56604e66df26e62f1a2f1e96fafd7791aa3bcc6,2001,Hangzhou,YRD,Tidal_Flat,0.0,spatial_unit,observed raw wetland area from authoritative panel
coastal-wetland-evidence-contract,1.0.0,a4cf9efdecf6735f87d398acc56604e66df26e62f1a2f1e96fafd7791aa3bcc6,2002,Hangzhou,YRD,Tidal_Flat,0.0,spatial_unit,observed raw wetland area from authoritative panel
coastal-wetland-evidence-contract,1.0.0,a4cf9efdecf6735f87d398acc56604e66df26e62f1a2f1e96fafd7791aa3bcc6,2003,Hangzhou,YRD,Tidal_Flat,0.0,spatial_unit,observed raw wetland area from authoritative panel
coastal-wetland-evidence-contract,1.0.0,a4cf9efdecf6735f87d398acc56604e66df26e62f1a2f1e96fafd7791aa3bcc6,2004,Hangzhou,YRD,Tidal_Flat,0.0,spatial_unit,observed raw wetland area from authoritative panel
coastal-wetland-evidence-contract,1.0.0,a4cf9efdecf6735f87d398acc56604e66df26e62f1a2f1e96fafd7791aa3bcc6,2005,Hangzhou,YRD,Tidal_Flat,0.0,spatial_unit,observed raw wetland area from authoritative panel
coastal-wetland-evidence-contract,1.0.0,a4cf9efdecf6735f87d398acc56604e66df26e62f1a2f1e96fafd7791aa3bcc6,2006,Hangzhou,YRD,Tidal_Flat,0.0,spatial_unit,observed raw wetland area from authoritative panel
coastal-wetland-evidence-contract,1.0.0,a4cf9efdecf6735f87d398acc56604e66df26e62f1a2f1e96fafd7791aa3bcc6,2007,Hangzhou,YRD,Tidal_Flat,0.0,spatial_unit,observed raw wetland area from authoritative panel
coastal-wetland-evidence-contract,1.0.0,a4cf9efdecf6735f87d398acc56604e66df26e62f1a2f1e96fafd7791aa3bcc6,2008,Hangzhou,YRD,Tidal_Flat,0.0,spatial_unit,observed raw wetland area from authoritative panel
coastal-wetland-evidence-contract,1.0.0,a4cf9efdecf6735f87d398acc56604e66df26e62f1a2f1e96fafd7791aa3bcc6,2009,Hangzhou,YRD,Tidal_Flat,0.0,spatial_unit,observed raw wetland area from authoritative panel
coastal-wetland-evidence-contract,1.0.0,a4cf9efdecf6735f87d398acc56604e66df26e62f1a2f1e96fafd7791aa3bcc6,2010,Hangzhou,YRD,Tidal_Flat,0.0,spatial_unit,observed raw wetland area from authoritative panel
coastal-wetland-evidence-contract,1.0.0,a4cf9efdecf6735f87d398acc56604e66df26e62f1a2f1e96fafd7791aa3bcc6,2011,Hangzhou,YRD,Tidal_Flat,0.0,spatial_unit,observed raw wetland area from authoritative panel
coastal-wetland-evidence-contract,1.0.0,a4cf9efdecf6735f87d398acc56604e66df26e62f1a2f1e96fafd7791aa3bcc6,2012,Hangzhou,YRD,Tidal_Flat,0.0,spatial_unit,observed raw wetland area from authoritative panel
coastal-wetland-evidence-contract,1.0.0,a4cf9efdecf6735f87d398acc56604e66df26e62f1a2f1e96fafd7791aa3bcc6,2013,Hangzhou,YRD,Tidal_Flat,0.0,spatial_unit,observed raw wetland area from authoritative panel
coastal-wetland-evidence-contract,1.0.0,a4cf9efdecf6735f87d398acc56604e66df26e62f1a2f1e96fafd7791aa3bcc6,2014,Hangzhou,YRD,Tidal_Flat,0.0,spatial_unit,observed raw wetland area from authoritative panel
coastal-wetland-evidence-contract,1.0.0,a4cf9efdecf6735f87d398acc56604e66df26e62f1a2f1e96fafd7791aa3bcc6,2015,Hangzhou,YRD,Tidal_Flat,0.0,spatial_unit,observed raw wetland area from authoritative panel
coastal-wetland-evidence-contract,1.0.0,a4cf9efdecf6735f87d398acc56604e66df26e62f1a2f1e96fafd7791aa3bcc6,2016,Hangzhou,YRD,Tidal_Flat,0.0,spatial_unit,observed raw wetland area from authoritative panel
coastal-wetland-evidence-contract,1.0.0,a4cf9efdecf6735f87d398acc56604e66df26e62f1a2f1e96fafd7791aa3bcc6,2017,Hangzhou,YRD,Tidal_Flat,0.0,spatial_unit,observed raw wetland area from authoritative panel
coastal-wetland-evidence-contract,1.0.0,a4cf9efdecf6735f87d398acc56604e66df26e62f1a2f1e96fafd7791aa3bcc6,2018,Hangzhou,YRD,Tidal_Flat,0.0,spatial_unit,observed raw wetland area from authoritative panel
coastal-wetland-evidence-contract,1.0.0,a4cf9efdecf6735f87d398acc56604e66df26e62f1a2f1e96fafd7791aa3bcc6,2019,Hangzhou,YRD,Tidal_Flat,0.0,spatial_unit,observed raw wetland area from authoritative panel
coastal-wetland-evidence-contract,1.0.0,a4cf9efdecf6735f87d398acc56604e66df26e62f1a2f1e96fafd7791aa3bcc6,2020,Hangzhou,YRD,Tidal_Flat,0.0,spatial_unit,observed raw wetland area from authoritative panel
coastal-wetland-evidence-contract,1.0.0,a4cf9efdecf6735f87d398acc56604e66df26e62f1a2f1e96fafd7791aa3bcc6,2021,Hangzhou,YRD,Tidal_Flat,0.0,spatial_unit,observed raw wetland area from authoritative panel
coastal-wetland-evidence-contract,1.0.0,a4cf9efdecf6735f87d398acc56604e66df26e62f1a2f1e96fafd7791aa3bcc6,2022,Hangzhou,YRD,Tidal_Flat,0.0,spatial_unit,observed raw wetland area from authoritative panel
coastal-wetland-evidence-contract,1.0.0,a4cf9efdecf6735f87d398acc56604e66df26e62f1a2f1e96fafd7791aa3bcc6,2001,Jiaxing,YRD,Tidal_Flat,17.2420444462776,spatial_unit,observed raw wetland area from authoritative panel
coastal-wetland-evidence-contract,1.0.0,a4cf9efdecf6735f87d398acc56604e66df26e62f1a2f1e96fafd7791aa3bcc6,2002,Jiaxing,YRD,Tidal_Flat,16.480716337343,spatial_unit,observed raw wetland area from authoritative panel
coastal-wetland-evidence-contract,1.0.0,a4cf9efdecf6735f87d398acc56604e66df26e62f1a2f1e96fafd7791aa3bcc6,2003,Jiaxing,YRD,Tidal_Flat,16.8407085549211,spatial_unit,observed raw wetland area from authoritative panel
coastal-wetland-evidence-contract,1.0.0,a4cf9efdecf6735f87d398acc56604e66df26e62f1a2f1e96fafd7791aa3bcc6,2004,Jiaxing,YRD,Tidal_Flat,16.725743304228,spatial_unit,observed raw wetland area from authoritative panel
coastal-wetland-evidence-contract,1.0.0,a4cf9efdecf6735f87d398acc56604e66df26e62f1a2f1e96fafd7791aa3bcc6,2005,Jiaxing,YRD,Tidal_Flat,16.7193600814798,spatial_unit,observed raw wetland area from authoritative panel
coastal-wetland-evidence-contract,1.0.0,a4cf9efdecf6735f87d398acc56604e66df26e62f1a2f1e96fafd7791aa3bcc6,2006,Jiaxing,YRD,Tidal_Flat,14.5936321172028,spatial_unit,observed raw wetland area from authoritative panel
coastal-wetland-evidence-contract,1.0.0,a4cf9efdecf6735f87d398acc56604e66df26e62f1a2f1e96fafd7791aa3bcc6,2007,Jiaxing,YRD,Tidal_Flat,13.0415496518574,spatial_unit,observed raw wetland area from authoritative panel
coastal-wetland-evidence-contract,1.0.0,a4cf9efdecf6735f87d398acc56604e66df26e62f1a2f1e96fafd7791aa3bcc6,2008,Jiaxing,YRD,Tidal_Flat,12.3914568789484,spatial_unit,observed raw wetland area from authoritative panel
coastal-wetland-evidence-contract,1.0.0,a4cf9efdecf6735f87d398acc56604e66df26e62f1a2f1e96fafd7791aa3bcc6,2009,Jiaxing,YRD,Tidal_Flat,10.8077386148246,spatial_unit,observed raw wetland area from authoritative panel
coastal-wetland-evidence-contract,1.0.0,a4cf9efdecf6735f87d398acc56604e66df26e62f1a2f1e96fafd7791aa3bcc6,2010,Jiaxing,YRD,Tidal_Flat,10.7567502436083,spatial_unit,observed raw wetland area from authoritative panel
coastal-wetland-evidence-contract,1.0.0,a4cf9efdecf6735f87d398acc56604e66df26e62f1a2f1e96fafd7791aa3bcc6,2011,Jiaxing,YRD,Tidal_Flat,9.33746026447992,spatial_unit,observed raw wetland area from authoritative panel
coastal-wetland-evidence-contract,1.0.0,a4cf9efdecf6735f87d398acc56604e66df26e62f1a2f1e96fafd7791aa3bcc6,2012,Jiaxing,YRD,Tidal_Flat,10.6985106880093,spatial_unit,observed raw wetland area from authoritative panel
coastal-wetland-evidence-contract,1.0.0,a4cf9efdecf6735f87d398acc56604e66df26e62f1a2f1e96fafd7791aa3bcc6,2013,Jiaxing,YRD,Tidal_Flat,8.89445157411151,spatial_unit,observed raw wetland area from authoritative panel
coastal-wetland-evidence-contract,1.0.0,a4cf9efdecf6735f87d398acc56604e66df26e62f1a2f1e96fafd7791aa3bcc6,2014,Jiaxing,YRD,Tidal_Flat,8.68251155830269,spatial_unit,observed raw wetland area from authoritative panel
coastal-wetland-evidence-contract,1.0.0,a4cf9efdecf6735f87d398acc56604e66df26e62f1a2f1e96fafd7791aa3bcc6,2015,Jiaxing,YRD,Tidal_Flat,7.9652731850222,spatial_unit,observed raw wetland area from authoritative panel
coastal-wetland-evidence-contract,1.0.0,a4cf9efdecf6735f87d398acc56604e66df26e62f1a2f1e96fafd7791aa3bcc6,2016,Jiaxing,YRD,Tidal_Flat,7.94174855629212,spatial_unit,observed raw wetland area from authoritative panel
coastal-wetland-evidence-contract,1.0.0,a4cf9efdecf6735f87d398acc56604e66df26e62f1a2f1e96fafd7791aa3bcc6,2017,Jiaxing,YRD,Tidal_Flat,8.15531548637407,spatial_unit,observed raw wetland area from authoritative panel
coastal-wetland-evidence-contract,1.0.0,a4cf9efdecf6735f87d398acc56604e66df26e62f1a2f1e96fafd7791aa3bcc6,2018,Jiaxing,YRD,Tidal_Flat,7.58680770573682,spatial_unit,observed raw wetland area from authoritative panel
coastal-wetland-evidence-contract,1.0.0,a4cf9efdecf6735f87d398acc56604e66df26e62f1a2f1e96fafd7791aa3bcc6,2019,Jiaxing,YRD,Tidal_Flat,7.16721558157551,spatial_unit,observed raw wetland area from authoritative panel
coastal-wetland-evidence-contract,1.0.0,a4cf9efdecf6735f87d398acc56604e66df26e62f1a2f1e96fafd7791aa3bcc6,2020,Jiaxing,YRD,Tidal_Flat,8.51769087470127,spatial_unit,observed raw wetland area from authoritative panel
coastal-wetland-evidence-contract,1.0.0,a4cf9efdecf6735f87d398acc56604e66df26e62f1a2f1e96fafd7791aa3bcc6,2021,Jiaxing,YRD,Tidal_Flat,8.33137048235293,spatial_unit,observed raw wetland area from authoritative panel
coastal-wetland-evidence-contract,1.0.0,a4cf9efdecf6735f87d398acc56604e66df26e62f1a2f1e96fafd7791aa3bcc6,2022,Jiaxing,YRD,Tidal_Flat,8.50753466602711,spatial_unit,observed raw wetland area from authoritative panel
coastal-wetland-evidence-contract,1.0.0,a4cf9efdecf6735f87d398acc56604e66df26e62f1a2f1e96fafd7791aa3bcc6,2001,Lianyungang,YRD,Tidal_Flat,19.8334771947381,spatial_unit,observed raw wetland area from authoritative panel
coastal-wetland-evidence-contract,1.0.0,a4cf9efdecf6735f87d398acc56604e66df26e62f1a2f1e96fafd7791aa3bcc6,2002,Lianyungang,YRD,Tidal_Flat,19.873681408994,spatial_unit,observed raw wetland area from authoritative panel
coastal-wetland-evidence-contract,1.0.0,a4cf9efdecf6735f87d398acc56604e66df26e62f1a2f1e96fafd7791aa3bcc6,2003,Lianyungang,YRD,Tidal_Flat,20.3290681922488,spatial_unit,observed raw wetland area from authoritative panel
coastal-wetland-evidence-contract,1.0.0,a4cf9efdecf6735f87d398acc56604e66df26e62f1a2f1e96fafd7791aa3bcc6,2004,Lianyungang,YRD,Tidal_Flat,17.719008574506,spatial_unit,observed raw wetland area from authoritative panel
coastal-wetland-evidence-contract,1.0.0,a4cf9efdecf6735f87d398acc56604e66df26e62f1a2f1e96fafd7791aa3bcc6,2005,Lianyungang,YRD,Tidal_Flat,18.0212460515874,spatial_unit,observed raw wetland area from authoritative panel
coastal-wetland-evidence-contract,1.0.0,a4cf9efdecf6735f87d398acc56604e66df26e62f1a2f1e96fafd7791aa3bcc6,2006,Lianyungang,YRD,Tidal_Flat,18.5652944634593,spatial_unit,observed raw wetland area from authoritative panel
coastal-wetland-evidence-contract,1.0.0,a4cf9efdecf6735f87d398acc56604e66df26e62f1a2f1e96fafd7791aa3bcc6,2007,Lianyungang,YRD,Tidal_Flat,17.6993796182904,spatial_unit,observed raw wetland area from authoritative panel
coastal-wetland-evidence-contract,1.0.0,a4cf9efdecf6735f87d398acc56604e66df26e62f1a2f1e96fafd7791aa3bcc6,2008,Lianyungang,YRD,Tidal_Flat,17.7281374472809,spatial_unit,observed raw wetland area from authoritative panel
coastal-wetland-evidence-contract,1.0.0,a4cf9efdecf6735f87d398acc56604e66df26e62f1a2f1e96fafd7791aa3bcc6,2009,Lianyungang,YRD,Tidal_Flat,18.3550408453814,spatial_unit,observed raw wetland area from authoritative panel
coastal-wetland-evidence-contract,1.0.0,a4cf9efdecf6735f87d398acc56604e66df26e62f1a2f1e96fafd7791aa3bcc6,2010,Lianyungang,YRD,Tidal_Flat,17.5769186564166,spatial_unit,observed raw wetland area from authoritative panel
coastal-wetland-evidence-contract,1.0.0,a4cf9efdecf6735f87d398acc56604e66df26e62f1a2f1e96fafd7791aa3bcc6,2011,Lianyungang,YRD,Tidal_Flat,16.3045707229435,spatial_unit,observed raw wetland area from authoritative panel
coastal-wetland-evidence-contract,1.0.0,a4cf9efdecf6735f87d398acc56604e66df26e62f1a2f1e96fafd7791aa3bcc6,2012,Lianyungang,YRD,Tidal_Flat,17.3887017538373,spatial_unit,observed raw wetland area from authoritative panel
coastal-wetland-evidence-contract,1.0.0,a4cf9efdecf6735f87d398acc56604e66df26e62f1a2f1e96fafd7791aa3bcc6,2013,Lianyungang,YRD,Tidal_Flat,13.8534201483111,spatial_unit,observed raw wetland area from authoritative panel
coastal-wetland-evidence-contract,1.0.0,a4cf9efdecf6735f87d398acc56604e66df26e62f1a2f1e96fafd7791aa3bcc6,2014,Lianyungang,YRD,Tidal_Flat,13.4782761364315,spatial_unit,observed raw wetland area from authoritative panel
coastal-wetland-evidence-contract,1.0.0,a4cf9efdecf6735f87d398acc56604e66df26e62f1a2f1e96fafd7791aa3bcc6,2015,Lianyungang,YRD,Tidal_Flat,12.1613569650869,spatial_unit,observed raw wetland area from authoritative panel
coastal-wetland-evidence-contract,1.0.0,a4cf9efdecf6735f87d398acc56604e66df26e62f1a2f1e96fafd7791aa3bcc6,2016,Lianyungang,YRD,Tidal_Flat,12.7736354187538,spatial_unit,observed raw wetland area from authoritative panel
coastal-wetland-evidence-contract,1.0.0,a4cf9efdecf6735f87d398acc56604e66df26e62f1a2f1e96fafd7791aa3bcc6,2017,Lianyungang,YRD,Tidal_Flat,13.3025187890453,spatial_unit,observed raw wetland area from authoritative panel
coastal-wetland-evidence-contract,1.0.0,a4cf9efdecf6735f87d398acc56604e66df26e62f1a2f1e96fafd7791aa3bcc6,2018,Lianyungang,YRD,Tidal_Flat,12.7113268077799,spatial_unit,observed raw wetland area from authoritative panel
coastal-wetland-evidence-contract,1.0.0,a4cf9efdecf6735f87d398acc56604e66df26e62f1a2f1e96fafd7791aa3bcc6,2019,Lianyungang,YRD,Tidal_Flat,13.4218957078278,spatial_unit,observed raw wetland area from authoritative panel
coastal-wetland-evidence-contract,1.0.0,a4cf9efdecf6735f87d398acc56604e66df26e62f1a2f1e96fafd7791aa3bcc6,2020,Lianyungang,YRD,Tidal_Flat,14.1510130673024,spatial_unit,observed raw wetland area from authoritative panel
coastal-wetland-evidence-contract,1.0.0,a4cf9efdecf6735f87d398acc56604e66df26e62f1a2f1e96fafd7791aa3bcc6,2021,Lianyungang,YRD,Tidal_Flat,14.5516697969076,spatial_unit,observed raw wetland area from authoritative panel
coastal-wetland-evidence-contract,1.0.0,a4cf9efdecf6735f87d398acc56604e66df26e62f1a2f1e96fafd7791aa3bcc6,2022,Lianyungang,YRD,Tidal_Flat,13.0101044837623,spatial_unit,observed raw wetland area from authoritative panel
coastal-wetland-evidence-contract,1.0.0,a4cf9efdecf6735f87d398acc56604e66df26e62f1a2f1e96fafd7791aa3bcc6,2001,Nantong,YRD,Tidal_Flat,11.5082453763902,spatial_unit,observed raw wetland area from authoritative panel
coastal-wetland-evidence-contract,1.0.0,a4cf9efdecf6735f87d398acc56604e66df26e62f1a2f1e96fafd7791aa3bcc6,2002,Nantong,YRD,Tidal_Flat,11.0836795574372,spatial_unit,observed raw wetland area from authoritative panel
coastal-wetland-evidence-contract,1.0.0,a4cf9efdecf6735f87d398acc56604e66df26e62f1a2f1e96fafd7791aa3bcc6,2003,Nantong,YRD,Tidal_Flat,11.2507696098537,spatial_unit,observed raw wetland area from authoritative panel
coastal-wetland-evidence-contract,1.0.0,a4cf9efdecf6735f87d398acc56604e66df26e62f1a2f1e96fafd7791aa3bcc6,2004,Nantong,YRD,Tidal_Flat,11.3664896635838,spatial_unit,observed raw wetland area from authoritative panel
coastal-wetland-evidence-contract,1.0.0,a4cf9efdecf6735f87d398acc56604e66df26e62f1a2f1e96fafd7791aa3bcc6,2005,Nantong,YRD,Tidal_Flat,11.3064980116345,spatial_unit,observed raw wetland area from authoritative panel
coastal-wetland-evidence-contract,1.0.0,a4cf9efdecf6735f87d398acc56604e66df26e62f1a2f1e96fafd7791aa3bcc6,2006,Nantong,YRD,Tidal_Flat,11.3348476995826,spatial_unit,observed raw wetland area from authoritative panel
coastal-wetland-evidence-contract,1.0.0,a4cf9efdecf6735f87d398acc56604e66df26e62f1a2f1e96fafd7791aa3bcc6,2007,Nantong,YRD,Tidal_Flat,11.1624493197878,spatial_unit,observed raw wetland area from authoritative panel
coastal-wetland-evidence-contract,1.0.0,a4cf9efdecf6735f87d398acc56604e66df26e62f1a2f1e96fafd7791aa3bcc6,2008,Nantong,YRD,Tidal_Flat,11.3645041268076,spatial_unit,observed raw wetland area from authoritative panel
coastal-wetland-evidence-contract,1.0.0,a4cf9efdecf6735f87d398acc56604e66df26e62f1a2f1e96fafd7791aa3bcc6,2009,Nantong,YRD,Tidal_Flat,11.2815906550398,spatial_unit,observed raw wetland area from authoritative panel
coastal-wetland-evidence-contract,1.0.0,a4cf9efdecf6735f87d398acc56604e66df26e62f1a2f1e96fafd7791aa3bcc6,2010,Nantong,YRD,Tidal_Flat,11.4290913082299,spatial_unit,observed raw wetland area from authoritative panel
coastal-wetland-evidence-contract,1.0.0,a4cf9efdecf6735f87d398acc56604e66df26e62f1a2f1e96fafd7791aa3bcc6,2011,Nantong,YRD,Tidal_Flat,11.2627098528454,spatial_unit,observed raw wetland area from authoritative panel
coastal-wetland-evidence-contract,1.0.0,a4cf9efdecf6735f87d398acc56604e66df26e62f1a2f1e96fafd7791aa3bcc6,2012,Nantong,YRD,Tidal_Flat,11.0176459690947,spatial_unit,observed raw wetland area from authoritative panel
coastal-wetland-evidence-contract,1.0.0,a4cf9efdecf6735f87d398acc56604e66df26e62f1a2f1e96fafd7791aa3bcc6,2013,Nantong,YRD,Tidal_Flat,10.2708041301164,spatial_unit,observed raw wetland area from authoritative panel
coastal-wetland-evidence-contract,1.0.0,a4cf9efdecf6735f87d398acc56604e66df26e62f1a2f1e96fafd7791aa3bcc6,2014,Nantong,YRD,Tidal_Flat,9.0672264232039,spatial_unit,observed raw wetland area from authoritative panel
coastal-wetland-evidence-contract,1.0.0,a4cf9efdecf6735f87d398acc56604e66df26e62f1a2f1e96fafd7791aa3bcc6,2015,Nantong,YRD,Tidal_Flat,9.24164992087546,spatial_unit,observed raw wetland area from authoritative panel
coastal-wetland-evidence-contract,1.0.0,a4cf9efdecf6735f87d398acc56604e66df26e62f1a2f1e96fafd7791aa3bcc6,2016,Nantong,YRD,Tidal_Flat,8.83436866039369,spatial_unit,observed raw wetland area from authoritative panel
coastal-wetland-evidence-contract,1.0.0,a4cf9efdecf6735f87d398acc56604e66df26e62f1a2f1e96fafd7791aa3bcc6,2017,Nantong,YRD,Tidal_Flat,7.1183297544156,spatial_unit,observed raw wetland area from authoritative panel
coastal-wetland-evidence-contract,1.0.0,a4cf9efdecf6735f87d398acc56604e66df26e62f1a2f1e96fafd7791aa3bcc6,2018,Nantong,YRD,Tidal_Flat,6.42219814665288,spatial_unit,observed raw wetland area from authoritative panel
coastal-wetland-evidence-contract,1.0.0,a4cf9efdecf6735f87d398acc56604e66df26e62f1a2f1e96fafd7791aa3bcc6,2019,Nantong,YRD,Tidal_Flat,6.51745915103401,spatial_unit,observed raw wetland area from authoritative panel
coastal-wetland-evidence-contract,1.0.0,a4cf9efdecf6735f87d398acc56604e66df26e62f1a2f1e96fafd7791aa3bcc6,2020,Nantong,YRD,Tidal_Flat,6.86551678378141,spatial_unit,observed raw wetland area from authoritative panel
coastal-wetland-evidence-contract,1.0.0,a4cf9efdecf6735f87d398acc56604e66df26e62f1a2f1e96fafd7791aa3bcc6,2021,Nantong,YRD,Tidal_Flat,6.75284923626302,spatial_unit,observed raw wetland area from authoritative panel
coastal-wetland-evidence-contract,1.0.0,a4cf9efdecf6735f87d398acc56604e66df26e62f1a2f1e96fafd7791aa3bcc6,2022,Nantong,YRD,Tidal_Flat,5.97231450778952,spatial_unit,observed raw wetland area from authoritative panel
coastal-wetland-evidence-contract,1.0.0,a4cf9efdecf6735f87d398acc56604e66df26e62f1a2f1e96fafd7791aa3bcc6,2001,Ningbo,YRD,Tidal_Flat,33.63222668912,spatial_unit,observed raw wetland area from authoritative panel
coastal-wetland-evidence-contract,1.0.0,a4cf9efdecf6735f87d398acc56604e66df26e62f1a2f1e96fafd7791aa3bcc6,2002,Ningbo,YRD,Tidal_Flat,34.9167175041896,spatial_unit,observed raw wetland area from authoritative panel
coastal-wetland-evidence-contract,1.0.0,a4cf9efdecf6735f87d398acc56604e66df26e62f1a2f1e96fafd7791aa3bcc6,2003,Ningbo,YRD,Tidal_Flat,32.819909271672,spatial_unit,observed raw wetland area from authoritative panel
coastal-wetland-evidence-contract,1.0.0,a4cf9efdecf6735f87d398acc56604e66df26e62f1a2f1e96fafd7791aa3bcc6,2004,Ningbo,YRD,Tidal_Flat,32.5472292872549,spatial_unit,observed raw wetland area from authoritative panel
coastal-wetland-evidence-contract,1.0.0,a4cf9efdecf6735f87d398acc56604e66df26e62f1a2f1e96fafd7791aa3bcc6,2005,Ningbo,YRD,Tidal_Flat,33.3131823849265,spatial_unit,observed raw wetland area from authoritative panel
coastal-wetland-evidence-contract,1.0.0,a4cf9efdecf6735f87d398acc56604e66df26e62f1a2f1e96fafd7791aa3bcc6,2006,Ningbo,YRD,Tidal_Flat,32.2219122637906,spatial_unit,observed raw wetland area from authoritative panel
coastal-wetland-evidence-contract,1.0.0,a4cf9efdecf6735f87d398acc56604e66df26e62f1a2f1e96fafd7791aa3bcc6,2007,Ningbo,YRD,Tidal_Flat,32.6313925474456,spatial_unit,observed raw wetland area from authoritative panel
coastal-wetland-evidence-contract,1.0.0,a4cf9efdecf6735f87d398acc56604e66df26e62f1a2f1e96fafd7791aa3bcc6,2008,Ningbo,YRD,Tidal_Flat,32.2699144865579,spatial_unit,observed raw wetland area from authoritative panel
coastal-wetland-evidence-contract,1.0.0,a4cf9efdecf6735f87d398acc56604e66df26e62f1a2f1e96fafd7791aa3bcc6,2009,Ningbo,YRD,Tidal_Flat,32.8791777859605,spatial_unit,observed raw wetland area from authoritative panel
coastal-wetland-evidence-contract,1.0.0,a4cf9efdecf6735f87d398acc56604e66df26e62f1a2f1e96fafd7791aa3bcc6,2010,Ningbo,YRD,Tidal_Flat,31.3071167640931,spatial_unit,observed raw wetland area from authoritative panel
coastal-wetland-evidence-contract,1.0.0,a4cf9efdecf6735f87d398acc56604e66df26e62f1a2f1e96fafd7791aa3bcc6,2011,Ningbo,YRD,Tidal_Flat,29.4974147669845,spatial_unit,observed raw wetland area from authoritative panel
coastal-wetland-evidence-contract,1.0.0,a4cf9efdecf6735f87d398acc56604e66df26e62f1a2f1e96fafd7791aa3bcc6,2012,Ningbo,YRD,Tidal_Flat,31.0616680639744,spatial_unit,observed raw wetland area from authoritative panel
coastal-wetland-evidence-contract,1.0.0,a4cf9efdecf6735f87d398acc56604e66df26e62f1a2f1e96fafd7791aa3bcc6,2013,Ningbo,YRD,Tidal_Flat,31.4662322936925,spatial_unit,observed raw wetland area from authoritative panel
coastal-wetland-evidence-contract,1.0.0,a4cf9efdecf6735f87d398acc56604e66df26e62f1a2f1e96fafd7791aa3bcc6,2014,Ningbo,YRD,Tidal_Flat,31.1696041975222,spatial_unit,observed raw wetland area from authoritative panel
coastal-wetland-evidence-contract,1.0.0,a4cf9efdecf6735f87d398acc56604e66df26e62f1a2f1e96fafd7791aa3bcc6,2015,Ningbo,YRD,Tidal_Flat,31.7447323247549,spatial_unit,observed raw wetland area from authoritative panel
coastal-wetland-evidence-contract,1.0.0,a4cf9efdecf6735f87d398acc56604e66df26e62f1a2f1e96fafd7791aa3bcc6,2016,Ningbo,YRD,Tidal_Flat,29.0382969434475,spatial_unit,observed raw wetland area from authoritative panel
coastal-wetland-evidence-contract,1.0.0,a4cf9efdecf6735f87d398acc56604e66df26e62f1a2f1e96fafd7791aa3bcc6,2017,Ningbo,YRD,Tidal_Flat,27.991960135049,spatial_unit,observed raw wetland area from authoritative panel
coastal-wetland-evidence-contract,1.0.0,a4cf9efdecf6735f87d398acc56604e66df26e62f1a2f1e96fafd7791aa3bcc6,2018,Ningbo,YRD,Tidal_Flat,25.8763521690985,spatial_unit,observed raw wetland area from authoritative panel
coastal-wetland-evidence-contract,1.0.0,a4cf9efdecf6735f87d398acc56604e66df26e62f1a2f1e96fafd7791aa3bcc6,2019,Ningbo,YRD,Tidal_Flat,25.5285173178768,spatial_unit,observed raw wetland area from authoritative panel
coastal-wetland-evidence-contract,1.0.0,a4cf9efdecf6735f87d398acc56604e66df26e62f1a2f1e96fafd7791aa3bcc6,2020,Ningbo,YRD,Tidal_Flat,24.544146986692,spatial_unit,observed raw wetland area from authoritative panel
coastal-wetland-evidence-contract,1.0.0,a4cf9efdecf6735f87d398acc56604e66df26e62f1a2f1e96fafd7791aa3bcc6,2021,Ningbo,YRD,Tidal_Flat,24.7092866182521,spatial_unit,observed raw wetland area from authoritative panel
coastal-wetland-evidence-contract,1.0.0,a4cf9efdecf6735f87d398acc56604e66df26e62f1a2f1e96fafd7791aa3bcc6,2022,Ningbo,YRD,Tidal_Flat,23.1289115201402,spatial_unit,observed raw wetland area from authoritative panel
coastal-wetland-evidence-contract,1.0.0,a4cf9efdecf6735f87d398acc56604e66df26e62f1a2f1e96fafd7791aa3bcc6,2001,Shanghai_Shi,YRD,Tidal_Flat,11.5745034404872,spatial_unit,observed raw wetland area from authoritative panel
coastal-wetland-evidence-contract,1.0.0,a4cf9efdecf6735f87d398acc56604e66df26e62f1a2f1e96fafd7791aa3bcc6,2002,Shanghai_Shi,YRD,Tidal_Flat,10.6260261321959,spatial_unit,observed raw wetland area from authoritative panel
coastal-wetland-evidence-contract,1.0.0,a4cf9efdecf6735f87d398acc56604e66df26e62f1a2f1e96fafd7791aa3bcc6,2003,Shanghai_Shi,YRD,Tidal_Flat,9.35559101117878,spatial_unit,observed raw wetland area from authoritative panel
coastal-wetland-evidence-contract,1.0.0,a4cf9efdecf6735f87d398acc56604e66df26e62f1a2f1e96fafd7791aa3bcc6,2004,Shanghai_Shi,YRD,Tidal_Flat,8.13828786125154,spatial_unit,observed raw wetland area from authoritative panel
coastal-wetland-evidence-contract,1.0.0,a4cf9efdecf6735f87d398acc56604e66df26e62f1a2f1e96fafd7791aa3bcc6,2005,Shanghai_Shi,YRD,Tidal_Flat,8.35112659668737,spatial_unit,observed raw wetland area from authoritative panel
coastal-wetland-evidence-contract,1.0.0,a4cf9efdecf6735f87d398acc56604e66df26e62f1a2f1e96fafd7791aa3bcc6,2006,Shanghai_Shi,YRD,Tidal_Flat,9.11470223535923,spatial_unit,observed raw wetland area from authoritative panel
coastal-wetland-evidence-contract,1.0.0,a4cf9efdecf6735f87d398acc56604e66df26e62f1a2f1e96fafd7791aa3bcc6,2007,Shanghai_Shi,YRD,Tidal_Flat,8.67509760592066,spatial_unit,observed raw wetland area from authoritative panel
coastal-wetland-evidence-contract,1.0.0,a4cf9efdecf6735f87d398acc56604e66df26e62f1a2f1e96fafd7791aa3bcc6,2008,Shanghai_Shi,YRD,Tidal_Flat,9.27985294520527,spatial_unit,observed raw wetland area from authoritative panel
coastal-wetland-evidence-contract,1.0.0,a4cf9efdecf6735f87d398acc56604e66df26e62f1a2f1e96fafd7791aa3bcc6,2009,Shanghai_Shi,YRD,Tidal_Flat,8.3865480678462,spatial_unit,observed raw wetland area from authoritative panel
coastal-wetland-evidence-contract,1.0.0,a4cf9efdecf6735f87d398acc56604e66df26e62f1a2f1e96fafd7791aa3bcc6,2010,Shanghai_Shi,YRD,Tidal_Flat,7.97570280607,spatial_unit,observed raw wetland area from authoritative panel
coastal-wetland-evidence-contract,1.0.0,a4cf9efdecf6735f87d398acc56604e66df26e62f1a2f1e96fafd7791aa3bcc6,2011,Shanghai_Shi,YRD,Tidal_Flat,7.58887774991575,spatial_unit,observed raw wetland area from authoritative panel
coastal-wetland-evidence-contract,1.0.0,a4cf9efdecf6735f87d398acc56604e66df26e62f1a2f1e96fafd7791aa3bcc6,2012,Shanghai_Shi,YRD,Tidal_Flat,7.08013040648361,spatial_unit,observed raw wetland area from authoritative panel
coastal-wetland-evidence-contract,1.0.0,a4cf9efdecf6735f87d398acc56604e66df26e62f1a2f1e96fafd7791aa3bcc6,2013,Shanghai_Shi,YRD,Tidal_Flat,6.72814832163374,spatial_unit,observed raw wetland area from authoritative panel
coastal-wetland-evidence-contract,1.0.0,a4cf9efdecf6735f87d398acc56604e66df26e62f1a2f1e96fafd7791aa3bcc6,2014,Shanghai_Shi,YRD,Tidal_Flat,6.63240876984146,spatial_unit,observed raw wetland area from authoritative panel
coastal-wetland-evidence-contract,1.0.0,a4cf9efdecf6735f87d398acc56604e66df26e62f1a2f1e96fafd7791aa3bcc6,2015,Shanghai_Shi,YRD,Tidal_Flat,7.24085631113281,spatial_unit,observed raw wetland area from authoritative panel
coastal-wetland-evidence-contract,1.0.0,a4cf9efdecf6735f87d398acc56604e66df26e62f1a2f1e96fafd7791aa3bcc6,2016,Shanghai_Shi,YRD,Tidal_Flat,7.32833081407782,spatial_unit,observed raw wetland area from authoritative panel
coastal-wetland-evidence-contract,1.0.0,a4cf9efdecf6735f87d398acc56604e66df26e62f1a2f1e96fafd7791aa3bcc6,2017,Shanghai_Shi,YRD,Tidal_Flat,6.70076608664982,spatial_unit,observed raw wetland area from authoritative panel
coastal-wetland-evidence-contract,1.0.0,a4cf9efdecf6735f87d398acc56604e66df26e62f1a2f1e96fafd7791aa3bcc6,2018,Shanghai_Shi,YRD,Tidal_Flat,7.50927480891544,spatial_unit,observed raw wetland area from authoritative panel
coastal-wetland-evidence-contract,1.0.0,a4cf9efdecf6735f87d398acc56604e66df26e62f1a2f1e96fafd7791aa3bcc6,2019,Shanghai_Shi,YRD,Tidal_Flat,7.02163473529028,spatial_unit,observed raw wetland area from authoritative panel
coastal-wetland-evidence-contract,1.0.0,a4cf9efdecf6735f87d398acc56604e66df26e62f1a2f1e96fafd7791aa3bcc6,2020,Shanghai_Shi,YRD,Tidal_Flat,6.8513518479473,spatial_unit,observed raw wetland area from authoritative panel
coastal-wetland-evidence-contract,1.0.0,a4cf9efdecf6735f87d398acc56604e66df26e62f1a2f1e96fafd7791aa3bcc6,2021,Shanghai_Shi,YRD,Tidal_Flat,6.77497444177007,spatial_unit,observed raw wetland area from authoritative panel
coastal-wetland-evidence-contract,1.0.0,a4cf9efdecf6735f87d398acc56604e66df26e62f1a2f1e96fafd7791aa3bcc6,2022,Shanghai_Shi,YRD,Tidal_Flat,7.266020546695,spatial_unit,observed raw wetland area from authoritative panel
coastal-wetland-evidence-contract,1.0.0,a4cf9efdecf6735f87d398acc56604e66df26e62f1a2f1e96fafd7791aa3bcc6,2001,Shaoxing,YRD,Tidal_Flat,0.0,spatial_unit,observed raw wetland area from authoritative panel
coastal-wetland-evidence-contract,1.0.0,a4cf9efdecf6735f87d398acc56604e66df26e62f1a2f1e96fafd7791aa3bcc6,2002,Shaoxing,YRD,Tidal_Flat,0.0,spatial_unit,observed raw wetland area from authoritative panel
coastal-wetland-evidence-contract,1.0.0,a4cf9efdecf6735f87d398acc56604e66df26e62f1a2f1e96fafd7791aa3bcc6,2003,Shaoxing,YRD,Tidal_Flat,0.0,spatial_unit,observed raw wetland area from authoritative panel
coastal-wetland-evidence-contract,1.0.0,a4cf9efdecf6735f87d398acc56604e66df26e62f1a2f1e96fafd7791aa3bcc6,2004,Shaoxing,YRD,Tidal_Flat,0.0,spatial_unit,observed raw wetland area from authoritative panel
coastal-wetland-evidence-contract,1.0.0,a4cf9efdecf6735f87d398acc56604e66df26e62f1a2f1e96fafd7791aa3bcc6,2005,Shaoxing,YRD,Tidal_Flat,0.0,spatial_unit,observed raw wetland area from authoritative panel
coastal-wetland-evidence-contract,1.0.0,a4cf9efdecf6735f87d398acc56604e66df26e62f1a2f1e96fafd7791aa3bcc6,2006,Shaoxing,YRD,Tidal_Flat,0.0,spatial_unit,observed raw wetland area from authoritative panel
coastal-wetland-evidence-contract,1.0.0,a4cf9efdecf6735f87d398acc56604e66df26e62f1a2f1e96fafd7791aa3bcc6,2007,Shaoxing,YRD,Tidal_Flat,0.0,spatial_unit,observed raw wetland area from authoritative panel
coastal-wetland-evidence-contract,1.0.0,a4cf9efdecf6735f87d398acc56604e66df26e62f1a2f1e96fafd7791aa3bcc6,2008,Shaoxing,YRD,Tidal_Flat,0.0,spatial_unit,observed raw wetland area from authoritative panel
coastal-wetland-evidence-contract,1.0.0,a4cf9efdecf6735f87d398acc56604e66df26e62f1a2f1e96fafd7791aa3bcc6,2009,Shaoxing,YRD,Tidal_Flat,0.0,spatial_unit,observed raw wetland area from authoritative panel
coastal-wetland-evidence-contract,1.0.0,a4cf9efdecf6735f87d398acc56604e66df26e62f1a2f1e96fafd7791aa3bcc6,2010,Shaoxing,YRD,Tidal_Flat,0.0,spatial_unit,observed raw wetland area from authoritative panel
coastal-wetland-evidence-contract,1.0.0,a4cf9efdecf6735f87d398acc56604e66df26e62f1a2f1e96fafd7791aa3bcc6,2011,Shaoxing,YRD,Tidal_Flat,0.0,spatial_unit,observed raw wetland area from authoritative panel
coastal-wetland-evidence-contract,1.0.0,a4cf9efdecf6735f87d398acc56604e66df26e62f1a2f1e96fafd7791aa3bcc6,2012,Shaoxing,YRD,Tidal_Flat,0.0,spatial_unit,observed raw wetland area from authoritative panel
coastal-wetland-evidence-contract,1.0.0,a4cf9efdecf6735f87d398acc56604e66df26e62f1a2f1e96fafd7791aa3bcc6,2013,Shaoxing,YRD,Tidal_Flat,0.0,spatial_unit,observed raw wetland area from authoritative panel
coastal-wetland-evidence-contract,1.0.0,a4cf9efdecf6735f87d398acc56604e66df26e62f1a2f1e96fafd7791aa3bcc6,2014,Shaoxing,YRD,Tidal_Flat,0.0,spatial_unit,observed raw wetland area from authoritative panel
coastal-wetland-evidence-contract,1.0.0,a4cf9efdecf6735f87d398acc56604e66df26e62f1a2f1e96fafd7791aa3bcc6,2015,Shaoxing,YRD,Tidal_Flat,0.0,spatial_unit,observed raw wetland area from authoritative panel
coastal-wetland-evidence-contract,1.0.0,a4cf9efdecf6735f87d398acc56604e66df26e62f1a2f1e96fafd7791aa3bcc6,2016,Shaoxing,YRD,Tidal_Flat,0.0,spatial_unit,observed raw wetland area from authoritative panel
coastal-wetland-evidence-contract,1.0.0,a4cf9efdecf6735f87d398acc56604e66df26e62f1a2f1e96fafd7791aa3bcc6,2017,Shaoxing,YRD,Tidal_Flat,0.0,spatial_unit,observed raw wetland area from authoritative panel
coastal-wetland-evidence-contract,1.0.0,a4cf9efdecf6735f87d398acc56604e66df26e62f1a2f1e96fafd7791aa3bcc6,2018,Shaoxing,YRD,Tidal_Flat,0.0,spatial_unit,observed raw wetland area from authoritative panel
coastal-wetland-evidence-contract,1.0.0,a4cf9efdecf6735f87d398acc56604e66df26e62f1a2f1e96fafd7791aa3bcc6,2019,Shaoxing,YRD,Tidal_Flat,0.0,spatial_unit,observed raw wetland area from authoritative panel
coastal-wetland-evidence-contract,1.0.0,a4cf9efdecf6735f87d398acc56604e66df26e62f1a2f1e96fafd7791aa3bcc6,2020,Shaoxing,YRD,Tidal_Flat,0.0,spatial_unit,observed raw wetland area from authoritative panel
coastal-wetland-evidence-contract,1.0.0,a4cf9efdecf6735f87d398acc56604e66df26e62f1a2f1e96fafd7791aa3bcc6,2021,Shaoxing,YRD,Tidal_Flat,0.0,spatial_unit,observed raw wetland area from authoritative panel
coastal-wetland-evidence-contract,1.0.0,a4cf9efdecf6735f87d398acc56604e66df26e62f1a2f1e96fafd7791aa3bcc6,2022,Shaoxing,YRD,Tidal_Flat,0.0,spatial_unit,observed raw wetland area from authoritative panel
coastal-wetland-evidence-contract,1.0.0,a4cf9efdecf6735f87d398acc56604e66df26e62f1a2f1e96fafd7791aa3bcc6,2001,Taizhou,YRD,Tidal_Flat,21.7897425697074,spatial_unit,observed raw wetland area from authoritative panel
coastal-wetland-evidence-contract,1.0.0,a4cf9efdecf6735f87d398acc56604e66df26e62f1a2f1e96fafd7791aa3bcc6,2002,Taizhou,YRD,Tidal_Flat,24.2834263342142,spatial_unit,observed raw wetland area from authoritative panel
coastal-wetland-evidence-contract,1.0.0,a4cf9efdecf6735f87d398acc56604e66df26e62f1a2f1e96fafd7791aa3bcc6,2003,Taizhou,YRD,Tidal_Flat,22.6842778348882,spatial_unit,observed raw wetland area from authoritative panel
coastal-wetland-evidence-contract,1.0.0,a4cf9efdecf6735f87d398acc56604e66df26e62f1a2f1e96fafd7791aa3bcc6,2004,Taizhou,YRD,Tidal_Flat,22.2207145401655,spatial_unit,observed raw wetland area from authoritative panel
coastal-wetland-evidence-contract,1.0.0,a4cf9efdecf6735f87d398acc56604e66df26e62f1a2f1e96fafd7791aa3bcc6,2005,Taizhou,YRD,Tidal_Flat,21.4859489140893,spatial_unit,observed raw wetland area from authoritative panel
coastal-wetland-evidence-contract,1.0.0,a4cf9efdecf6735f87d398acc56604e66df26e62f1a2f1e96fafd7791aa3bcc6,2006,Taizhou,YRD,Tidal_Flat,21.4304813671837,spatial_unit,observed raw wetland area from authoritative panel
coastal-wetland-evidence-contract,1.0.0,a4cf9efdecf6735f87d398acc56604e66df26e62f1a2f1e96fafd7791aa3bcc6,2007,Taizhou,YRD,Tidal_Flat,22.3290396196883,spatial_unit,observed raw wetland area from authoritative panel
coastal-wetland-evidence-contract,1.0.0,a4cf9efdecf6735f87d398acc56604e66df26e62f1a2f1e96fafd7791aa3bcc6,2008,Taizhou,YRD,Tidal_Flat,22.0863536310739,spatial_unit,observed raw wetland area from authoritative panel
coastal-wetland-evidence-contract,1.0.0,a4cf9efdecf6735f87d398acc56604e66df26e62f1a2f1e96fafd7791aa3bcc6,2009,Taizhou,YRD,Tidal_Flat,22.4826880370481,spatial_unit,observed raw wetland area from authoritative panel
coastal-wetland-evidence-contract,1.0.0,a4cf9efdecf6735f87d398acc56604e66df26e62f1a2f1e96fafd7791aa3bcc6,2010,Taizhou,YRD,Tidal_Flat,20.6673889924364,spatial_unit,observed raw wetland area from authoritative panel
coastal-wetland-evidence-contract,1.0.0,a4cf9efdecf6735f87d398acc56604e66df26e62f1a2f1e96fafd7791aa3bcc6,2011,Taizhou,YRD,Tidal_Flat,18.8405266115464,spatial_unit,observed raw wetland area from authoritative panel
coastal-wetland-evidence-contract,1.0.0,a4cf9efdecf6735f87d398acc56604e66df26e62f1a2f1e96fafd7791aa3bcc6,2012,Taizhou,YRD,Tidal_Flat,21.4011882560777,spatial_unit,observed raw wetland area from authoritative panel
coastal-wetland-evidence-contract,1.0.0,a4cf9efdecf6735f87d398acc56604e66df26e62f1a2f1e96fafd7791aa3bcc6,2013,Taizhou,YRD,Tidal_Flat,22.2509529187117,spatial_unit,observed raw wetland area from authoritative panel
coastal-wetland-evidence-contract,1.0.0,a4cf9efdecf6735f87d398acc56604e66df26e62f1a2f1e96fafd7791aa3bcc6,2014,Taizhou,YRD,Tidal_Flat,21.1203571998851,spatial_unit,observed raw wetland area from authoritative panel
coastal-wetland-evidence-contract,1.0.0,a4cf9efdecf6735f87d398acc56604e66df26e62f1a2f1e96fafd7791aa3bcc6,2015,Taizhou,YRD,Tidal_Flat,22.1942687984643,spatial_unit,observed raw wetland area from authoritative panel
coastal-wetland-evidence-contract,1.0.0,a4cf9efdecf6735f87d398acc56604e66df26e62f1a2f1e96fafd7791aa3bcc6,2016,Taizhou,YRD,Tidal_Flat,19.9936182801585,spatial_unit,observed raw wetland area from authoritative panel
coastal-wetland-evidence-contract,1.0.0,a4cf9efdecf6735f87d398acc56604e66df26e62f1a2f1e96fafd7791aa3bcc6,2017,Taizhou,YRD,Tidal_Flat,19.7521434788718,spatial_unit,observed raw wetland area from authoritative panel
coastal-wetland-evidence-contract,1.0.0,a4cf9efdecf6735f87d398acc56604e66df26e62f1a2f1e96fafd7791aa3bcc6,2018,Taizhou,YRD,Tidal_Flat,18.3372301656748,spatial_unit,observed raw wetland area from authoritative panel
coastal-wetland-evidence-contract,1.0.0,a4cf9efdecf6735f87d398acc56604e66df26e62f1a2f1e96fafd7791aa3bcc6,2019,Taizhou,YRD,Tidal_Flat,17.6544756309436,spatial_unit,observed raw wetland area from authoritative panel
coastal-wetland-evidence-contract,1.0.0,a4cf9efdecf6735f87d398acc56604e66df26e62f1a2f1e96fafd7791aa3bcc6,2020,Taizhou,YRD,Tidal_Flat,17.8927573615234,spatial_unit,observed raw wetland area from authoritative panel
coastal-wetland-evidence-contract,1.0.0,a4cf9efdecf6735f87d398acc56604e66df26e62f1a2f1e96fafd7791aa3bcc6,2021,Taizhou,YRD,Tidal_Flat,18.4406197402573,spatial_unit,observed raw wetland area from authoritative panel
coastal-wetland-evidence-contract,1.0.0,a4cf9efdecf6735f87d398acc56604e66df26e62f1a2f1e96fafd7791aa3bcc6,2022,Taizhou,YRD,Tidal_Flat,16.5693287606656,spatial_unit,observed raw wetland area from authoritative panel
coastal-wetland-evidence-contract,1.0.0,a4cf9efdecf6735f87d398acc56604e66df26e62f1a2f1e96fafd7791aa3bcc6,2001,Wenzhou,YRD,Tidal_Flat,31.7736074974111,spatial_unit,observed raw wetland area from authoritative panel
coastal-wetland-evidence-contract,1.0.0,a4cf9efdecf6735f87d398acc56604e66df26e62f1a2f1e96fafd7791aa3bcc6,2002,Wenzhou,YRD,Tidal_Flat,31.2966802596929,spatial_unit,observed raw wetland area from authoritative panel
coastal-wetland-evidence-contract,1.0.0,a4cf9efdecf6735f87d398acc56604e66df26e62f1a2f1e96fafd7791aa3bcc6,2003,Wenzhou,YRD,Tidal_Flat,29.3364983535654,spatial_unit,observed raw wetland area from authoritative panel
coastal-wetland-evidence-contract,1.0.0,a4cf9efdecf6735f87d398acc56604e66df26e62f1a2f1e96fafd7791aa3bcc6,2004,Wenzhou,YRD,Tidal_Flat,29.9531786322265,spatial_unit,observed raw wetland area from authoritative panel
coastal-wetland-evidence-contract,1.0.0,a4cf9efdecf6735f87d398acc56604e66df26e62f1a2f1e96fafd7791aa3bcc6,2005,Wenzhou,YRD,Tidal_Flat,29.8576952084789,spatial_unit,observed raw wetland area from authoritative panel
coastal-wetland-evidence-contract,1.0.0,a4cf9efdecf6735f87d398acc56604e66df26e62f1a2f1e96fafd7791aa3bcc6,2006,Wenzhou,YRD,Tidal_Flat,29.4026894705499,spatial_unit,observed raw wetland area from authoritative panel
coastal-wetland-evidence-contract,1.0.0,a4cf9efdecf6735f87d398acc56604e66df26e62f1a2f1e96fafd7791aa3bcc6,2007,Wenzhou,YRD,Tidal_Flat,31.940839090265,spatial_unit,observed raw wetland area from authoritative panel
coastal-wetland-evidence-contract,1.0.0,a4cf9efdecf6735f87d398acc56604e66df26e62f1a2f1e96fafd7791aa3bcc6,2008,Wenzhou,YRD,Tidal_Flat,32.2460410301394,spatial_unit,observed raw wetland area from authoritative panel
coastal-wetland-evidence-contract,1.0.0,a4cf9efdecf6735f87d398acc56604e66df26e62f1a2f1e96fafd7791aa3bcc6,2009,Wenzhou,YRD,Tidal_Flat,32.8096761282054,spatial_unit,observed raw wetland area from authoritative panel
coastal-wetland-evidence-contract,1.0.0,a4cf9efdecf6735f87d398acc56604e66df26e62f1a2f1e96fafd7791aa3bcc6,2010,Wenzhou,YRD,Tidal_Flat,24.1885660465074,spatial_unit,observed raw wetland area from authoritative panel
coastal-wetland-evidence-contract,1.0.0,a4cf9efdecf6735f87d398acc56604e66df26e62f1a2f1e96fafd7791aa3bcc6,2011,Wenzhou,YRD,Tidal_Flat,28.3262017738052,spatial_unit,observed raw wetland area from authoritative panel
coastal-wetland-evidence-contract,1.0.0,a4cf9efdecf6735f87d398acc56604e66df26e62f1a2f1e96fafd7791aa3bcc6,2012,Wenzhou,YRD,Tidal_Flat,30.3563555157016,spatial_unit,observed raw wetland area from authoritative panel
coastal-wetland-evidence-contract,1.0.0,a4cf9efdecf6735f87d398acc56604e66df26e62f1a2f1e96fafd7791aa3bcc6,2013,Wenzhou,YRD,Tidal_Flat,33.4219011427351,spatial_unit,observed raw wetland area from authoritative panel
coastal-wetland-evidence-contract,1.0.0,a4cf9efdecf6735f87d398acc56604e66df26e62f1a2f1e96fafd7791aa3bcc6,2014,Wenzhou,YRD,Tidal_Flat,29.7023018233762,spatial_unit,observed raw wetland area from authoritative panel
coastal-wetland-evidence-contract,1.0.0,a4cf9efdecf6735f87d398acc56604e66df26e62f1a2f1e96fafd7791aa3bcc6,2015,Wenzhou,YRD,Tidal_Flat,31.2565000596737,spatial_unit,observed raw wetland area from authoritative panel
coastal-wetland-evidence-contract,1.0.0,a4cf9efdecf6735f87d398acc56604e66df26e62f1a2f1e96fafd7791aa3bcc6,2016,Wenzhou,YRD,Tidal_Flat,29.484421974954,spatial_unit,observed raw wetland area from authoritative panel
coastal-wetland-evidence-contract,1.0.0,a4cf9efdecf6735f87d398acc56604e66df26e62f1a2f1e96fafd7791aa3bcc6,2017,Wenzhou,YRD,Tidal_Flat,24.2738761921147,spatial_unit,observed raw wetland area from authoritative panel
coastal-wetland-evidence-contract,1.0.0,a4cf9efdecf6735f87d398acc56604e66df26e62f1a2f1e96fafd7791aa3bcc6,2018,Wenzhou,YRD,Tidal_Flat,28.3393910016276,spatial_unit,observed raw wetland area from authoritative panel
coastal-wetland-evidence-contract,1.0.0,a4cf9efdecf6735f87d398acc56604e66df26e62f1a2f1e96fafd7791aa3bcc6,2019,Wenzhou,YRD,Tidal_Flat,27.7261318025161,spatial_unit,observed raw wetland area from authoritative panel
coastal-wetland-evidence-contract,1.0.0,a4cf9efdecf6735f87d398acc56604e66df26e62f1a2f1e96fafd7791aa3bcc6,2020,Wenzhou,YRD,Tidal_Flat,25.6661795119332,spatial_unit,observed raw wetland area from authoritative panel
coastal-wetland-evidence-contract,1.0.0,a4cf9efdecf6735f87d398acc56604e66df26e62f1a2f1e96fafd7791aa3bcc6,2021,Wenzhou,YRD,Tidal_Flat,27.8873206812308,spatial_unit,observed raw wetland area from authoritative panel
coastal-wetland-evidence-contract,1.0.0,a4cf9efdecf6735f87d398acc56604e66df26e62f1a2f1e96fafd7791aa3bcc6,2022,Wenzhou,YRD,Tidal_Flat,24.8777644211627,spatial_unit,observed raw wetland area from authoritative panel
coastal-wetland-evidence-contract,1.0.0,a4cf9efdecf6735f87d398acc56604e66df26e62f1a2f1e96fafd7791aa3bcc6,2001,Yancheng,YRD,Tidal_Flat,43.2891438570006,spatial_unit,observed raw wetland area from authoritative panel
coastal-wetland-evidence-contract,1.0.0,a4cf9efdecf6735f87d398acc56604e66df26e62f1a2f1e96fafd7791aa3bcc6,2002,Yancheng,YRD,Tidal_Flat,43.512316742605,spatial_unit,observed raw wetland area from authoritative panel
coastal-wetland-evidence-contract,1.0.0,a4cf9efdecf6735f87d398acc56604e66df26e62f1a2f1e96fafd7791aa3bcc6,2003,Yancheng,YRD,Tidal_Flat,41.653601712297,spatial_unit,observed raw wetland area from authoritative panel
coastal-wetland-evidence-contract,1.0.0,a4cf9efdecf6735f87d398acc56604e66df26e62f1a2f1e96fafd7791aa3bcc6,2004,Yancheng,YRD,Tidal_Flat,41.7227072236979,spatial_unit,observed raw wetland area from authoritative panel
coastal-wetland-evidence-contract,1.0.0,a4cf9efdecf6735f87d398acc56604e66df26e62f1a2f1e96fafd7791aa3bcc6,2005,Yancheng,YRD,Tidal_Flat,40.7304862580269,spatial_unit,observed raw wetland area from authoritative panel
coastal-wetland-evidence-contract,1.0.0,a4cf9efdecf6735f87d398acc56604e66df26e62f1a2f1e96fafd7791aa3bcc6,2006,Yancheng,YRD,Tidal_Flat,41.6166017932023,spatial_unit,observed raw wetland area from authoritative panel
coastal-wetland-evidence-contract,1.0.0,a4cf9efdecf6735f87d398acc56604e66df26e62f1a2f1e96fafd7791aa3bcc6,2007,Yancheng,YRD,Tidal_Flat,39.9434155203124,spatial_unit,observed raw wetland area from authoritative panel
coastal-wetland-evidence-contract,1.0.0,a4cf9efdecf6735f87d398acc56604e66df26e62f1a2f1e96fafd7791aa3bcc6,2008,Yancheng,YRD,Tidal_Flat,38.1582492352786,spatial_unit,observed raw wetland area from authoritative panel
coastal-wetland-evidence-contract,1.0.0,a4cf9efdecf6735f87d398acc56604e66df26e62f1a2f1e96fafd7791aa3bcc6,2009,Yancheng,YRD,Tidal_Flat,38.7855008063418,spatial_unit,observed raw wetland area from authoritative panel
coastal-wetland-evidence-contract,1.0.0,a4cf9efdecf6735f87d398acc56604e66df26e62f1a2f1e96fafd7791aa3bcc6,2010,Yancheng,YRD,Tidal_Flat,39.9012986403224,spatial_unit,observed raw wetland area from authoritative panel
coastal-wetland-evidence-contract,1.0.0,a4cf9efdecf6735f87d398acc56604e66df26e62f1a2f1e96fafd7791aa3bcc6,2011,Yancheng,YRD,Tidal_Flat,40.5417713652534,spatial_unit,observed raw wetland area from authoritative panel
coastal-wetland-evidence-contract,1.0.0,a4cf9efdecf6735f87d398acc56604e66df26e62f1a2f1e96fafd7791aa3bcc6,2012,Yancheng,YRD,Tidal_Flat,40.3300233230009,spatial_unit,observed raw wetland area from authoritative panel
coastal-wetland-evidence-contract,1.0.0,a4cf9efdecf6735f87d398acc56604e66df26e62f1a2f1e96fafd7791aa3bcc6,2013,Yancheng,YRD,Tidal_Flat,38.4703922836893,spatial_unit,observed raw wetland area from authoritative panel
coastal-wetland-evidence-contract,1.0.0,a4cf9efdecf6735f87d398acc56604e66df26e62f1a2f1e96fafd7791aa3bcc6,2014,Yancheng,YRD,Tidal_Flat,37.6530778538678,spatial_unit,observed raw wetland area from authoritative panel
coastal-wetland-evidence-contract,1.0.0,a4cf9efdecf6735f87d398acc56604e66df26e62f1a2f1e96fafd7791aa3bcc6,2015,Yancheng,YRD,Tidal_Flat,35.9725968109873,spatial_unit,observed raw wetland area from authoritative panel
coastal-wetland-evidence-contract,1.0.0,a4cf9efdecf6735f87d398acc56604e66df26e62f1a2f1e96fafd7791aa3bcc6,2016,Yancheng,YRD,Tidal_Flat,33.7996030519454,spatial_unit,observed raw wetland area from authoritative panel
coastal-wetland-evidence-contract,1.0.0,a4cf9efdecf6735f87d398acc56604e66df26e62f1a2f1e96fafd7791aa3bcc6,2017,Yancheng,YRD,Tidal_Flat,31.4040622159045,spatial_unit,observed raw wetland area from authoritative panel
coastal-wetland-evidence-contract,1.0.0,a4cf9efdecf6735f87d398acc56604e66df26e62f1a2f1e96fafd7791aa3bcc6,2018,Yancheng,YRD,Tidal_Flat,31.766647885049,spatial_unit,observed raw wetland area from authoritative panel
coastal-wetland-evidence-contract,1.0.0,a4cf9efdecf6735f87d398acc56604e66df26e62f1a2f1e96fafd7791aa3bcc6,2019,Yancheng,YRD,Tidal_Flat,31.125467176394,spatial_unit,observed raw wetland area from authoritative panel
coastal-wetland-evidence-contract,1.0.0,a4cf9efdecf6735f87d398acc56604e66df26e62f1a2f1e96fafd7791aa3bcc6,2020,Yancheng,YRD,Tidal_Flat,31.8502464024816,spatial_unit,observed raw wetland area from authoritative panel
coastal-wetland-evidence-contract,1.0.0,a4cf9efdecf6735f87d398acc56604e66df26e62f1a2f1e96fafd7791aa3bcc6,2021,Yancheng,YRD,Tidal_Flat,32.660236970389,spatial_unit,observed raw wetland area from authoritative panel
coastal-wetland-evidence-contract,1.0.0,a4cf9efdecf6735f87d398acc56604e66df26e62f1a2f1e96fafd7791aa3bcc6,2022,Yancheng,YRD,Tidal_Flat,29.5265012211933,spatial_unit,observed raw wetland area from authoritative panel
coastal-wetland-evidence-contract,1.0.0,a4cf9efdecf6735f87d398acc56604e66df26e62f1a2f1e96fafd7791aa3bcc6,2001,Zhoushan,YRD,Tidal_Flat,27.2523548059168,spatial_unit,observed raw wetland area from authoritative panel
coastal-wetland-evidence-contract,1.0.0,a4cf9efdecf6735f87d398acc56604e66df26e62f1a2f1e96fafd7791aa3bcc6,2002,Zhoushan,YRD,Tidal_Flat,25.8558332945696,spatial_unit,observed raw wetland area from authoritative panel
coastal-wetland-evidence-contract,1.0.0,a4cf9efdecf6735f87d398acc56604e66df26e62f1a2f1e96fafd7791aa3bcc6,2003,Zhoushan,YRD,Tidal_Flat,27.4549382632813,spatial_unit,observed raw wetland area from authoritative panel
coastal-wetland-evidence-contract,1.0.0,a4cf9efdecf6735f87d398acc56604e66df26e62f1a2f1e96fafd7791aa3bcc6,2004,Zhoushan,YRD,Tidal_Flat,25.2371622522269,spatial_unit,observed raw wetland area from authoritative panel
coastal-wetland-evidence-contract,1.0.0,a4cf9efdecf6735f87d398acc56604e66df26e62f1a2f1e96fafd7791aa3bcc6,2005,Zhoushan,YRD,Tidal_Flat,28.4553715779948,spatial_unit,observed raw wetland area from authoritative panel
coastal-wetland-evidence-contract,1.0.0,a4cf9efdecf6735f87d398acc56604e66df26e62f1a2f1e96fafd7791aa3bcc6,2006,Zhoushan,YRD,Tidal_Flat,29.455888096134,spatial_unit,observed raw wetland area from authoritative panel
coastal-wetland-evidence-contract,1.0.0,a4cf9efdecf6735f87d398acc56604e66df26e62f1a2f1e96fafd7791aa3bcc6,2007,Zhoushan,YRD,Tidal_Flat,29.1965939251302,spatial_unit,observed raw wetland area from authoritative panel
coastal-wetland-evidence-contract,1.0.0,a4cf9efdecf6735f87d398acc56604e66df26e62f1a2f1e96fafd7791aa3bcc6,2008,Zhoushan,YRD,Tidal_Flat,29.4708501952838,spatial_unit,observed raw wetland area from authoritative panel
coastal-wetland-evidence-contract,1.0.0,a4cf9efdecf6735f87d398acc56604e66df26e62f1a2f1e96fafd7791aa3bcc6,2009,Zhoushan,YRD,Tidal_Flat,27.5637407116652,spatial_unit,observed raw wetland area from authoritative panel
coastal-wetland-evidence-contract,1.0.0,a4cf9efdecf6735f87d398acc56604e66df26e62f1a2f1e96fafd7791aa3bcc6,2010,Zhoushan,YRD,Tidal_Flat,30.9662802353094,spatial_unit,observed raw wetland area from authoritative panel
coastal-wetland-evidence-contract,1.0.0,a4cf9efdecf6735f87d398acc56604e66df26e62f1a2f1e96fafd7791aa3bcc6,2011,Zhoushan,YRD,Tidal_Flat,30.3045785571423,spatial_unit,observed raw wetland area from authoritative panel
coastal-wetland-evidence-contract,1.0.0,a4cf9efdecf6735f87d398acc56604e66df26e62f1a2f1e96fafd7791aa3bcc6,2012,Zhoushan,YRD,Tidal_Flat,30.5871236161726,spatial_unit,observed raw wetland area from authoritative panel
coastal-wetland-evidence-contract,1.0.0,a4cf9efdecf6735f87d398acc56604e66df26e62f1a2f1e96fafd7791aa3bcc6,2013,Zhoushan,YRD,Tidal_Flat,25.7708834368911,spatial_unit,observed raw wetland area from authoritative panel
coastal-wetland-evidence-contract,1.0.0,a4cf9efdecf6735f87d398acc56604e66df26e62f1a2f1e96fafd7791aa3bcc6,2014,Zhoushan,YRD,Tidal_Flat,29.0585482785769,spatial_unit,observed raw wetland area from authoritative panel
coastal-wetland-evidence-contract,1.0.0,a4cf9efdecf6735f87d398acc56604e66df26e62f1a2f1e96fafd7791aa3bcc6,2015,Zhoushan,YRD,Tidal_Flat,29.1335511677811,spatial_unit,observed raw wetland area from authoritative panel
coastal-wetland-evidence-contract,1.0.0,a4cf9efdecf6735f87d398acc56604e66df26e62f1a2f1e96fafd7791aa3bcc6,2016,Zhoushan,YRD,Tidal_Flat,26.951549940445,spatial_unit,observed raw wetland area from authoritative panel
coastal-wetland-evidence-contract,1.0.0,a4cf9efdecf6735f87d398acc56604e66df26e62f1a2f1e96fafd7791aa3bcc6,2017,Zhoushan,YRD,Tidal_Flat,24.2509191821442,spatial_unit,observed raw wetland area from authoritative panel
coastal-wetland-evidence-contract,1.0.0,a4cf9efdecf6735f87d398acc56604e66df26e62f1a2f1e96fafd7791aa3bcc6,2018,Zhoushan,YRD,Tidal_Flat,24.2524606212891,spatial_unit,observed raw wetland area from authoritative panel
coastal-wetland-evidence-contract,1.0.0,a4cf9efdecf6735f87d398acc56604e66df26e62f1a2f1e96fafd7791aa3bcc6,2019,Zhoushan,YRD,Tidal_Flat,24.2405145681488,spatial_unit,observed raw wetland area from authoritative panel
coastal-wetland-evidence-contract,1.0.0,a4cf9efdecf6735f87d398acc56604e66df26e62f1a2f1e96fafd7791aa3bcc6,2020,Zhoushan,YRD,Tidal_Flat,26.2185134936141,spatial_unit,observed raw wetland area from authoritative panel
coastal-wetland-evidence-contract,1.0.0,a4cf9efdecf6735f87d398acc56604e66df26e62f1a2f1e96fafd7791aa3bcc6,2021,Zhoushan,YRD,Tidal_Flat,25.1450661462699,spatial_unit,observed raw wetland area from authoritative panel
coastal-wetland-evidence-contract,1.0.0,a4cf9efdecf6735f87d398acc56604e66df26e62f1a2f1e96fafd7791aa3bcc6,2022,Zhoushan,YRD,Tidal_Flat,22.5488086173656,spatial_unit,observed raw wetland area from authoritative panel
